{
    "TTL": 300,
    "games": [
        {
            "id": "edcacdh",
            "stage_round_name": "Fecha 10",
            "winner": 2,
            "teams": [
                {
                    "name": "Argentinos Juniors",
                    "short_name": "Argentinos",
                    "url_name": "argentinos-juniors",
                    "id": "ihb",
                    "country_id": "ba",
                    "allow_open": true,
                    "colors": {
                        "color": "#EE292E",
                        "text_color": "#000000"
                    },
                    "red_cards": 1
                },
                {
                    "name": "Aldosivi",
                    "short_name": "Aldosivi",
                    "url_name": "aldosivi",
                    "id": "hccd",
                    "country_id": "ba",
                    "allow_open": true,
                    "colors": {
                        "color": "#39B54A",
                        "text_color": "#000000"
                    },
                    "red_cards": 0,
                    "goals": [
                        {
                            "player_name": "Justo Giani",
                            "player_sname": "Giani",
                            "time": 10.0,
                            "time_to_display": "10'"
                        },
                        {
                            "player_name": "Tobías Leiva",
                            "player_sname": "Leiva",
                            "time": 89.0,
                            "time_to_display": "89'"
                        }
                    ]
                }
            ],
            "url_name": "argentinos-juniors-vs-aldosivi",
            "scores": [
                0.0,
                2.0
            ],
            "status": {
                "enum": 3,
                "name": "Finalizado",
                "short_name": "Final",
                "symbol_name": "Fin"
            },
            "start_time": "14-03-2025 19:00",
            "game_time": 90.0,
            "game_time_to_display": "",
            "game_time_status_to_display": "Final"
        },
        {
            "id": "edbjhfe",
            "stage_round_name": "Fecha 10",
            "winner": -1,
            "teams": [
                {
                    "name": "Godoy Cruz",
                    "short_name": "Godoy Cruz",
                    "url_name": "godoy-cruz",
                    "id": "ihd",
                    "country_id": "ba",
                    "allow_open": true,
                    "colors": {
                        "color": "#0033CC",
                        "text_color": "#FFFFFF"
                    },
                    "red_cards": 0
                },
                {
                    "name": "San Lorenzo",
                    "short_name": "San Lorenzo",
                    "url_name": "san-lorenzo",
                    "id": "igf",
                    "country_id": "ba",
                    "allow_open": true,
                    "colors": {
                        "color": "#283B56",
                        "text_color": "#FFFFFF"
                    },
                    "red_cards": 0
                }
            ],
            "url_name": "godoy-cruz-vs-san-lorenzo",
            "scores": [
                0.0,
                0.0
            ],
            "status": {
                "enum": 3,
                "name": "Finalizado",
                "short_name": "Final",
                "symbol_name": "Fin"
            },
            "start_time": "14-03-2025 21:00",
            "game_time": 90.0,
            "game_time_to_display": "",
            "game_time_status_to_display": "Final"
        },
        {
            "id": "edbjhfb",
            "stage_round_name": "Fecha 10",
            "winner": -1,
            "teams": [
                {
                    "name": "Deportivo Riestra",
                    "short_name": "Riestra",
                    "url_name": "riestra",
                    "id": "bbjea",
                    "country_id": "ba",
                    "allow_open": true,
                    "colors": {
                        "color": "#262526",
                        "text_color": "#FFFFFF"
                    },
                    "red_cards": 0
                },
                {
                    "name": "River Plate",
                    "short_name": "River",
                    "url_name": "river-plate",
                    "id": "igi",
                    "country_id": "ba",
                    "allow_open": true,
                    "colors": {
                        "color": "#E3201C",
                        "text_color": "#FFFFFF"
                    },
                    "red_cards": 0
                }
            ],
            "url_name": "riestra-vs-river-plate",
            "scores": [
                0.0,
                0.0
            ],
            "status": {
                "enum": 3,
                "name": "Finalizado",
                "short_name": "Final",
                "symbol_name": "Fin"
            },
            "start_time": "15-03-2025 16:00",
            "game_time": 90.0,
            "game_time_to_display": "",
            "game_time_status_to_display": "Final"
        },
        {
            "id": "edbjhfa",
            "stage_round_name": "Fecha 10",
            "winner": 1,
            "teams": [
                {
                    "name": "Rosario Central",
                    "short_name": "Central",
                    "url_name": "rosario-central",
                    "id": "ihf",
                    "country_id": "ba",
                    "allow_open": true,
                    "colors": {
                        "color": "#FFDB00",
                        "text_color": "#000000"
                    },
                    "red_cards": 0,
                    "goals": [
                        {
                            "player_name": "Ignacio Malcorra",
                            "player_sname": "Malcorra",
                            "time": 33.0,
                            "time_to_display": "33'",
                            "goal_type": "Pen"
                        },
                        {
                            "player_name": "Sebastián Ferreira",
                            "player_sname": "Ferreira",
                            "time": 54.0,
                            "time_to_display": "54'"
                        }
                    ]
                },
                {
                    "name": "Gimnasia La Plata",
                    "short_name": "Gimnasia",
                    "url_name": "gimnasia-y-esgrima-la-plata",
                    "id": "iia",
                    "country_id": "ba",
                    "allow_open": true,
                    "colors": {
                        "color": "#3F3B76",
                        "text_color": "#FFFFFF"
                    },
                    "red_cards": 0,
                    "goals": [
                        {
                            "player_name": "Rodrigo Castillo",
                            "player_sname": "Castillo",
                            "time": 39.0,
                            "time_to_display": "39'"
                        }
                    ]
                }
            ],
            "url_name": "rosario-central-vs-gimnasia-y-esgrima-la-plata",
            "scores": [
                2.0,
                1.0
            ],
            "status": {
                "enum": 3,
                "name": "Finalizado",
                "short_name": "Final",
                "symbol_name": "Fin"
            },
            "start_time": "15-03-2025 18:30",
            "game_time": 90.0,
            "game_time_to_display": "",
            "game_time_status_to_display": "Final"
        },
        {
            "id": "edbjhfg",
            "stage_round_name": "Fecha 10",
            "winner": -1,
            "teams": [
                {
                    "name": "Estudiantes de La Plata",
                    "short_name": "Estudiantes",
                    "url_name": "estudiantes-de-la-plata",
                    "id": "igh",
                    "country_id": "ba",
                    "allow_open": true,
                    "colors": {
                        "color": "#E30F13",
                        "text_color": "#FFFFFF"
                    },
                    "red_cards": 2,
                    "goals": [
                        {
                            "player_name": "Tiago Palacios",
                            "player_sname": "Palacios",
                            "time": 25.0,
                            "time_to_display": "25'"
                        }
                    ]
                },
                {
                    "name": "Newell's Old Boys",
                    "short_name": "Newell's",
                    "url_name": "newell's-old-boys",
                    "id": "ihh",
                    "country_id": "ba",
                    "allow_open": true,
                    "colors": {
                        "color": "#ED1C24",
                        "text_color": "#000000"
                    },
                    "red_cards": 0,
                    "goals": [
                        {
                            "player_name": "Luciano Herrera",
                            "player_sname": "Herrera",
                            "time": 45.0,
                            "time_to_display": "45'+1"
                        }
                    ]
                }
            ],
            "url_name": "estudiantes-de-la-plata-vs-newell's-old-boys",
            "scores": [
                1.0,
                1.0
            ],
            "status": {
                "enum": 3,
                "name": "Finalizado",
                "short_name": "Final",
                "symbol_name": "Fin"
            },
            "start_time": "15-03-2025 18:30",
            "game_time": 90.0,
            "game_time_to_display": "",
            "game_time_status_to_display": "Final"
        },
        {
            "id": "edbjhej",
            "stage_round_name": "Fecha 10",
            "winner": -1,
            "teams": [
                {
                    "name": "Sarmiento Junín",
                    "short_name": "Sarmiento",
                    "url_name": "sarmiento-junin",
                    "id": "hbbh",
                    "country_id": "ba",
                    "allow_open": true,
                    "colors": {
                        "color": "#096D37",
                        "text_color": "#FFFFFF"
                    },
                    "red_cards": 0
                },
                {
                    "name": "Talleres de Córdoba",
                    "short_name": "Talleres",
                    "url_name": "talleres-cordoba",
                    "id": "jche",
                    "country_id": "ba",
                    "allow_open": true,
                    "colors": {
                        "color": "#041D47",
                        "text_color": "#FFFFFF"
                    },
                    "red_cards": 0
                }
            ],
            "url_name": "sarmiento-junin-vs-talleres-cordoba",
            "scores": [
                0.0,
                0.0
            ],
            "status": {
                "enum": 3,
                "name": "Finalizado",
                "short_name": "Final",
                "symbol_name": "Fin"
            },
            "start_time": "15-03-2025 21:00",
            "game_time": 90.0,
            "game_time_to_display": "",
            "game_time_status_to_display": "Final"
        },
        {
            "id": "edbjhga",
            "stage_round_name": "Fecha 10",
            "winner": 1,
            "teams": [
                {
                    "name": "Huracán",
                    "short_name": "Huracán",
                    "url_name": "huracan",
                    "id": "iie",
                    "country_id": "ba",
                    "allow_open": true,
                    "colors": {
                        "color": "#FF1E1E",
                        "text_color": "#000000"
                    },
                    "red_cards": 0,
                    "goals": [
                        {
                            "player_name": "Emmanuel Ojeda",
                            "player_sname": "Ojeda",
                            "time": 69.0,
                            "time_to_display": "69'"
                        },
                        {
                            "player_name": "Erik Ramírez",
                            "player_sname": "Ramírez",
                            "time": 88.0,
                            "time_to_display": "88'",
                            "goal_type": "Pen"
                        }
                    ]
                },
                {
                    "name": "Independiente Rivadavia",
                    "short_name": "Ind. Rivadavia",
                    "url_name": "independiente-rivadavia",
                    "id": "hcch",
                    "country_id": "ba",
                    "allow_open": true,
                    "colors": {
                        "color": "#262169",
                        "text_color": "#FFFFFF"
                    },
                    "red_cards": 0
                }
            ],
            "url_name": "huracan-vs-independiente-rivadavia",
            "scores": [
                2.0,
                0.0
            ],
            "status": {
                "enum": 3,
                "name": "Finalizado",
                "short_name": "Final",
                "symbol_name": "Fin"
            },
            "start_time": "15-03-2025 21:00",
            "game_time": 90.0,
            "game_time_to_display": "",
            "game_time_status_to_display": "Final"
        },
        {
            "id": "edbjhei",
            "stage_round_name": "Fecha 10",
            "winner": -1,
            "teams": [
                {
                    "name": "Independiente",
                    "short_name": "Independiente",
                    "url_name": "independiente",
                    "id": "ihe",
                    "country_id": "ba",
                    "allow_open": true,
                    "colors": {
                        "color": "#ED1C24",
                        "text_color": "#000000"
                    },
                    "red_cards": 0,
                    "goals": [
                        {
                            "player_name": "Álvaro Angulo",
                            "player_sname": "Angulo",
                            "time": 78.0,
                            "time_to_display": "78'"
                        }
                    ]
                },
                {
                    "name": "Racing Club",
                    "short_name": "Racing",
                    "url_name": "racing-club",
                    "id": "ihg",
                    "country_id": "ba",
                    "allow_open": true,
                    "colors": {
                        "color": "#029CDC",
                        "text_color": "#000000"
                    },
                    "red_cards": 0,
                    "goals": [
                        {
                            "player_name": "Gastón Martirena",
                            "player_sname": "Martirena",
                            "time": 21.0,
                            "time_to_display": "21'"
                        }
                    ]
                }
            ],
            "url_name": "independiente-vs-racing-club",
            "scores": [
                1.0,
                1.0
            ],
            "status": {
                "enum": 3,
                "name": "Finalizado",
                "short_name": "Final",
                "symbol_name": "Fin"
            },
            "start_time": "16-03-2025 16:00",
            "game_time": 90.0,
            "game_time_to_display": "",
            "game_time_status_to_display": "Final"
        },
        {
            "id": "edbjhfh",
            "stage_round_name": "Fecha 10",
            "winner": 1,
            "teams": [
                {
                    "name": "Boca Juniors",
                    "short_name": "Boca Jrs.",
                    "url_name": "boca-juniors",
                    "id": "igg",
                    "country_id": "ba",
                    "allow_open": true,
                    "colors": {
                        "color": "#1F62AF",
                        "text_color": "#FFFFFF"
                    },
                    "red_cards": 0,
                    "goals": [
                        {
                            "player_name": "Édinson Cavani",
                            "player_sname": "Cavani",
                            "time": 9.0,
                            "time_to_display": "9'"
                        },
                        {
                            "player_name": "Milton Giménez",
                            "player_sname": "Giménez",
                            "time": 32.0,
                            "time_to_display": "32'"
                        },
                        {
                            "player_name": "Milton Giménez",
                            "player_sname": "Giménez",
                            "time": 50.0,
                            "time_to_display": "50'"
                        },
                        {
                            "player_name": "Miguel Merentiel",
                            "player_sname": "Merentiel",
                            "time": 81.0,
                            "time_to_display": "81'"
                        }
                    ]
                },
                {
                    "name": "Defensa y Justicia",
                    "short_name": "Defensa",
                    "url_name": "defensa-y-justicia",
                    "id": "hcbh",
                    "country_id": "ba",
                    "allow_open": true,
                    "colors": {
                        "color": "#22A07D",
                        "text_color": "#000000"
                    },
                    "red_cards": 0
                }
            ],
            "url_name": "boca-juniors-vs-defensa-y-justicia",
            "scores": [
                4.0,
                0.0
            ],
            "status": {
                "enum": 3,
                "name": "Finalizado",
                "short_name": "Final",
                "symbol_name": "Fin"
            },
            "start_time": "16-03-2025 18:15",
            "game_time": 90.0,
            "game_time_to_display": "",
            "game_time_status_to_display": "Final"
        },
        {
            "id": "edbjhfd",
            "stage_round_name": "Fecha 10",
            "winner": 1,
            "teams": [
                {
                    "name": "Lanús",
                    "short_name": "Lanús",
                    "url_name": "lanus",
                    "id": "igj",
                    "country_id": "ba",
                    "allow_open": true,
                    "colors": {
                        "color": "#9F2B54",
                        "text_color": "#FFFFFF"
                    },
                    "red_cards": 0,
                    "goals": [
                        {
                            "player_name": "Ramiro Carrera",
                            "player_sname": "Carrera",
                            "time": 44.0,
                            "time_to_display": "44'"
                        },
                        {
                            "player_name": "Alexis Segovia",
                            "player_sname": "Segovia",
                            "time": 61.0,
                            "time_to_display": "61'"
                        },
                        {
                            "player_name": "Marcelino Moreno",
                            "player_sname": "Moreno",
                            "time": 70.0,
                            "time_to_display": "70'"
                        },
                        {
                            "player_name": "Alexis Canelo",
                            "player_sname": "Canelo",
                            "time": 90.0,
                            "time_to_display": "90'+2"
                        }
                    ]
                },
                {
                    "name": "Instituto",
                    "short_name": "Instituto",
                    "url_name": "instituto-ac-cordoba",
                    "id": "hchc",
                    "country_id": "ba",
                    "allow_open": true,
                    "colors": {
                        "color": "#EA1D29",
                        "text_color": "#000000"
                    },
                    "red_cards": 0,
                    "goals": [
                        {
                            "player_name": "Alex Luna",
                            "player_sname": "Luna",
                            "time": 18.0,
                            "time_to_display": "18'"
                        }
                    ]
                }
            ],
            "url_name": "lanus-vs-instituto-ac-cordoba",
            "scores": [
                4.0,
                1.0
            ],
            "status": {
                "enum": 3,
                "name": "Finalizado",
                "short_name": "Final",
                "symbol_name": "Fin"
            },
            "start_time": "16-03-2025 21:00",
            "game_time": 90.0,
            "game_time_to_display": "",
            "game_time_status_to_display": "Final"
        },
        {
            "id": "edbjhff",
            "stage_round_name": "Fecha 10",
            "winner": -1,
            "teams": [
                {
                    "name": "Belgrano",
                    "short_name": "Belgrano",
                    "url_name": "belgrano",
                    "id": "fhid",
                    "country_id": "ba",
                    "allow_open": true,
                    "colors": {
                        "color": "#2AACE2",
                        "text_color": "#000000"
                    },
                    "red_cards": 0,
                    "goals": [
                        {
                            "player_name": "Nicolás Fernández",
                            "player_sname": "Fernández",
                            "time": 31.0,
                            "time_to_display": "31'"
                        }
                    ]
                },
                {
                    "name": "Barracas Central",
                    "short_name": "Barracas",
                    "url_name": "barracas-central",
                    "id": "jafb",
                    "country_id": "ba",
                    "allow_open": true,
                    "colors": {
                        "color": "#D4150D",
                        "text_color": "#FFFFFF"
                    },
                    "red_cards": 0,
                    "goals": [
                        {
                            "player_name": "Fernando Tobio",
                            "player_sname": "Tobio",
                            "time": 36.0,
                            "time_to_display": "36'"
                        }
                    ]
                }
            ],
            "url_name": "belgrano-vs-barracas-central",
            "scores": [
                1.0,
                1.0
            ],
            "status": {
                "enum": 3,
                "name": "Finalizado",
                "short_name": "Final",
                "symbol_name": "Fin"
            },
            "start_time": "16-03-2025 21:00",
            "game_time": 90.0,
            "game_time_to_display": "",
            "game_time_status_to_display": "Final"
        },
        {
            "id": "edbjhfi",
            "stage_round_name": "Fecha 10",
            "winner": 2,
            "teams": [
                {
                    "name": "Tigre",
                    "short_name": "Tigre",
                    "url_name": "tigre",
                    "id": "iid",
                    "country_id": "ba",
                    "allow_open": true,
                    "colors": {
                        "color": "#161267",
                        "text_color": "#FFFFFF"
                    },
                    "red_cards": 0,
                    "goals": [
                        {
                            "player_name": "Alfio Oviedo",
                            "player_sname": "Oviedo",
                            "time": 72.0,
                            "time_to_display": "72'"
                        }
                    ]
                },
                {
                    "name": "Central Córdoba SdE",
                    "short_name": "Central Córdoba",
                    "url_name": "central-cordoba-sde",
                    "id": "beafh",
                    "country_id": "ba",
                    "allow_open": true,
                    "colors": {
                        "color": "#9E9E9E",
                        "text_color": "#000000"
                    },
                    "red_cards": 0,
                    "goals": [
                        {
                            "player_name": "Gastón Verón",
                            "player_sname": "Verón",
                            "time": 80.0,
                            "time_to_display": "80'",
                            "goal_type": "Pen"
                        },
                        {
                            "player_name": "Leonardo Heredia",
                            "player_sname": "Heredia",
                            "time": 90.0,
                            "time_to_display": "90'+1"
                        }
                    ]
                }
            ],
            "url_name": "tigre-vs-central-cordoba-sde",
            "scores": [
                1.0,
                2.0
            ],
            "status": {
                "enum": 3,
                "name": "Finalizado",
                "short_name": "Final",
                "symbol_name": "Fin"
            },
            "start_time": "17-03-2025 19:00",
            "game_time": 90.0,
            "game_time_to_display": "",
            "game_time_status_to_display": "Final"
        },
        {
            "id": "edbjhfj",
            "stage_round_name": "Fecha 10",
            "winner": 1,
            "teams": [
                {
                    "name": "Unión de Santa Fe",
                    "short_name": "Unión",
                    "url_name": "union-santa-fe",
                    "id": "hcag",
                    "country_id": "ba",
                    "allow_open": true,
                    "colors": {
                        "color": "#DB304A",
                        "text_color": "#FFFFFF"
                    },
                    "red_cards": 0,
                    "goals": [
                        {
                            "player_name": "Ezequiel Ham",
                            "player_sname": "Ham",
                            "time": 45.0,
                            "time_to_display": "45'+2"
                        },
                        {
                            "player_name": "Marcelo Estigarribia",
                            "player_sname": "Estigarribia",
                            "time": 79.0,
                            "time_to_display": "79'"
                        },
                        {
                            "player_name": "Diego Armando Diaz",
                            "player_sname": "Diaz",
                            "time": 90.0,
                            "time_to_display": "90'+4"
                        }
                    ]
                },
                {
                    "name": "Banfield",
                    "short_name": "Banfield",
                    "url_name": "banfield",
                    "id": "ihi",
                    "country_id": "ba",
                    "allow_open": true,
                    "colors": {
                        "color": "#02953D",
                        "text_color": "#000000"
                    },
                    "red_cards": 0,
                    "goals": [
                        {
                            "player_name": "Tomas Adoryan",
                            "player_sname": "Adoryan",
                            "time": 49.0,
                            "time_to_display": "49'"
                        }
                    ]
                }
            ],
            "url_name": "union-santa-fe-vs-banfield",
            "scores": [
                3.0,
                1.0
            ],
            "status": {
                "enum": 3,
                "name": "Finalizado",
                "short_name": "Final",
                "symbol_name": "Fin"
            },
            "start_time": "17-03-2025 19:00",
            "game_time": 90.0,
            "game_time_to_display": "",
            "game_time_status_to_display": "Final"
        },
        {
            "id": "edbjhfc",
            "stage_round_name": "Fecha 10",
            "winner": 2,
            "teams": [
                {
                    "name": "Atlético Tucumán",
                    "short_name": "Atl. Tucumán",
                    "url_name": "atletico-tucuman",
                    "id": "gbfc",
                    "country_id": "ba",
                    "allow_open": true,
                    "colors": {
                        "color": "#62BCF1",
                        "text_color": "#000000"
                    },
                    "red_cards": 0,
                    "goals": [
                        {
                            "player_name": "Leandro Diaz",
                            "player_sname": "Diaz",
                            "time": 21.0,
                            "time_to_display": "21'"
                        }
                    ]
                },
                {
                    "name": "Vélez Sarsfield",
                    "short_name": "Vélez",
                    "url_name": "velez-sarsfield",
                    "id": "ihc",
                    "country_id": "ba",
                    "allow_open": true,
                    "colors": {
                        "color": "#2F3993",
                        "text_color": "#FFFFFF"
                    },
                    "red_cards": 0,
                    "goals": [
                        {
                            "player_name": "Braian Romero",
                            "player_sname": "Romero",
                            "time": 27.0,
                            "time_to_display": "27'"
                        },
                        {
                            "player_name": "Maher Carrizo",
                            "player_sname": "Carrizo",
                            "time": 68.0,
                            "time_to_display": "68'"
                        }
                    ]
                }
            ],
            "url_name": "atletico-tucuman-vs-velez-sarsfield",
            "scores": [
                1.0,
                2.0
            ],
            "status": {
                "enum": 3,
                "name": "Finalizado",
                "short_name": "Final",
                "symbol_name": "Fin"
            },
            "start_time": "17-03-2025 21:15",
            "game_time": 90.0,
            "game_time_to_display": "",
            "game_time_status_to_display": "Final"
        },
        {
            "id": "edcacdg",
            "stage_round_name": "Fecha 10",
            "winner": 2,
            "teams": [
                {
                    "name": "San Martín San Juan",
                    "short_name": "San Martín",
                    "url_name": "san-martin",
                    "id": "hcai",
                    "country_id": "ba",
                    "allow_open": true,
                    "colors": {
                        "color": "#179046",
                        "text_color": "#000000"
                    },
                    "red_cards": 0
                },
                {
                    "name": "Platense",
                    "short_name": "Platense",
                    "url_name": "platense",
                    "id": "hcah",
                    "country_id": "ba",
                    "allow_open": true,
                    "colors": {
                        "color": "#5C3919",
                        "text_color": "#FFFFFF"
                    },
                    "red_cards": 0,
                    "goals": [
                        {
                            "player_name": "Vicente Taborda",
                            "player_sname": "Taborda",
                            "time": 11.0,
                            "time_to_display": "11'"
                        },
                        {
                            "player_name": "Vicente Taborda",
                            "player_sname": "Taborda",
                            "time": 31.0,
                            "time_to_display": "31'"
                        }
                    ]
                }
            ],
            "url_name": "san-martin-vs-platense",
            "scores": [
                0.0,
                2.0
            ],
            "status": {
                "enum": 3,
                "name": "Finalizado",
                "short_name": "Final",
                "symbol_name": "Fin"
            },
            "start_time": "17-03-2025 21:15",
            "game_time": 90.0,
            "game_time_to_display": "",
            "game_time_status_to_display": "Final"
        }
    ]
}