{
    "TTL": 300,
    "games": [
        {
            "id": "edbjicc",
            "stage_round_name": "Fecha 5",
            "winner": -1,
            "teams": [
                {
                    "name": "Barracas Central",
                    "short_name": "Barracas",
                    "url_name": "barracas-central",
                    "id": "jafb",
                    "country_id": "ba",
                    "allow_open": true,
                    "colors": {
                        "color": "#D4150D",
                        "text_color": "#FFFFFF"
                    },
                    "red_cards": 0,
                    "goals": [
                        {
                            "player_name": "Jhonatan Candia",
                            "player_sname": "Candia",
                            "time": 55.0,
                            "time_to_display": "55'"
                        },
                        {
                            "player_name": "Javier Ruiz",
                            "player_sname": "Ruiz",
                            "time": 73.0,
                            "time_to_display": "73'"
                        },
                        {
                            "player_name": "Rodrigo Insúa",
                            "player_sname": "Insúa",
                            "time": 90.0,
                            "time_to_display": "90'+6",
                            "goal_type": "Pen"
                        }
                    ]
                },
                {
                    "name": "Central Córdoba SdE",
                    "short_name": "Central Córdoba",
                    "url_name": "central-cordoba-sde",
                    "id": "beafh",
                    "country_id": "ba",
                    "allow_open": true,
                    "colors": {
                        "color": "#9E9E9E",
                        "text_color": "#000000"
                    },
                    "red_cards": 0,
                    "goals": [
                        {
                            "player_name": "Jose Florentín",
                            "player_sname": "Florentín",
                            "time": 62.0,
                            "time_to_display": "62'"
                        },
                        {
                            "player_name": "Facundo Bruera",
                            "player_sname": "Bruera",
                            "time": 75.0,
                            "time_to_display": "75'",
                            "goal_type": "E.C"
                        },
                        {
                            "player_name": "Lautaro Rivero",
                            "player_sname": "Rivero",
                            "time": 80.0,
                            "time_to_display": "80'"
                        }
                    ]
                }
            ],
            "url_name": "barracas-central-vs-central-cordoba-sde",
            "scores": [
                3.0,
                3.0
            ],
            "status": {
                "enum": 3,
                "name": "Finalizado",
                "short_name": "Final",
                "symbol_name": "Fin"
            },
            "start_time": "11-02-2025 17:45",
            "game_time": 90.0,
            "game_time_to_display": "",
            "game_time_status_to_display": "Final"
        },
        {
            "id": "edbjicb",
            "stage_round_name": "Fecha 5",
            "winner": 1,
            "teams": [
                {
                    "name": "Estudiantes de La Plata",
                    "short_name": "Estudiantes",
                    "url_name": "estudiantes-de-la-plata",
                    "id": "igh",
                    "country_id": "ba",
                    "allow_open": true,
                    "colors": {
                        "color": "#E30F13",
                        "text_color": "#FFFFFF"
                    },
                    "red_cards": 0,
                    "goals": [
                        {
                            "player_name": "Lucas Alario",
                            "player_sname": "Alario",
                            "time": 78.0,
                            "time_to_display": "78'",
                            "goal_type": "Pen"
                        }
                    ]
                },
                {
                    "name": "Banfield",
                    "short_name": "Banfield",
                    "url_name": "banfield",
                    "id": "ihi",
                    "country_id": "ba",
                    "allow_open": true,
                    "colors": {
                        "color": "#02953D",
                        "text_color": "#000000"
                    },
                    "red_cards": 0
                }
            ],
            "url_name": "estudiantes-de-la-plata-vs-banfield",
            "scores": [
                1.0,
                0.0
            ],
            "status": {
                "enum": 3,
                "name": "Finalizado",
                "short_name": "Final",
                "symbol_name": "Fin"
            },
            "start_time": "11-02-2025 20:00",
            "game_time": 90.0,
            "game_time_to_display": "",
            "game_time_status_to_display": "Final"
        },
        {
            "id": "edbjicd",
            "stage_round_name": "Fecha 5",
            "winner": 1,
            "teams": [
                {
                    "name": "Boca Juniors",
                    "short_name": "Boca Jrs.",
                    "url_name": "boca-juniors",
                    "id": "igg",
                    "country_id": "ba",
                    "allow_open": true,
                    "colors": {
                        "color": "#1F62AF",
                        "text_color": "#FFFFFF"
                    },
                    "red_cards": 0,
                    "goals": [
                        {
                            "player_name": "Miguel Merentiel",
                            "player_sname": "Merentiel",
                            "time": 51.0,
                            "time_to_display": "51'"
                        },
                        {
                            "player_name": "Exequiel Zeballos",
                            "player_sname": "Zeballos",
                            "time": 83.0,
                            "time_to_display": "83'"
                        }
                    ]
                },
                {
                    "name": "Independiente Rivadavia",
                    "short_name": "Ind. Rivadavia",
                    "url_name": "independiente-rivadavia",
                    "id": "hcch",
                    "country_id": "ba",
                    "allow_open": true,
                    "colors": {
                        "color": "#262169",
                        "text_color": "#FFFFFF"
                    },
                    "red_cards": 0
                }
            ],
            "url_name": "boca-juniors-vs-independiente-rivadavia",
            "scores": [
                2.0,
                0.0
            ],
            "status": {
                "enum": 3,
                "name": "Finalizado",
                "short_name": "Final",
                "symbol_name": "Fin"
            },
            "start_time": "11-02-2025 20:00",
            "game_time": 90.0,
            "game_time_to_display": "",
            "game_time_status_to_display": "Final"
        },
        {
            "id": "edbjice",
            "stage_round_name": "Fecha 5",
            "winner": 1,
            "teams": [
                {
                    "name": "Tigre",
                    "short_name": "Tigre",
                    "url_name": "tigre",
                    "id": "iid",
                    "country_id": "ba",
                    "allow_open": true,
                    "colors": {
                        "color": "#161267",
                        "text_color": "#FFFFFF"
                    },
                    "red_cards": 0,
                    "goals": [
                        {
                            "player_name": "Jabes Saralegui",
                            "player_sname": "Saralegui",
                            "time": 4.0,
                            "time_to_display": "4'"
                        }
                    ]
                },
                {
                    "name": "Racing Club",
                    "short_name": "Racing",
                    "url_name": "racing-club",
                    "id": "ihg",
                    "country_id": "ba",
                    "allow_open": true,
                    "colors": {
                        "color": "#029CDC",
                        "text_color": "#000000"
                    },
                    "red_cards": 0
                }
            ],
            "url_name": "tigre-vs-racing-club",
            "scores": [
                1.0,
                0.0
            ],
            "status": {
                "enum": 3,
                "name": "Finalizado",
                "short_name": "Final",
                "symbol_name": "Fin"
            },
            "start_time": "11-02-2025 22:15",
            "game_time": 90.0,
            "game_time_to_display": "",
            "game_time_status_to_display": "Final"
        },
        {
            "id": "edcaceh",
            "stage_round_name": "Fecha 5",
            "winner": 1,
            "teams": [
                {
                    "name": "Belgrano",
                    "short_name": "Belgrano",
                    "url_name": "belgrano",
                    "id": "fhid",
                    "country_id": "ba",
                    "allow_open": true,
                    "colors": {
                        "color": "#2AACE2",
                        "text_color": "#000000"
                    },
                    "red_cards": 0,
                    "goals": [
                        {
                            "player_name": "Nicolás Fernández",
                            "player_sname": "Fernández",
                            "time": 5.0,
                            "time_to_display": "5'"
                        },
                        {
                            "player_name": "Mariano Troilo",
                            "player_sname": "Troilo",
                            "time": 54.0,
                            "time_to_display": "54'"
                        }
                    ]
                },
                {
                    "name": "Aldosivi",
                    "short_name": "Aldosivi",
                    "url_name": "aldosivi",
                    "id": "hccd",
                    "country_id": "ba",
                    "allow_open": true,
                    "colors": {
                        "color": "#39B54A",
                        "text_color": "#000000"
                    },
                    "red_cards": 0
                }
            ],
            "url_name": "belgrano-vs-aldosivi",
            "scores": [
                2.0,
                0.0
            ],
            "status": {
                "enum": 3,
                "name": "Finalizado",
                "short_name": "Final",
                "symbol_name": "Fin"
            },
            "start_time": "11-02-2025 22:15",
            "game_time": 90.0,
            "game_time_to_display": "",
            "game_time_status_to_display": "Final"
        },
        {
            "id": "edbjibe",
            "stage_round_name": "Fecha 5",
            "winner": -1,
            "teams": [
                {
                    "name": "Deportivo Riestra",
                    "short_name": "Riestra",
                    "url_name": "riestra",
                    "id": "bbjea",
                    "country_id": "ba",
                    "allow_open": true,
                    "colors": {
                        "color": "#262526",
                        "text_color": "#FFFFFF"
                    },
                    "red_cards": 0
                },
                {
                    "name": "Rosario Central",
                    "short_name": "Central",
                    "url_name": "rosario-central",
                    "id": "ihf",
                    "country_id": "ba",
                    "allow_open": true,
                    "colors": {
                        "color": "#FFDB00",
                        "text_color": "#000000"
                    },
                    "red_cards": 0
                }
            ],
            "url_name": "riestra-vs-rosario-central",
            "scores": [
                0.0,
                0.0
            ],
            "status": {
                "enum": 3,
                "name": "Finalizado",
                "short_name": "Final",
                "symbol_name": "Fin"
            },
            "start_time": "12-02-2025 17:00",
            "game_time": 90.0,
            "game_time_to_display": "",
            "game_time_status_to_display": "Final"
        },
        {
            "id": "edbjica",
            "stage_round_name": "Fecha 5",
            "winner": 2,
            "teams": [
                {
                    "name": "Newell's Old Boys",
                    "short_name": "Newell's",
                    "url_name": "newell's-old-boys",
                    "id": "ihh",
                    "country_id": "ba",
                    "allow_open": true,
                    "colors": {
                        "color": "#ED1C24",
                        "text_color": "#000000"
                    },
                    "red_cards": 0
                },
                {
                    "name": "Defensa y Justicia",
                    "short_name": "Defensa",
                    "url_name": "defensa-y-justicia",
                    "id": "hcbh",
                    "country_id": "ba",
                    "allow_open": true,
                    "colors": {
                        "color": "#22A07D",
                        "text_color": "#000000"
                    },
                    "red_cards": 0,
                    "goals": [
                        {
                            "player_name": "Juan Miritello",
                            "player_sname": "Miritello",
                            "time": 90.0,
                            "time_to_display": "90'+3"
                        }
                    ]
                }
            ],
            "url_name": "newell's-old-boys-vs-defensa-y-justicia",
            "scores": [
                0.0,
                1.0
            ],
            "status": {
                "enum": 3,
                "name": "Finalizado",
                "short_name": "Final",
                "symbol_name": "Fin"
            },
            "start_time": "12-02-2025 17:45",
            "game_time": 90.0,
            "game_time_to_display": "",
            "game_time_status_to_display": "Final"
        },
        {
            "id": "edbjibi",
            "stage_round_name": "Fecha 5",
            "winner": 1,
            "teams": [
                {
                    "name": "Independiente",
                    "short_name": "Independiente",
                    "url_name": "independiente",
                    "id": "ihe",
                    "country_id": "ba",
                    "allow_open": true,
                    "colors": {
                        "color": "#ED1C24",
                        "text_color": "#000000"
                    },
                    "red_cards": 0,
                    "goals": [
                        {
                            "player_name": "Gabriel Avalos",
                            "player_sname": "Avalos",
                            "time": 31.0,
                            "time_to_display": "31'"
                        },
                        {
                            "player_name": "Gabriel Avalos",
                            "player_sname": "Avalos",
                            "time": 43.0,
                            "time_to_display": "43'"
                        },
                        {
                            "player_name": "Luciano Cabral",
                            "player_sname": "Cabral",
                            "time": 78.0,
                            "time_to_display": "78'"
                        }
                    ]
                },
                {
                    "name": "Vélez Sarsfield",
                    "short_name": "Vélez",
                    "url_name": "velez-sarsfield",
                    "id": "ihc",
                    "country_id": "ba",
                    "allow_open": true,
                    "colors": {
                        "color": "#2F3993",
                        "text_color": "#FFFFFF"
                    },
                    "red_cards": 0
                }
            ],
            "url_name": "independiente-vs-velez-sarsfield",
            "scores": [
                3.0,
                0.0
            ],
            "status": {
                "enum": 3,
                "name": "Finalizado",
                "short_name": "Final",
                "symbol_name": "Fin"
            },
            "start_time": "12-02-2025 20:00",
            "game_time": 90.0,
            "game_time_to_display": "",
            "game_time_status_to_display": "Final"
        },
        {
            "id": "edbjicf",
            "stage_round_name": "Fecha 5",
            "winner": -1,
            "teams": [
                {
                    "name": "Argentinos Juniors",
                    "short_name": "Argentinos",
                    "url_name": "argentinos-juniors",
                    "id": "ihb",
                    "country_id": "ba",
                    "allow_open": true,
                    "colors": {
                        "color": "#EE292E",
                        "text_color": "#000000"
                    },
                    "red_cards": 0,
                    "goals": [
                        {
                            "player_name": "José Herrera",
                            "player_sname": "José Herrera",
                            "time": 9.0,
                            "time_to_display": "9'"
                        }
                    ]
                },
                {
                    "name": "Huracán",
                    "short_name": "Huracán",
                    "url_name": "huracan",
                    "id": "iie",
                    "country_id": "ba",
                    "allow_open": true,
                    "colors": {
                        "color": "#FF1E1E",
                        "text_color": "#000000"
                    },
                    "red_cards": 0,
                    "goals": [
                        {
                            "player_name": "César Ibáñez",
                            "player_sname": "César Ibáñez",
                            "time": 57.0,
                            "time_to_display": "57'"
                        }
                    ]
                }
            ],
            "url_name": "argentinos-juniors-vs-huracan",
            "scores": [
                1.0,
                1.0
            ],
            "status": {
                "enum": 3,
                "name": "Finalizado",
                "short_name": "Final",
                "symbol_name": "Fin"
            },
            "start_time": "12-02-2025 20:00",
            "game_time": 90.0,
            "game_time_to_display": "",
            "game_time_status_to_display": "Final"
        },
        {
            "id": "edbjibh",
            "stage_round_name": "Fecha 5",
            "winner": -1,
            "teams": [
                {
                    "name": "Godoy Cruz",
                    "short_name": "Godoy Cruz",
                    "url_name": "godoy-cruz",
                    "id": "ihd",
                    "country_id": "ba",
                    "allow_open": true,
                    "colors": {
                        "color": "#0033CC",
                        "text_color": "#FFFFFF"
                    },
                    "red_cards": 0
                },
                {
                    "name": "River Plate",
                    "short_name": "River",
                    "url_name": "river-plate",
                    "id": "igi",
                    "country_id": "ba",
                    "allow_open": true,
                    "colors": {
                        "color": "#E3201C",
                        "text_color": "#FFFFFF"
                    },
                    "red_cards": 0
                }
            ],
            "url_name": "godoy-cruz-vs-river-plate",
            "scores": [
                0.0,
                0.0
            ],
            "status": {
                "enum": 3,
                "name": "Finalizado",
                "short_name": "Final",
                "symbol_name": "Fin"
            },
            "start_time": "12-02-2025 22:15",
            "game_time": 90.0,
            "game_time_to_display": "",
            "game_time_status_to_display": "Final"
        },
        {
            "id": "edbjibg",
            "stage_round_name": "Fecha 5",
            "winner": -1,
            "teams": [
                {
                    "name": "Lanús",
                    "short_name": "Lanús",
                    "url_name": "lanus",
                    "id": "igj",
                    "country_id": "ba",
                    "allow_open": true,
                    "colors": {
                        "color": "#9F2B54",
                        "text_color": "#FFFFFF"
                    },
                    "red_cards": 0
                },
                {
                    "name": "Gimnasia La Plata",
                    "short_name": "Gimnasia",
                    "url_name": "gimnasia-y-esgrima-la-plata",
                    "id": "iia",
                    "country_id": "ba",
                    "allow_open": true,
                    "colors": {
                        "color": "#3F3B76",
                        "text_color": "#FFFFFF"
                    },
                    "red_cards": 0
                }
            ],
            "url_name": "lanus-vs-gimnasia-y-esgrima-la-plata",
            "scores": [
                0.0,
                0.0
            ],
            "status": {
                "enum": 3,
                "name": "Finalizado",
                "short_name": "Final",
                "symbol_name": "Fin"
            },
            "start_time": "13-02-2025 17:45",
            "game_time": 90.0,
            "game_time_to_display": "",
            "game_time_status_to_display": "Final"
        },
        {
            "id": "edbjibj",
            "stage_round_name": "Fecha 5",
            "winner": 1,
            "teams": [
                {
                    "name": "San Lorenzo",
                    "short_name": "San Lorenzo",
                    "url_name": "san-lorenzo",
                    "id": "igf",
                    "country_id": "ba",
                    "allow_open": true,
                    "colors": {
                        "color": "#283B56",
                        "text_color": "#FFFFFF"
                    },
                    "red_cards": 0,
                    "goals": [
                        {
                            "player_name": "Andres Vombergar",
                            "player_sname": "Andres Vombergar",
                            "time": 44.0,
                            "time_to_display": "44'",
                            "goal_type": "Pen"
                        },
                        {
                            "player_name": "Andres Vombergar",
                            "player_sname": "Andres Vombergar",
                            "time": 90.0,
                            "time_to_display": "90'+1",
                            "goal_type": "Pen"
                        }
                    ]
                },
                {
                    "name": "Platense",
                    "short_name": "Platense",
                    "url_name": "platense",
                    "id": "hcah",
                    "country_id": "ba",
                    "allow_open": true,
                    "colors": {
                        "color": "#5C3919",
                        "text_color": "#FFFFFF"
                    },
                    "red_cards": 1,
                    "goals": [
                        {
                            "player_name": "Vicente Taborda",
                            "player_sname": "Taborda",
                            "time": 31.0,
                            "time_to_display": "31'"
                        }
                    ]
                }
            ],
            "url_name": "san-lorenzo-vs-platense",
            "scores": [
                2.0,
                1.0
            ],
            "status": {
                "enum": 3,
                "name": "Finalizado",
                "short_name": "Final",
                "symbol_name": "Fin"
            },
            "start_time": "13-02-2025 20:00",
            "game_time": 90.0,
            "game_time_to_display": "",
            "game_time_status_to_display": "Final"
        },
        {
            "id": "edcaceg",
            "stage_round_name": "Fecha 5",
            "winner": 2,
            "teams": [
                {
                    "name": "San Martín San Juan",
                    "short_name": "San Martín",
                    "url_name": "san-martin",
                    "id": "hcai",
                    "country_id": "ba",
                    "allow_open": true,
                    "colors": {
                        "color": "#179046",
                        "text_color": "#000000"
                    },
                    "red_cards": 0
                },
                {
                    "name": "Talleres de Córdoba",
                    "short_name": "Talleres",
                    "url_name": "talleres-cordoba",
                    "id": "jche",
                    "country_id": "ba",
                    "allow_open": true,
                    "colors": {
                        "color": "#041D47",
                        "text_color": "#FFFFFF"
                    },
                    "red_cards": 0,
                    "goals": [
                        {
                            "player_name": "Gastón Benavídez",
                            "player_sname": "Benavídez",
                            "time": 64.0,
                            "time_to_display": "64'"
                        }
                    ]
                }
            ],
            "url_name": "san-martin-vs-talleres-cordoba",
            "scores": [
                0.0,
                1.0
            ],
            "status": {
                "enum": 3,
                "name": "Finalizado",
                "short_name": "Final",
                "symbol_name": "Fin"
            },
            "start_time": "13-02-2025 20:00",
            "game_time": 90.0,
            "game_time_to_display": "",
            "game_time_status_to_display": "Final"
        },
        {
            "id": "edbjibd",
            "stage_round_name": "Fecha 5",
            "winner": -1,
            "teams": [
                {
                    "name": "Unión de Santa Fe",
                    "short_name": "Unión",
                    "url_name": "union-santa-fe",
                    "id": "hcag",
                    "country_id": "ba",
                    "allow_open": true,
                    "colors": {
                        "color": "#DB304A",
                        "text_color": "#FFFFFF"
                    },
                    "red_cards": 2
                },
                {
                    "name": "Instituto",
                    "short_name": "Instituto",
                    "url_name": "instituto-ac-cordoba",
                    "id": "hchc",
                    "country_id": "ba",
                    "allow_open": true,
                    "colors": {
                        "color": "#EA1D29",
                        "text_color": "#000000"
                    },
                    "red_cards": 0
                }
            ],
            "url_name": "union-santa-fe-vs-instituto-ac-cordoba",
            "scores": [
                0.0,
                0.0
            ],
            "status": {
                "enum": 3,
                "name": "Finalizado",
                "short_name": "Final",
                "symbol_name": "Fin"
            },
            "start_time": "13-02-2025 22:15",
            "game_time": 90.0,
            "game_time_to_display": "",
            "game_time_status_to_display": "Final"
        },
        {
            "id": "edbjibf",
            "stage_round_name": "Fecha 5",
            "winner": 1,
            "teams": [
                {
                    "name": "Atlético Tucumán",
                    "short_name": "Atl. Tucumán",
                    "url_name": "atletico-tucuman",
                    "id": "gbfc",
                    "country_id": "ba",
                    "allow_open": true,
                    "colors": {
                        "color": "#62BCF1",
                        "text_color": "#000000"
                    },
                    "red_cards": 0,
                    "goals": [
                        {
                            "player_name": "Leandro Diaz",
                            "player_sname": "Diaz",
                            "time": 2.0,
                            "time_to_display": "2'"
                        },
                        {
                            "player_name": "Mateo Coronel",
                            "player_sname": "Coronel",
                            "time": 30.0,
                            "time_to_display": "30'"
                        },
                        {
                            "player_name": "Gabriel Díaz",
                            "player_sname": "Díaz",
                            "time": 42.0,
                            "time_to_display": "42'",
                            "goal_type": "E.C"
                        },
                        {
                            "player_name": "Adrián Sánchez",
                            "player_sname": "Sánchez",
                            "time": 45.0,
                            "time_to_display": "45'+1"
                        },
                        {
                            "player_name": "Mateo Coronel",
                            "player_sname": "Coronel",
                            "time": 67.0,
                            "time_to_display": "67'"
                        }
                    ]
                },
                {
                    "name": "Sarmiento Junín",
                    "short_name": "Sarmiento",
                    "url_name": "sarmiento-junin",
                    "id": "hbbh",
                    "country_id": "ba",
                    "allow_open": true,
                    "colors": {
                        "color": "#096D37",
                        "text_color": "#FFFFFF"
                    },
                    "red_cards": 0
                }
            ],
            "url_name": "atletico-tucuman-vs-sarmiento-junin",
            "scores": [
                5.0,
                0.0
            ],
            "status": {
                "enum": 3,
                "name": "Finalizado",
                "short_name": "Final",
                "symbol_name": "Fin"
            },
            "start_time": "13-02-2025 22:15",
            "game_time": 90.0,
            "game_time_to_display": "",
            "game_time_status_to_display": "Final"
        }
    ]
}