{
    "TTL": 300,
    "games": [
        {
            "id": "edbjhge",
            "stage_round_name": "Fecha 9",
            "winner": 2,
            "teams": [
                {
                    "name": "Banfield",
                    "short_name": "Banfield",
                    "url_name": "banfield",
                    "id": "ihi",
                    "country_id": "ba",
                    "allow_open": true,
                    "colors": {
                        "color": "#02953D",
                        "text_color": "#000000"
                    },
                    "red_cards": 0,
                    "goals": [
                        {
                            "player_name": "Diego Rodríguez",
                            "player_sname": "Rodriguez",
                            "time": 7.0,
                            "time_to_display": "7'",
                            "goal_type": "E.C"
                        }
                    ]
                },
                {
                    "name": "Argentinos Juniors",
                    "short_name": "Argentinos",
                    "url_name": "argentinos-juniors",
                    "id": "ihb",
                    "country_id": "ba",
                    "allow_open": true,
                    "colors": {
                        "color": "#EE292E",
                        "text_color": "#000000"
                    },
                    "red_cards": 0,
                    "goals": [
                        {
                            "player_name": "Tomás Molina",
                            "player_sname": "Molina",
                            "time": 62.0,
                            "time_to_display": "62'"
                        },
                        {
                            "player_name": "Lucas Gómez",
                            "player_sname": "Gómez",
                            "time": 90.0,
                            "time_to_display": "90'+1"
                        }
                    ]
                }
            ],
            "url_name": "banfield-vs-argentinos-juniors",
            "scores": [
                1.0,
                2.0
            ],
            "status": {
                "enum": 3,
                "name": "Finalizado",
                "short_name": "Final",
                "symbol_name": "Fin"
            },
            "start_time": "07-03-2025 19:00",
            "game_time": 90.0,
            "game_time_to_display": "",
            "game_time_status_to_display": "Final"
        },
        {
            "id": "edcacdj",
            "stage_round_name": "Fecha 9",
            "winner": 1,
            "teams": [
                {
                    "name": "Vélez Sarsfield",
                    "short_name": "Vélez",
                    "url_name": "velez-sarsfield",
                    "id": "ihc",
                    "country_id": "ba",
                    "allow_open": true,
                    "colors": {
                        "color": "#2F3993",
                        "text_color": "#FFFFFF"
                    },
                    "red_cards": 0,
                    "goals": [
                        {
                            "player_name": "Braian Romero",
                            "player_sname": "Romero",
                            "time": 80.0,
                            "time_to_display": "80'"
                        }
                    ]
                },
                {
                    "name": "San Martín San Juan",
                    "short_name": "San Martín",
                    "url_name": "san-martin",
                    "id": "hcai",
                    "country_id": "ba",
                    "allow_open": true,
                    "colors": {
                        "color": "#179046",
                        "text_color": "#000000"
                    },
                    "red_cards": 1
                }
            ],
            "url_name": "velez-sarsfield-vs-san-martin",
            "scores": [
                1.0,
                0.0
            ],
            "status": {
                "enum": 3,
                "name": "Finalizado",
                "short_name": "Final",
                "symbol_name": "Fin"
            },
            "start_time": "07-03-2025 19:00",
            "game_time": 90.0,
            "game_time_to_display": "",
            "game_time_status_to_display": "Final"
        },
        {
            "id": "edbjhgf",
            "stage_round_name": "Fecha 9",
            "winner": 2,
            "teams": [
                {
                    "name": "Central Córdoba SdE",
                    "short_name": "Central Córdoba",
                    "url_name": "central-cordoba-sde",
                    "id": "beafh",
                    "country_id": "ba",
                    "allow_open": true,
                    "colors": {
                        "color": "#9E9E9E",
                        "text_color": "#000000"
                    },
                    "red_cards": 1
                },
                {
                    "name": "Boca Juniors",
                    "short_name": "Boca Jrs.",
                    "url_name": "boca-juniors",
                    "id": "igg",
                    "country_id": "ba",
                    "allow_open": true,
                    "colors": {
                        "color": "#1F62AF",
                        "text_color": "#FFFFFF"
                    },
                    "red_cards": 0,
                    "goals": [
                        {
                            "player_name": "Milton Giménez",
                            "player_sname": "Giménez",
                            "time": 16.0,
                            "time_to_display": "16'"
                        },
                        {
                            "player_name": "Jose Florentín",
                            "player_sname": "Florentín",
                            "time": 36.0,
                            "time_to_display": "36'",
                            "goal_type": "E.C"
                        },
                        {
                            "player_name": "Miguel Merentiel",
                            "player_sname": "Merentiel",
                            "time": 89.0,
                            "time_to_display": "89'"
                        }
                    ]
                }
            ],
            "url_name": "central-cordoba-sde-vs-boca-juniors",
            "scores": [
                0.0,
                3.0
            ],
            "status": {
                "enum": 3,
                "name": "Finalizado",
                "short_name": "Final",
                "symbol_name": "Fin"
            },
            "start_time": "07-03-2025 21:15",
            "game_time": 90.0,
            "game_time_to_display": "",
            "game_time_status_to_display": "Final"
        },
        {
            "id": "edbjhgi",
            "stage_round_name": "Fecha 9",
            "winner": 2,
            "teams": [
                {
                    "name": "San Lorenzo",
                    "short_name": "San Lorenzo",
                    "url_name": "san-lorenzo",
                    "id": "igf",
                    "country_id": "ba",
                    "allow_open": true,
                    "colors": {
                        "color": "#283B56",
                        "text_color": "#FFFFFF"
                    },
                    "red_cards": 0,
                    "goals": [
                        {
                            "player_name": "Andres Vombergar",
                            "player_sname": "Andres Vombergar",
                            "time": 22.0,
                            "time_to_display": "22'",
                            "goal_type": "Pen"
                        }
                    ]
                },
                {
                    "name": "Independiente",
                    "short_name": "Independiente",
                    "url_name": "independiente",
                    "id": "ihe",
                    "country_id": "ba",
                    "allow_open": true,
                    "colors": {
                        "color": "#ED1C24",
                        "text_color": "#000000"
                    },
                    "red_cards": 0,
                    "goals": [
                        {
                            "player_name": "Lautaro Millán",
                            "player_sname": "Millán",
                            "time": 12.0,
                            "time_to_display": "12'"
                        },
                        {
                            "player_name": "Felipe Loyola",
                            "player_sname": "Loyola",
                            "time": 74.0,
                            "time_to_display": "74'"
                        }
                    ]
                }
            ],
            "url_name": "san-lorenzo-vs-independiente",
            "scores": [
                1.0,
                2.0
            ],
            "status": {
                "enum": 3,
                "name": "Finalizado",
                "short_name": "Final",
                "symbol_name": "Fin"
            },
            "start_time": "08-03-2025 17:00",
            "game_time": 90.0,
            "game_time_to_display": "",
            "game_time_status_to_display": "Final"
        },
        {
            "id": "edbjhgc",
            "stage_round_name": "Fecha 9",
            "winner": 2,
            "teams": [
                {
                    "name": "Racing Club",
                    "short_name": "Racing",
                    "url_name": "racing-club",
                    "id": "ihg",
                    "country_id": "ba",
                    "allow_open": true,
                    "colors": {
                        "color": "#029CDC",
                        "text_color": "#000000"
                    },
                    "red_cards": 0
                },
                {
                    "name": "Huracán",
                    "short_name": "Huracán",
                    "url_name": "huracan",
                    "id": "iie",
                    "country_id": "ba",
                    "allow_open": true,
                    "colors": {
                        "color": "#FF1E1E",
                        "text_color": "#000000"
                    },
                    "red_cards": 0,
                    "goals": [
                        {
                            "player_name": "Erik Ramírez",
                            "player_sname": "Ramírez",
                            "time": 25.0,
                            "time_to_display": "25'"
                        }
                    ]
                }
            ],
            "url_name": "racing-club-vs-huracan",
            "scores": [
                0.0,
                1.0
            ],
            "status": {
                "enum": 3,
                "name": "Finalizado",
                "short_name": "Final",
                "symbol_name": "Fin"
            },
            "start_time": "08-03-2025 19:15",
            "game_time": 90.0,
            "game_time_to_display": "",
            "game_time_status_to_display": "Final"
        },
        {
            "id": "edbjhgh",
            "stage_round_name": "Fecha 9",
            "winner": -1,
            "teams": [
                {
                    "name": "Sarmiento Junín",
                    "short_name": "Sarmiento",
                    "url_name": "sarmiento-junin",
                    "id": "hbbh",
                    "country_id": "ba",
                    "allow_open": true,
                    "colors": {
                        "color": "#096D37",
                        "text_color": "#FFFFFF"
                    },
                    "red_cards": 1,
                    "goals": [
                        {
                            "player_name": "Pablo Magnin",
                            "player_sname": "Magnin",
                            "time": 65.0,
                            "time_to_display": "65'"
                        }
                    ]
                },
                {
                    "name": "Barracas Central",
                    "short_name": "Barracas",
                    "url_name": "barracas-central",
                    "id": "jafb",
                    "country_id": "ba",
                    "allow_open": true,
                    "colors": {
                        "color": "#D4150D",
                        "text_color": "#FFFFFF"
                    },
                    "red_cards": 0,
                    "goals": [
                        {
                            "player_name": "Gonzalo Morales",
                            "player_sname": "Morales",
                            "time": 90.0,
                            "time_to_display": "90'+7"
                        }
                    ]
                }
            ],
            "url_name": "sarmiento-junin-vs-barracas-central",
            "scores": [
                1.0,
                1.0
            ],
            "status": {
                "enum": 3,
                "name": "Finalizado",
                "short_name": "Final",
                "symbol_name": "Fin"
            },
            "start_time": "08-03-2025 21:30",
            "game_time": 90.0,
            "game_time_to_display": "",
            "game_time_status_to_display": "Final"
        },
        {
            "id": "edbjhhb",
            "stage_round_name": "Fecha 9",
            "winner": -1,
            "teams": [
                {
                    "name": "Platense",
                    "short_name": "Platense",
                    "url_name": "platense",
                    "id": "hcah",
                    "country_id": "ba",
                    "allow_open": true,
                    "colors": {
                        "color": "#5C3919",
                        "text_color": "#FFFFFF"
                    },
                    "red_cards": 0
                },
                {
                    "name": "Lanús",
                    "short_name": "Lanús",
                    "url_name": "lanus",
                    "id": "igj",
                    "country_id": "ba",
                    "allow_open": true,
                    "colors": {
                        "color": "#9F2B54",
                        "text_color": "#FFFFFF"
                    },
                    "red_cards": 0
                }
            ],
            "url_name": "platense-vs-lanus",
            "scores": [
                0.0,
                0.0
            ],
            "status": {
                "enum": 3,
                "name": "Finalizado",
                "short_name": "Final",
                "symbol_name": "Fin"
            },
            "start_time": "08-03-2025 21:30",
            "game_time": 90.0,
            "game_time_to_display": "",
            "game_time_status_to_display": "Final"
        },
        {
            "id": "edbjhgg",
            "stage_round_name": "Fecha 9",
            "winner": 1,
            "teams": [
                {
                    "name": "Defensa y Justicia",
                    "short_name": "Defensa",
                    "url_name": "defensa-y-justicia",
                    "id": "hcbh",
                    "country_id": "ba",
                    "allow_open": true,
                    "colors": {
                        "color": "#22A07D",
                        "text_color": "#000000"
                    },
                    "red_cards": 0,
                    "goals": [
                        {
                            "player_name": "Gaston Togni",
                            "player_sname": "Togni",
                            "time": 87.0,
                            "time_to_display": "87'"
                        }
                    ]
                },
                {
                    "name": "Estudiantes de La Plata",
                    "short_name": "Estudiantes",
                    "url_name": "estudiantes-de-la-plata",
                    "id": "igh",
                    "country_id": "ba",
                    "allow_open": true,
                    "colors": {
                        "color": "#E30F13",
                        "text_color": "#FFFFFF"
                    },
                    "red_cards": 0
                }
            ],
            "url_name": "defensa-y-justicia-vs-estudiantes-de-la-plata",
            "scores": [
                1.0,
                0.0
            ],
            "status": {
                "enum": 3,
                "name": "Finalizado",
                "short_name": "Final",
                "symbol_name": "Fin"
            },
            "start_time": "09-03-2025 17:00",
            "game_time": 90.0,
            "game_time_to_display": "",
            "game_time_status_to_display": "Final"
        },
        {
            "id": "edcacdi",
            "stage_round_name": "Fecha 9",
            "winner": 2,
            "teams": [
                {
                    "name": "Aldosivi",
                    "short_name": "Aldosivi",
                    "url_name": "aldosivi",
                    "id": "hccd",
                    "country_id": "ba",
                    "allow_open": true,
                    "colors": {
                        "color": "#39B54A",
                        "text_color": "#000000"
                    },
                    "red_cards": 0
                },
                {
                    "name": "Tigre",
                    "short_name": "Tigre",
                    "url_name": "tigre",
                    "id": "iid",
                    "country_id": "ba",
                    "allow_open": true,
                    "colors": {
                        "color": "#161267",
                        "text_color": "#FFFFFF"
                    },
                    "red_cards": 0,
                    "goals": [
                        {
                            "player_name": "Ignacio Russo",
                            "player_sname": "Russo",
                            "time": 7.0,
                            "time_to_display": "7'"
                        },
                        {
                            "player_name": "Lucas Besozzi",
                            "player_sname": "Lucas Besozzi",
                            "time": 81.0,
                            "time_to_display": "81'"
                        }
                    ]
                }
            ],
            "url_name": "aldosivi-vs-tigre",
            "scores": [
                0.0,
                2.0
            ],
            "status": {
                "enum": 3,
                "name": "Finalizado",
                "short_name": "Final",
                "symbol_name": "Fin"
            },
            "start_time": "09-03-2025 17:00",
            "game_time": 90.0,
            "game_time_to_display": "",
            "game_time_status_to_display": "Final"
        },
        {
            "id": "edbjhhd",
            "stage_round_name": "Fecha 9",
            "winner": 1,
            "teams": [
                {
                    "name": "River Plate",
                    "short_name": "River",
                    "url_name": "river-plate",
                    "id": "igi",
                    "country_id": "ba",
                    "allow_open": true,
                    "colors": {
                        "color": "#E3201C",
                        "text_color": "#FFFFFF"
                    },
                    "red_cards": 1,
                    "goals": [
                        {
                            "player_name": "Facundo Colidio",
                            "player_sname": "Colidio",
                            "time": 79.0,
                            "time_to_display": "79'"
                        }
                    ]
                },
                {
                    "name": "Atlético Tucumán",
                    "short_name": "Atl. Tucumán",
                    "url_name": "atletico-tucuman",
                    "id": "gbfc",
                    "country_id": "ba",
                    "allow_open": true,
                    "colors": {
                        "color": "#62BCF1",
                        "text_color": "#000000"
                    },
                    "red_cards": 0
                }
            ],
            "url_name": "river-plate-vs-atletico-tucuman",
            "scores": [
                1.0,
                0.0
            ],
            "status": {
                "enum": 3,
                "name": "Finalizado",
                "short_name": "Final",
                "symbol_name": "Fin"
            },
            "start_time": "09-03-2025 19:15",
            "game_time": 90.0,
            "game_time_to_display": "",
            "game_time_status_to_display": "Final"
        },
        {
            "id": "edbjhgj",
            "stage_round_name": "Fecha 9",
            "winner": -1,
            "teams": [
                {
                    "name": "Instituto",
                    "short_name": "Instituto",
                    "url_name": "instituto-ac-cordoba",
                    "id": "hchc",
                    "country_id": "ba",
                    "allow_open": true,
                    "colors": {
                        "color": "#EA1D29",
                        "text_color": "#000000"
                    },
                    "red_cards": 0,
                    "goals": [
                        {
                            "player_name": "Damian Batallini",
                            "player_sname": "Batallini",
                            "time": 42.0,
                            "time_to_display": "42'"
                        }
                    ]
                },
                {
                    "name": "Godoy Cruz",
                    "short_name": "Godoy Cruz",
                    "url_name": "godoy-cruz",
                    "id": "ihd",
                    "country_id": "ba",
                    "allow_open": true,
                    "colors": {
                        "color": "#0033CC",
                        "text_color": "#FFFFFF"
                    },
                    "red_cards": 0,
                    "goals": [
                        {
                            "player_name": "Santino Andino",
                            "player_sname": "Andino",
                            "time": 37.0,
                            "time_to_display": "37'"
                        }
                    ]
                }
            ],
            "url_name": "instituto-ac-cordoba-vs-godoy-cruz",
            "scores": [
                1.0,
                1.0
            ],
            "status": {
                "enum": 3,
                "name": "Finalizado",
                "short_name": "Final",
                "symbol_name": "Fin"
            },
            "start_time": "09-03-2025 21:30",
            "game_time": 90.0,
            "game_time_to_display": "",
            "game_time_status_to_display": "Final"
        },
        {
            "id": "edbjhha",
            "stage_round_name": "Fecha 9",
            "winner": -1,
            "teams": [
                {
                    "name": "Newell's Old Boys",
                    "short_name": "Newell's",
                    "url_name": "newell's-old-boys",
                    "id": "ihh",
                    "country_id": "ba",
                    "allow_open": true,
                    "colors": {
                        "color": "#ED1C24",
                        "text_color": "#000000"
                    },
                    "red_cards": 0
                },
                {
                    "name": "Belgrano",
                    "short_name": "Belgrano",
                    "url_name": "belgrano",
                    "id": "fhid",
                    "country_id": "ba",
                    "allow_open": true,
                    "colors": {
                        "color": "#2AACE2",
                        "text_color": "#000000"
                    },
                    "red_cards": 2
                }
            ],
            "url_name": "newell's-old-boys-vs-belgrano",
            "scores": [
                0.0,
                0.0
            ],
            "status": {
                "enum": 3,
                "name": "Finalizado",
                "short_name": "Final",
                "symbol_name": "Fin"
            },
            "start_time": "09-03-2025 21:30",
            "game_time": 90.0,
            "game_time_to_display": "",
            "game_time_status_to_display": "Final"
        },
        {
            "id": "edbjhhc",
            "stage_round_name": "Fecha 9",
            "winner": -1,
            "teams": [
                {
                    "name": "Gimnasia La Plata",
                    "short_name": "Gimnasia",
                    "url_name": "gimnasia-y-esgrima-la-plata",
                    "id": "iia",
                    "country_id": "ba",
                    "allow_open": true,
                    "colors": {
                        "color": "#3F3B76",
                        "text_color": "#FFFFFF"
                    },
                    "red_cards": 0,
                    "goals": [
                        {
                            "player_name": "Yaison Murillo",
                            "player_sname": "Murillo",
                            "time": 90.0,
                            "time_to_display": "90'+5",
                            "goal_type": "E.C"
                        }
                    ]
                },
                {
                    "name": "Deportivo Riestra",
                    "short_name": "Riestra",
                    "url_name": "riestra",
                    "id": "bbjea",
                    "country_id": "ba",
                    "allow_open": true,
                    "colors": {
                        "color": "#262526",
                        "text_color": "#FFFFFF"
                    },
                    "red_cards": 0,
                    "goals": [
                        {
                            "player_name": "Antony Alonso",
                            "player_sname": "Antony Alonso",
                            "time": 2.0,
                            "time_to_display": "2'"
                        }
                    ]
                }
            ],
            "url_name": "gimnasia-y-esgrima-la-plata-vs-riestra",
            "scores": [
                1.0,
                1.0
            ],
            "status": {
                "enum": 3,
                "name": "Finalizado",
                "short_name": "Final",
                "symbol_name": "Fin"
            },
            "start_time": "10-03-2025 19:00",
            "game_time": 90.0,
            "game_time_to_display": "",
            "game_time_status_to_display": "Final"
        },
        {
            "id": "edbjhgb",
            "stage_round_name": "Fecha 9",
            "winner": -1,
            "teams": [
                {
                    "name": "Talleres de Córdoba",
                    "short_name": "Talleres",
                    "url_name": "talleres-cordoba",
                    "id": "jche",
                    "country_id": "ba",
                    "allow_open": true,
                    "colors": {
                        "color": "#041D47",
                        "text_color": "#FFFFFF"
                    },
                    "red_cards": 1
                },
                {
                    "name": "Rosario Central",
                    "short_name": "Central",
                    "url_name": "rosario-central",
                    "id": "ihf",
                    "country_id": "ba",
                    "allow_open": true,
                    "colors": {
                        "color": "#FFDB00",
                        "text_color": "#000000"
                    },
                    "red_cards": 0
                }
            ],
            "url_name": "talleres-cordoba-vs-rosario-central",
            "scores": [
                0.0,
                0.0
            ],
            "status": {
                "enum": 3,
                "name": "Finalizado",
                "short_name": "Final",
                "symbol_name": "Fin"
            },
            "start_time": "10-03-2025 21:15",
            "game_time": 90.0,
            "game_time_to_display": "",
            "game_time_status_to_display": "Final"
        },
        {
            "id": "edbjhgd",
            "stage_round_name": "Fecha 9",
            "winner": 1,
            "teams": [
                {
                    "name": "Independiente Rivadavia",
                    "short_name": "Ind. Rivadavia",
                    "url_name": "independiente-rivadavia",
                    "id": "hcch",
                    "country_id": "ba",
                    "allow_open": true,
                    "colors": {
                        "color": "#262169",
                        "text_color": "#FFFFFF"
                    },
                    "red_cards": 1,
                    "goals": [
                        {
                            "player_name": "Luis Sequeira",
                            "player_sname": "Sequeira",
                            "time": 38.0,
                            "time_to_display": "38'",
                            "goal_type": "Pen"
                        },
                        {
                            "player_name": "Luis Sequeira",
                            "player_sname": "Sequeira",
                            "time": 55.0,
                            "time_to_display": "55'"
                        }
                    ]
                },
                {
                    "name": "Unión de Santa Fe",
                    "short_name": "Unión",
                    "url_name": "union-santa-fe",
                    "id": "hcag",
                    "country_id": "ba",
                    "allow_open": true,
                    "colors": {
                        "color": "#DB304A",
                        "text_color": "#FFFFFF"
                    },
                    "red_cards": 0
                }
            ],
            "url_name": "independiente-rivadavia-vs-union-santa-fe",
            "scores": [
                2.0,
                0.0
            ],
            "status": {
                "enum": 3,
                "name": "Finalizado",
                "short_name": "Final",
                "symbol_name": "Fin"
            },
            "start_time": "10-03-2025 21:15",
            "game_time": 90.0,
            "game_time_to_display": "",
            "game_time_status_to_display": "Final"
        }
    ]
}