{
    "TTL": 300,
    "games": [
        {
            "id": "edcacej",
            "stage_round_name": "Fecha 4",
            "winner": 2,
            "teams": [
                {
                    "name": "Aldosivi",
                    "short_name": "Aldosivi",
                    "url_name": "aldosivi",
                    "id": "hccd",
                    "country_id": "ba",
                    "allow_open": true,
                    "colors": {
                        "color": "#39B54A",
                        "text_color": "#000000"
                    },
                    "red_cards": 0,
                    "goals": [
                        {
                            "player_name": "Franco Rami",
                            "player_sname": "Rami",
                            "time": 90.0,
                            "time_to_display": "90'+7"
                        }
                    ]
                },
                {
                    "name": "Barracas Central",
                    "short_name": "Barracas",
                    "url_name": "barracas-central",
                    "id": "jafb",
                    "country_id": "ba",
                    "allow_open": true,
                    "colors": {
                        "color": "#D4150D",
                        "text_color": "#FFFFFF"
                    },
                    "red_cards": 0,
                    "goals": [
                        {
                            "player_name": "Jhonatan Candia",
                            "player_sname": "Candia",
                            "time": 28.0,
                            "time_to_display": "28'"
                        },
                        {
                            "player_name": "Jhonatan Candia",
                            "player_sname": "Candia",
                            "time": 35.0,
                            "time_to_display": "35'"
                        },
                        {
                            "player_name": "Facundo Bruera",
                            "player_sname": "Bruera",
                            "time": 89.0,
                            "time_to_display": "89'"
                        }
                    ]
                }
            ],
            "url_name": "aldosivi-vs-barracas-central",
            "scores": [
                1.0,
                3.0
            ],
            "status": {
                "enum": 3,
                "name": "Finalizado",
                "short_name": "Final",
                "symbol_name": "Fin"
            },
            "start_time": "06-02-2025 17:00",
            "game_time": 90.0,
            "game_time_to_display": "",
            "game_time_status_to_display": "Final"
        },
        {
            "id": "edcacei",
            "stage_round_name": "Fecha 4",
            "winner": -1,
            "teams": [
                {
                    "name": "Sarmiento Junín",
                    "short_name": "Sarmiento",
                    "url_name": "sarmiento-junin",
                    "id": "hbbh",
                    "country_id": "ba",
                    "allow_open": true,
                    "colors": {
                        "color": "#096D37",
                        "text_color": "#FFFFFF"
                    },
                    "red_cards": 0,
                    "goals": [
                        {
                            "player_name": "Leandro Suhr",
                            "player_sname": "Suhr",
                            "time": 55.0,
                            "time_to_display": "55'"
                        }
                    ]
                },
                {
                    "name": "San Martín San Juan",
                    "short_name": "San Martín",
                    "url_name": "san-martin",
                    "id": "hcai",
                    "country_id": "ba",
                    "allow_open": true,
                    "colors": {
                        "color": "#179046",
                        "text_color": "#000000"
                    },
                    "red_cards": 0,
                    "goals": [
                        {
                            "player_name": "Federico Anselmo",
                            "player_sname": "Anselmo",
                            "time": 15.0,
                            "time_to_display": "15'"
                        }
                    ]
                }
            ],
            "url_name": "sarmiento-junin-vs-san-martin",
            "scores": [
                1.0,
                1.0
            ],
            "status": {
                "enum": 3,
                "name": "Finalizado",
                "short_name": "Final",
                "symbol_name": "Fin"
            },
            "start_time": "06-02-2025 20:00",
            "game_time": 90.0,
            "game_time_to_display": "",
            "game_time_status_to_display": "Final"
        },
        {
            "id": "edbjidh",
            "stage_round_name": "Fecha 4",
            "winner": -1,
            "teams": [
                {
                    "name": "Banfield",
                    "short_name": "Banfield",
                    "url_name": "banfield",
                    "id": "ihi",
                    "country_id": "ba",
                    "allow_open": true,
                    "colors": {
                        "color": "#02953D",
                        "text_color": "#000000"
                    },
                    "red_cards": 0,
                    "goals": [
                        {
                            "player_name": "Geronimo Rivera",
                            "player_sname": "Rivera",
                            "time": 34.0,
                            "time_to_display": "34'"
                        }
                    ]
                },
                {
                    "name": "Belgrano",
                    "short_name": "Belgrano",
                    "url_name": "belgrano",
                    "id": "fhid",
                    "country_id": "ba",
                    "allow_open": true,
                    "colors": {
                        "color": "#2AACE2",
                        "text_color": "#000000"
                    },
                    "red_cards": 0,
                    "goals": [
                        {
                            "player_name": "Franco Jara",
                            "player_sname": "Jara",
                            "time": 90.0,
                            "time_to_display": "90'+9",
                            "goal_type": "Pen"
                        }
                    ]
                }
            ],
            "url_name": "banfield-vs-belgrano",
            "scores": [
                1.0,
                1.0
            ],
            "status": {
                "enum": 3,
                "name": "Finalizado",
                "short_name": "Final",
                "symbol_name": "Fin"
            },
            "start_time": "07-02-2025 17:45",
            "game_time": 90.0,
            "game_time_to_display": "",
            "game_time_status_to_display": "Final"
        },
        {
            "id": "edbjidc",
            "stage_round_name": "Fecha 4",
            "winner": 1,
            "teams": [
                {
                    "name": "Huracán",
                    "short_name": "Huracán",
                    "url_name": "huracan",
                    "id": "iie",
                    "country_id": "ba",
                    "allow_open": true,
                    "colors": {
                        "color": "#FF1E1E",
                        "text_color": "#000000"
                    },
                    "red_cards": 0,
                    "goals": [
                        {
                            "player_name": "Matías Tissera",
                            "player_sname": "Tissera",
                            "time": 17.0,
                            "time_to_display": "17'"
                        },
                        {
                            "player_name": "Matko Miljevic",
                            "player_sname": "Miljevic",
                            "time": 83.0,
                            "time_to_display": "83'",
                            "goal_type": "Pen"
                        }
                    ]
                },
                {
                    "name": "Tigre",
                    "short_name": "Tigre",
                    "url_name": "tigre",
                    "id": "iid",
                    "country_id": "ba",
                    "allow_open": true,
                    "colors": {
                        "color": "#161267",
                        "text_color": "#FFFFFF"
                    },
                    "red_cards": 0
                }
            ],
            "url_name": "huracan-vs-tigre",
            "scores": [
                2.0,
                0.0
            ],
            "status": {
                "enum": 3,
                "name": "Finalizado",
                "short_name": "Final",
                "symbol_name": "Fin"
            },
            "start_time": "07-02-2025 20:00",
            "game_time": 90.0,
            "game_time_to_display": "",
            "game_time_status_to_display": "Final"
        },
        {
            "id": "edbjidj",
            "stage_round_name": "Fecha 4",
            "winner": 1,
            "teams": [
                {
                    "name": "Central Córdoba SdE",
                    "short_name": "Central Córdoba",
                    "url_name": "central-cordoba-sde",
                    "id": "beafh",
                    "country_id": "ba",
                    "allow_open": true,
                    "colors": {
                        "color": "#9E9E9E",
                        "text_color": "#000000"
                    },
                    "red_cards": 0,
                    "goals": [
                        {
                            "player_name": "Leonardo Heredia",
                            "player_sname": "Heredia",
                            "time": 36.0,
                            "time_to_display": "36'"
                        },
                        {
                            "player_name": "Jose Florentín",
                            "player_sname": "Florentín",
                            "time": 90.0,
                            "time_to_display": "90'+6"
                        }
                    ]
                },
                {
                    "name": "Newell's Old Boys",
                    "short_name": "Newell's",
                    "url_name": "newell's-old-boys",
                    "id": "ihh",
                    "country_id": "ba",
                    "allow_open": true,
                    "colors": {
                        "color": "#ED1C24",
                        "text_color": "#000000"
                    },
                    "red_cards": 1
                }
            ],
            "url_name": "central-cordoba-sde-vs-newell's-old-boys",
            "scores": [
                2.0,
                0.0
            ],
            "status": {
                "enum": 3,
                "name": "Finalizado",
                "short_name": "Final",
                "symbol_name": "Fin"
            },
            "start_time": "07-02-2025 20:00",
            "game_time": 90.0,
            "game_time_to_display": "",
            "game_time_status_to_display": "Final"
        },
        {
            "id": "edbjidf",
            "stage_round_name": "Fecha 4",
            "winner": 2,
            "teams": [
                {
                    "name": "Unión de Santa Fe",
                    "short_name": "Unión",
                    "url_name": "union-santa-fe",
                    "id": "hcag",
                    "country_id": "ba",
                    "allow_open": true,
                    "colors": {
                        "color": "#DB304A",
                        "text_color": "#FFFFFF"
                    },
                    "red_cards": 0
                },
                {
                    "name": "Argentinos Juniors",
                    "short_name": "Argentinos",
                    "url_name": "argentinos-juniors",
                    "id": "ihb",
                    "country_id": "ba",
                    "allow_open": true,
                    "colors": {
                        "color": "#EE292E",
                        "text_color": "#000000"
                    },
                    "red_cards": 0,
                    "goals": [
                        {
                            "player_name": "Nicolás Oroz",
                            "player_sname": "Oroz",
                            "time": 6.0,
                            "time_to_display": "6'"
                        }
                    ]
                }
            ],
            "url_name": "union-santa-fe-vs-argentinos-juniors",
            "scores": [
                0.0,
                1.0
            ],
            "status": {
                "enum": 3,
                "name": "Finalizado",
                "short_name": "Final",
                "symbol_name": "Fin"
            },
            "start_time": "07-02-2025 22:15",
            "game_time": 90.0,
            "game_time_to_display": "",
            "game_time_status_to_display": "Final"
        },
        {
            "id": "edbjidg",
            "stage_round_name": "Fecha 4",
            "winner": -1,
            "teams": [
                {
                    "name": "Independiente Rivadavia",
                    "short_name": "Ind. Rivadavia",
                    "url_name": "independiente-rivadavia",
                    "id": "hcch",
                    "country_id": "ba",
                    "allow_open": true,
                    "colors": {
                        "color": "#262169",
                        "text_color": "#FFFFFF"
                    },
                    "red_cards": 0,
                    "goals": [
                        {
                            "player_name": "Sebastián Villa",
                            "player_sname": "Villa",
                            "time": 80.0,
                            "time_to_display": "80'"
                        },
                        {
                            "player_name": "Fabrizio Sartori",
                            "player_sname": "Sartori",
                            "time": 83.0,
                            "time_to_display": "83'"
                        }
                    ]
                },
                {
                    "name": "Estudiantes de La Plata",
                    "short_name": "Estudiantes",
                    "url_name": "estudiantes-de-la-plata",
                    "id": "igh",
                    "country_id": "ba",
                    "allow_open": true,
                    "colors": {
                        "color": "#E30F13",
                        "text_color": "#FFFFFF"
                    },
                    "red_cards": 0,
                    "goals": [
                        {
                            "player_name": "Edwin Cetré",
                            "player_sname": "Cetré",
                            "time": 58.0,
                            "time_to_display": "58'"
                        },
                        {
                            "player_name": "Gabriel Neves",
                            "player_sname": "Neves",
                            "time": 81.0,
                            "time_to_display": "81'"
                        }
                    ]
                }
            ],
            "url_name": "independiente-rivadavia-vs-estudiantes-de-la-plata",
            "scores": [
                2.0,
                2.0
            ],
            "status": {
                "enum": 3,
                "name": "Finalizado",
                "short_name": "Final",
                "symbol_name": "Fin"
            },
            "start_time": "07-02-2025 22:15",
            "game_time": 90.0,
            "game_time_to_display": "",
            "game_time_status_to_display": "Final"
        },
        {
            "id": "edbjici",
            "stage_round_name": "Fecha 4",
            "winner": -1,
            "teams": [
                {
                    "name": "Vélez Sarsfield",
                    "short_name": "Vélez",
                    "url_name": "velez-sarsfield",
                    "id": "ihc",
                    "country_id": "ba",
                    "allow_open": true,
                    "colors": {
                        "color": "#2F3993",
                        "text_color": "#FFFFFF"
                    },
                    "red_cards": 0
                },
                {
                    "name": "San Lorenzo",
                    "short_name": "San Lorenzo",
                    "url_name": "san-lorenzo",
                    "id": "igf",
                    "country_id": "ba",
                    "allow_open": true,
                    "colors": {
                        "color": "#283B56",
                        "text_color": "#FFFFFF"
                    },
                    "red_cards": 0
                }
            ],
            "url_name": "velez-sarsfield-vs-san-lorenzo",
            "scores": [
                0.0,
                0.0
            ],
            "status": {
                "enum": 3,
                "name": "Finalizado",
                "short_name": "Final",
                "symbol_name": "Fin"
            },
            "start_time": "08-02-2025 18:00",
            "game_time": 90.0,
            "game_time_to_display": "",
            "game_time_status_to_display": "Final"
        },
        {
            "id": "edbjidd",
            "stage_round_name": "Fecha 4",
            "winner": 1,
            "teams": [
                {
                    "name": "Rosario Central",
                    "short_name": "Central",
                    "url_name": "rosario-central",
                    "id": "ihf",
                    "country_id": "ba",
                    "allow_open": true,
                    "colors": {
                        "color": "#FFDB00",
                        "text_color": "#000000"
                    },
                    "red_cards": 0,
                    "goals": [
                        {
                            "player_name": "Ignacio Malcorra",
                            "player_sname": "Malcorra",
                            "time": 36.0,
                            "time_to_display": "36'",
                            "goal_type": "Pen"
                        },
                        {
                            "player_name": "Jaminton Campaz",
                            "player_sname": "Campaz",
                            "time": 53.0,
                            "time_to_display": "53'"
                        },
                        {
                            "player_name": "Lautaro Giaccone",
                            "player_sname": "Lautaro Giaccone",
                            "time": 61.0,
                            "time_to_display": "61'"
                        }
                    ]
                },
                {
                    "name": "Atlético Tucumán",
                    "short_name": "Atl. Tucumán",
                    "url_name": "atletico-tucuman",
                    "id": "gbfc",
                    "country_id": "ba",
                    "allow_open": true,
                    "colors": {
                        "color": "#62BCF1",
                        "text_color": "#000000"
                    },
                    "red_cards": 0,
                    "goals": [
                        {
                            "player_name": "Jorge Broun",
                            "player_sname": "Broun",
                            "time": 49.0,
                            "time_to_display": "49'",
                            "goal_type": "E.C"
                        }
                    ]
                }
            ],
            "url_name": "rosario-central-vs-atletico-tucuman",
            "scores": [
                3.0,
                1.0
            ],
            "status": {
                "enum": 3,
                "name": "Finalizado",
                "short_name": "Final",
                "symbol_name": "Fin"
            },
            "start_time": "08-02-2025 19:30",
            "game_time": 90.0,
            "game_time_to_display": "",
            "game_time_status_to_display": "Final"
        },
        {
            "id": "edbjicj",
            "stage_round_name": "Fecha 4",
            "winner": 1,
            "teams": [
                {
                    "name": "River Plate",
                    "short_name": "River",
                    "url_name": "river-plate",
                    "id": "igi",
                    "country_id": "ba",
                    "allow_open": true,
                    "colors": {
                        "color": "#E3201C",
                        "text_color": "#FFFFFF"
                    },
                    "red_cards": 0,
                    "goals": [
                        {
                            "player_name": "Facundo Colidio",
                            "player_sname": "Colidio",
                            "time": 51.0,
                            "time_to_display": "51'"
                        },
                        {
                            "player_name": "Facundo Colidio",
                            "player_sname": "Colidio",
                            "time": 90.0,
                            "time_to_display": "90'+2"
                        }
                    ]
                },
                {
                    "name": "Independiente",
                    "short_name": "Independiente",
                    "url_name": "independiente",
                    "id": "ihe",
                    "country_id": "ba",
                    "allow_open": true,
                    "colors": {
                        "color": "#ED1C24",
                        "text_color": "#000000"
                    },
                    "red_cards": 0
                }
            ],
            "url_name": "river-plate-vs-independiente",
            "scores": [
                2.0,
                0.0
            ],
            "status": {
                "enum": 3,
                "name": "Finalizado",
                "short_name": "Final",
                "symbol_name": "Fin"
            },
            "start_time": "08-02-2025 20:15",
            "game_time": 90.0,
            "game_time_to_display": "",
            "game_time_status_to_display": "Final"
        },
        {
            "id": "edbjide",
            "stage_round_name": "Fecha 4",
            "winner": 1,
            "teams": [
                {
                    "name": "Racing Club",
                    "short_name": "Racing",
                    "url_name": "racing-club",
                    "id": "ihg",
                    "country_id": "ba",
                    "allow_open": true,
                    "colors": {
                        "color": "#029CDC",
                        "text_color": "#000000"
                    },
                    "red_cards": 0,
                    "goals": [
                        {
                            "player_name": "Luciano Vietto",
                            "player_sname": "Vietto",
                            "time": 16.0,
                            "time_to_display": "16'"
                        },
                        {
                            "player_name": "Adrian Martinez",
                            "player_sname": "Adrian Martinez",
                            "time": 87.0,
                            "time_to_display": "87'"
                        }
                    ]
                },
                {
                    "name": "Boca Juniors",
                    "short_name": "Boca Jrs.",
                    "url_name": "boca-juniors",
                    "id": "igg",
                    "country_id": "ba",
                    "allow_open": true,
                    "colors": {
                        "color": "#1F62AF",
                        "text_color": "#FFFFFF"
                    },
                    "red_cards": 1
                }
            ],
            "url_name": "racing-club-vs-boca-juniors",
            "scores": [
                2.0,
                0.0
            ],
            "status": {
                "enum": 3,
                "name": "Finalizado",
                "short_name": "Final",
                "symbol_name": "Fin"
            },
            "start_time": "08-02-2025 22:15",
            "game_time": 90.0,
            "game_time_to_display": "",
            "game_time_status_to_display": "Final"
        },
        {
            "id": "edbjicg",
            "stage_round_name": "Fecha 4",
            "winner": 1,
            "teams": [
                {
                    "name": "Platense",
                    "short_name": "Platense",
                    "url_name": "platense",
                    "id": "hcah",
                    "country_id": "ba",
                    "allow_open": true,
                    "colors": {
                        "color": "#5C3919",
                        "text_color": "#FFFFFF"
                    },
                    "red_cards": 0,
                    "goals": [
                        {
                            "player_name": "Augusto Lotti",
                            "player_sname": "Lotti",
                            "time": 56.0,
                            "time_to_display": "56'"
                        }
                    ]
                },
                {
                    "name": "Instituto",
                    "short_name": "Instituto",
                    "url_name": "instituto-ac-cordoba",
                    "id": "hchc",
                    "country_id": "ba",
                    "allow_open": true,
                    "colors": {
                        "color": "#EA1D29",
                        "text_color": "#000000"
                    },
                    "red_cards": 0
                }
            ],
            "url_name": "platense-vs-instituto-ac-cordoba",
            "scores": [
                1.0,
                0.0
            ],
            "status": {
                "enum": 3,
                "name": "Finalizado",
                "short_name": "Final",
                "symbol_name": "Fin"
            },
            "start_time": "09-02-2025 17:00",
            "game_time": 90.0,
            "game_time_to_display": "",
            "game_time_status_to_display": "Final"
        },
        {
            "id": "edbjich",
            "stage_round_name": "Fecha 4",
            "winner": -1,
            "teams": [
                {
                    "name": "Deportivo Riestra",
                    "short_name": "Riestra",
                    "url_name": "riestra",
                    "id": "bbjea",
                    "country_id": "ba",
                    "allow_open": true,
                    "colors": {
                        "color": "#262526",
                        "text_color": "#FFFFFF"
                    },
                    "red_cards": 0,
                    "goals": [
                        {
                            "player_name": "Jonathan Herrera",
                            "player_sname": "Herrera",
                            "time": 90.0,
                            "time_to_display": "90'"
                        }
                    ]
                },
                {
                    "name": "Defensa y Justicia",
                    "short_name": "Defensa",
                    "url_name": "defensa-y-justicia",
                    "id": "hcbh",
                    "country_id": "ba",
                    "allow_open": true,
                    "colors": {
                        "color": "#22A07D",
                        "text_color": "#000000"
                    },
                    "red_cards": 0,
                    "goals": [
                        {
                            "player_name": "Ezequiel Cannavo",
                            "player_sname": "Ezequiel Cannavo",
                            "time": 49.0,
                            "time_to_display": "49'"
                        }
                    ]
                }
            ],
            "url_name": "riestra-vs-defensa-y-justicia",
            "scores": [
                1.0,
                1.0
            ],
            "status": {
                "enum": 3,
                "name": "Finalizado",
                "short_name": "Final",
                "symbol_name": "Fin"
            },
            "start_time": "09-02-2025 17:00",
            "game_time": 90.0,
            "game_time_to_display": "",
            "game_time_status_to_display": "Final"
        },
        {
            "id": "edbjida",
            "stage_round_name": "Fecha 4",
            "winner": 1,
            "teams": [
                {
                    "name": "Gimnasia La Plata",
                    "short_name": "Gimnasia",
                    "url_name": "gimnasia-y-esgrima-la-plata",
                    "id": "iia",
                    "country_id": "ba",
                    "allow_open": true,
                    "colors": {
                        "color": "#3F3B76",
                        "text_color": "#FFFFFF"
                    },
                    "red_cards": 0,
                    "goals": [
                        {
                            "player_name": "Leonardo Morales",
                            "player_sname": "Leonardo Morales",
                            "time": 22.0,
                            "time_to_display": "22'"
                        },
                        {
                            "player_name": "Rodrigo Castillo",
                            "player_sname": "Castillo",
                            "time": 63.0,
                            "time_to_display": "63'"
                        },
                        {
                            "player_name": "Rodrigo Castillo",
                            "player_sname": "Castillo",
                            "time": 75.0,
                            "time_to_display": "75'"
                        }
                    ]
                },
                {
                    "name": "Godoy Cruz",
                    "short_name": "Godoy Cruz",
                    "url_name": "godoy-cruz",
                    "id": "ihd",
                    "country_id": "ba",
                    "allow_open": true,
                    "colors": {
                        "color": "#0033CC",
                        "text_color": "#FFFFFF"
                    },
                    "red_cards": 0
                }
            ],
            "url_name": "gimnasia-y-esgrima-la-plata-vs-godoy-cruz",
            "scores": [
                3.0,
                0.0
            ],
            "status": {
                "enum": 3,
                "name": "Finalizado",
                "short_name": "Final",
                "symbol_name": "Fin"
            },
            "start_time": "09-02-2025 19:15",
            "game_time": 90.0,
            "game_time_to_display": "",
            "game_time_status_to_display": "Final"
        },
        {
            "id": "edbjidb",
            "stage_round_name": "Fecha 4",
            "winner": 2,
            "teams": [
                {
                    "name": "Talleres de Córdoba",
                    "short_name": "Talleres",
                    "url_name": "talleres-cordoba",
                    "id": "jche",
                    "country_id": "ba",
                    "allow_open": true,
                    "colors": {
                        "color": "#041D47",
                        "text_color": "#FFFFFF"
                    },
                    "red_cards": 0
                },
                {
                    "name": "Lanús",
                    "short_name": "Lanús",
                    "url_name": "lanus",
                    "id": "igj",
                    "country_id": "ba",
                    "allow_open": true,
                    "colors": {
                        "color": "#9F2B54",
                        "text_color": "#FFFFFF"
                    },
                    "red_cards": 0,
                    "goals": [
                        {
                            "player_name": "Walter Bou",
                            "player_sname": "Bou",
                            "time": 42.0,
                            "time_to_display": "42'"
                        }
                    ]
                }
            ],
            "url_name": "talleres-cordoba-vs-lanus",
            "scores": [
                0.0,
                1.0
            ],
            "status": {
                "enum": 3,
                "name": "Finalizado",
                "short_name": "Final",
                "symbol_name": "Fin"
            },
            "start_time": "09-02-2025 21:30",
            "game_time": 90.0,
            "game_time_to_display": "",
            "game_time_status_to_display": "Final"
        }
    ]
}