{
    "TTL": 300,
    "games": [
        {
            "id": "edbjhcj",
            "stage_round_name": "Fecha 12",
            "winner": 2,
            "teams": [
                {
                    "name": "Estudiantes de La Plata",
                    "short_name": "Estudiantes",
                    "url_name": "estudiantes-de-la-plata",
                    "id": "igh",
                    "country_id": "ba",
                    "allow_open": true,
                    "colors": {
                        "color": "#E30F13",
                        "text_color": "#FFFFFF"
                    },
                    "red_cards": 0
                },
                {
                    "name": "Belgrano",
                    "short_name": "Belgrano",
                    "url_name": "belgrano",
                    "id": "fhid",
                    "country_id": "ba",
                    "allow_open": true,
                    "colors": {
                        "color": "#2AACE2",
                        "text_color": "#000000"
                    },
                    "red_cards": 0,
                    "goals": [
                        {
                            "player_name": "Nicolás Fernández",
                            "player_sname": "Fernández",
                            "time": 41.0,
                            "time_to_display": "41'"
                        }
                    ]
                }
            ],
            "url_name": "estudiantes-de-la-plata-vs-belgrano",
            "scores": [
                0.0,
                1.0
            ],
            "status": {
                "enum": 3,
                "name": "Finalizado",
                "short_name": "Final",
                "symbol_name": "Fin"
            },
            "start_time": "04-04-2025 19:00",
            "game_time": 90.0,
            "game_time_to_display": "",
            "game_time_status_to_display": "Final"
        },
        {
            "id": "edcacdc",
            "stage_round_name": "Fecha 12",
            "winner": 2,
            "teams": [
                {
                    "name": "San Martín San Juan",
                    "short_name": "San Martín",
                    "url_name": "san-martin",
                    "id": "hcai",
                    "country_id": "ba",
                    "allow_open": true,
                    "colors": {
                        "color": "#179046",
                        "text_color": "#000000"
                    },
                    "red_cards": 0
                },
                {
                    "name": "San Lorenzo",
                    "short_name": "San Lorenzo",
                    "url_name": "san-lorenzo",
                    "id": "igf",
                    "country_id": "ba",
                    "allow_open": true,
                    "colors": {
                        "color": "#283B56",
                        "text_color": "#FFFFFF"
                    },
                    "red_cards": 0,
                    "goals": [
                        {
                            "player_name": "Ezequiel Cerutti",
                            "player_sname": "Cerutti",
                            "time": 69.0,
                            "time_to_display": "69'"
                        }
                    ]
                }
            ],
            "url_name": "san-martin-vs-san-lorenzo",
            "scores": [
                0.0,
                1.0
            ],
            "status": {
                "enum": 3,
                "name": "Finalizado",
                "short_name": "Final",
                "symbol_name": "Fin"
            },
            "start_time": "04-04-2025 22:00",
            "game_time": 90.0,
            "game_time_to_display": "",
            "game_time_status_to_display": "Final"
        },
        {
            "id": "edbjhcc",
            "stage_round_name": "Fecha 12",
            "winner": -1,
            "teams": [
                {
                    "name": "Godoy Cruz",
                    "short_name": "Godoy Cruz",
                    "url_name": "godoy-cruz",
                    "id": "ihd",
                    "country_id": "ba",
                    "allow_open": true,
                    "colors": {
                        "color": "#0033CC",
                        "text_color": "#FFFFFF"
                    },
                    "red_cards": 0,
                    "goals": [
                        {
                            "player_name": "Santino Andino",
                            "player_sname": "Andino",
                            "time": 45.0,
                            "time_to_display": "45'+1"
                        }
                    ]
                },
                {
                    "name": "Independiente Rivadavia",
                    "short_name": "Ind. Rivadavia",
                    "url_name": "independiente-rivadavia",
                    "id": "hcch",
                    "country_id": "ba",
                    "allow_open": true,
                    "colors": {
                        "color": "#262169",
                        "text_color": "#FFFFFF"
                    },
                    "red_cards": 0,
                    "goals": [
                        {
                            "player_name": "Ivan Villalba",
                            "player_sname": "Villalba",
                            "time": 74.0,
                            "time_to_display": "74'"
                        }
                    ]
                }
            ],
            "url_name": "godoy-cruz-vs-independiente-rivadavia",
            "scores": [
                1.0,
                1.0
            ],
            "status": {
                "enum": 3,
                "name": "Finalizado",
                "short_name": "Final",
                "symbol_name": "Fin"
            },
            "start_time": "05-04-2025 15:30",
            "game_time": 90.0,
            "game_time_to_display": "",
            "game_time_status_to_display": "Final"
        },
        {
            "id": "edbjhcg",
            "stage_round_name": "Fecha 12",
            "winner": 1,
            "teams": [
                {
                    "name": "Rosario Central",
                    "short_name": "Central",
                    "url_name": "rosario-central",
                    "id": "ihf",
                    "country_id": "ba",
                    "allow_open": true,
                    "colors": {
                        "color": "#FFDB00",
                        "text_color": "#000000"
                    },
                    "red_cards": 0,
                    "goals": [
                        {
                            "player_name": "Agustín Sández",
                            "player_sname": "Sández",
                            "time": 58.0,
                            "time_to_display": "58'"
                        },
                        {
                            "player_name": "Enzo Giménez",
                            "player_sname": "Giménez",
                            "time": 90.0,
                            "time_to_display": "90'+1"
                        }
                    ]
                },
                {
                    "name": "Vélez Sarsfield",
                    "short_name": "Vélez",
                    "url_name": "velez-sarsfield",
                    "id": "ihc",
                    "country_id": "ba",
                    "allow_open": true,
                    "colors": {
                        "color": "#2F3993",
                        "text_color": "#FFFFFF"
                    },
                    "red_cards": 1,
                    "goals": [
                        {
                            "player_name": "Braian Romero",
                            "player_sname": "Romero",
                            "time": 10.0,
                            "time_to_display": "10'"
                        }
                    ]
                }
            ],
            "url_name": "rosario-central-vs-velez-sarsfield",
            "scores": [
                2.0,
                1.0
            ],
            "status": {
                "enum": 3,
                "name": "Finalizado",
                "short_name": "Final",
                "symbol_name": "Fin"
            },
            "start_time": "05-04-2025 15:30",
            "game_time": 90.0,
            "game_time_to_display": "",
            "game_time_status_to_display": "Final"
        },
        {
            "id": "edbjhcd",
            "stage_round_name": "Fecha 12",
            "winner": 1,
            "teams": [
                {
                    "name": "Talleres de Córdoba",
                    "short_name": "Talleres",
                    "url_name": "talleres-cordoba",
                    "id": "jche",
                    "country_id": "ba",
                    "allow_open": true,
                    "colors": {
                        "color": "#041D47",
                        "text_color": "#FFFFFF"
                    },
                    "red_cards": 0,
                    "goals": [
                        {
                            "player_name": "Augusto Schott",
                            "player_sname": "Schott",
                            "time": 16.0,
                            "time_to_display": "16'"
                        },
                        {
                            "player_name": "Ulises Ortegoza",
                            "player_sname": "Ortegoza",
                            "time": 65.0,
                            "time_to_display": "65'"
                        }
                    ]
                },
                {
                    "name": "Gimnasia La Plata",
                    "short_name": "Gimnasia",
                    "url_name": "gimnasia-y-esgrima-la-plata",
                    "id": "iia",
                    "country_id": "ba",
                    "allow_open": true,
                    "colors": {
                        "color": "#3F3B76",
                        "text_color": "#FFFFFF"
                    },
                    "red_cards": 0
                }
            ],
            "url_name": "talleres-cordoba-vs-gimnasia-y-esgrima-la-plata",
            "scores": [
                2.0,
                0.0
            ],
            "status": {
                "enum": 3,
                "name": "Finalizado",
                "short_name": "Final",
                "symbol_name": "Fin"
            },
            "start_time": "05-04-2025 18:00",
            "game_time": 90.0,
            "game_time_to_display": "",
            "game_time_status_to_display": "Final"
        },
        {
            "id": "edcacdd",
            "stage_round_name": "Fecha 12",
            "winner": -1,
            "teams": [
                {
                    "name": "Huracán",
                    "short_name": "Huracán",
                    "url_name": "huracan",
                    "id": "iie",
                    "country_id": "ba",
                    "allow_open": true,
                    "colors": {
                        "color": "#FF1E1E",
                        "text_color": "#000000"
                    },
                    "red_cards": 0,
                    "goals": [
                        {
                            "player_name": "Matko Miljevic",
                            "player_sname": "Miljevic",
                            "time": 24.0,
                            "time_to_display": "24'"
                        },
                        {
                            "player_name": "Leonardo Sequeira",
                            "player_sname": "Sequeira",
                            "time": 48.0,
                            "time_to_display": "48'"
                        },
                        {
                            "player_name": "Matko Miljevic",
                            "player_sname": "Miljevic",
                            "time": 68.0,
                            "time_to_display": "68'"
                        }
                    ]
                },
                {
                    "name": "Aldosivi",
                    "short_name": "Aldosivi",
                    "url_name": "aldosivi",
                    "id": "hccd",
                    "country_id": "ba",
                    "allow_open": true,
                    "colors": {
                        "color": "#39B54A",
                        "text_color": "#000000"
                    },
                    "red_cards": 0,
                    "goals": [
                        {
                            "player_name": "Elias Torres",
                            "player_sname": "Torres",
                            "time": 20.0,
                            "time_to_display": "20'",
                            "goal_type": "Pen"
                        },
                        {
                            "player_name": "Agustín Palavecino",
                            "player_sname": "Palavecino",
                            "time": 63.0,
                            "time_to_display": "63'"
                        },
                        {
                            "player_name": "Justo Giani",
                            "player_sname": "Giani",
                            "time": 80.0,
                            "time_to_display": "80'"
                        }
                    ]
                }
            ],
            "url_name": "huracan-vs-aldosivi",
            "scores": [
                3.0,
                3.0
            ],
            "status": {
                "enum": 3,
                "name": "Finalizado",
                "short_name": "Final",
                "symbol_name": "Fin"
            },
            "start_time": "05-04-2025 18:00",
            "game_time": 90.0,
            "game_time_to_display": "",
            "game_time_status_to_display": "Final"
        },
        {
            "id": "edbjhce",
            "stage_round_name": "Fecha 12",
            "winner": -1,
            "teams": [
                {
                    "name": "Sarmiento Junín",
                    "short_name": "Sarmiento",
                    "url_name": "sarmiento-junin",
                    "id": "hbbh",
                    "country_id": "ba",
                    "allow_open": true,
                    "colors": {
                        "color": "#096D37",
                        "text_color": "#FFFFFF"
                    },
                    "red_cards": 0,
                    "goals": [
                        {
                            "player_name": "Juan Manuel Insaurralde",
                            "player_sname": "Insaurralde",
                            "time": 44.0,
                            "time_to_display": "44'"
                        }
                    ]
                },
                {
                    "name": "River Plate",
                    "short_name": "River",
                    "url_name": "river-plate",
                    "id": "igi",
                    "country_id": "ba",
                    "allow_open": true,
                    "colors": {
                        "color": "#E3201C",
                        "text_color": "#FFFFFF"
                    },
                    "red_cards": 0,
                    "goals": [
                        {
                            "player_name": "Miguel Borja",
                            "player_sname": "Borja",
                            "time": 30.0,
                            "time_to_display": "30'"
                        }
                    ]
                }
            ],
            "url_name": "sarmiento-junin-vs-river-plate",
            "scores": [
                1.0,
                1.0
            ],
            "status": {
                "enum": 3,
                "name": "Finalizado",
                "short_name": "Final",
                "symbol_name": "Fin"
            },
            "start_time": "05-04-2025 20:30",
            "game_time": 90.0,
            "game_time_to_display": "",
            "game_time_status_to_display": "Final"
        },
        {
            "id": "edbjhci",
            "stage_round_name": "Fecha 12",
            "winner": -1,
            "teams": [
                {
                    "name": "Lanús",
                    "short_name": "Lanús",
                    "url_name": "lanus",
                    "id": "igj",
                    "country_id": "ba",
                    "allow_open": true,
                    "colors": {
                        "color": "#9F2B54",
                        "text_color": "#FFFFFF"
                    },
                    "red_cards": 0,
                    "goals": [
                        {
                            "player_name": "Eduardo Salvio",
                            "player_sname": "Salvio",
                            "time": 61.0,
                            "time_to_display": "61'",
                            "goal_type": "Pen"
                        }
                    ]
                },
                {
                    "name": "Independiente",
                    "short_name": "Independiente",
                    "url_name": "independiente",
                    "id": "ihe",
                    "country_id": "ba",
                    "allow_open": true,
                    "colors": {
                        "color": "#ED1C24",
                        "text_color": "#000000"
                    },
                    "red_cards": 0,
                    "goals": [
                        {
                            "player_name": "Pablo Galdames",
                            "player_sname": "Galdames",
                            "time": 3.0,
                            "time_to_display": "3'"
                        }
                    ]
                }
            ],
            "url_name": "lanus-vs-independiente",
            "scores": [
                1.0,
                1.0
            ],
            "status": {
                "enum": 3,
                "name": "Finalizado",
                "short_name": "Final",
                "symbol_name": "Fin"
            },
            "start_time": "06-04-2025 15:30",
            "game_time": 90.0,
            "game_time_to_display": "",
            "game_time_status_to_display": "Final"
        },
        {
            "id": "edbjhdc",
            "stage_round_name": "Fecha 12",
            "winner": 1,
            "teams": [
                {
                    "name": "Unión de Santa Fe",
                    "short_name": "Unión",
                    "url_name": "union-santa-fe",
                    "id": "hcag",
                    "country_id": "ba",
                    "allow_open": true,
                    "colors": {
                        "color": "#DB304A",
                        "text_color": "#FFFFFF"
                    },
                    "red_cards": 0,
                    "goals": [
                        {
                            "player_name": "Lucas Gamba",
                            "player_sname": "Gamba",
                            "time": 29.0,
                            "time_to_display": "29'"
                        }
                    ]
                },
                {
                    "name": "Central Córdoba SdE",
                    "short_name": "Central Córdoba",
                    "url_name": "central-cordoba-sde",
                    "id": "beafh",
                    "country_id": "ba",
                    "allow_open": true,
                    "colors": {
                        "color": "#9E9E9E",
                        "text_color": "#000000"
                    },
                    "red_cards": 0
                }
            ],
            "url_name": "union-santa-fe-vs-central-cordoba-sde",
            "scores": [
                1.0,
                0.0
            ],
            "status": {
                "enum": 3,
                "name": "Finalizado",
                "short_name": "Final",
                "symbol_name": "Fin"
            },
            "start_time": "06-04-2025 15:30",
            "game_time": 90.0,
            "game_time_to_display": "",
            "game_time_status_to_display": "Final"
        },
        {
            "id": "edbjhda",
            "stage_round_name": "Fecha 12",
            "winner": 1,
            "teams": [
                {
                    "name": "Boca Juniors",
                    "short_name": "Boca Jrs.",
                    "url_name": "boca-juniors",
                    "id": "igg",
                    "country_id": "ba",
                    "allow_open": true,
                    "colors": {
                        "color": "#1F62AF",
                        "text_color": "#FFFFFF"
                    },
                    "red_cards": 0,
                    "goals": [
                        {
                            "player_name": "Rodrigo Battaglia",
                            "player_sname": "Battaglia",
                            "time": 40.0,
                            "time_to_display": "40'"
                        }
                    ]
                },
                {
                    "name": "Barracas Central",
                    "short_name": "Barracas",
                    "url_name": "barracas-central",
                    "id": "jafb",
                    "country_id": "ba",
                    "allow_open": true,
                    "colors": {
                        "color": "#D4150D",
                        "text_color": "#FFFFFF"
                    },
                    "red_cards": 0
                }
            ],
            "url_name": "boca-juniors-vs-barracas-central",
            "scores": [
                1.0,
                0.0
            ],
            "status": {
                "enum": 3,
                "name": "Finalizado",
                "short_name": "Final",
                "symbol_name": "Fin"
            },
            "start_time": "06-04-2025 18:00",
            "game_time": 90.0,
            "game_time_to_display": "",
            "game_time_status_to_display": "Final"
        },
        {
            "id": "edbjhdb",
            "stage_round_name": "Fecha 12",
            "winner": 1,
            "teams": [
                {
                    "name": "Argentinos Juniors",
                    "short_name": "Argentinos",
                    "url_name": "argentinos-juniors",
                    "id": "ihb",
                    "country_id": "ba",
                    "allow_open": true,
                    "colors": {
                        "color": "#EE292E",
                        "text_color": "#000000"
                    },
                    "red_cards": 0,
                    "goals": [
                        {
                            "player_name": "Emiliano Viveros",
                            "player_sname": "Viveros",
                            "time": 5.0,
                            "time_to_display": "5'"
                        },
                        {
                            "player_name": "Leandro Lozano",
                            "player_sname": "Lozano",
                            "time": 12.0,
                            "time_to_display": "12'"
                        },
                        {
                            "player_name": "Tomás Molina",
                            "player_sname": "Molina",
                            "time": 24.0,
                            "time_to_display": "24'"
                        },
                        {
                            "player_name": "Román Vega",
                            "player_sname": "Vega",
                            "time": 31.0,
                            "time_to_display": "31'"
                        }
                    ]
                },
                {
                    "name": "Defensa y Justicia",
                    "short_name": "Defensa",
                    "url_name": "defensa-y-justicia",
                    "id": "hcbh",
                    "country_id": "ba",
                    "allow_open": true,
                    "colors": {
                        "color": "#22A07D",
                        "text_color": "#000000"
                    },
                    "red_cards": 0,
                    "goals": [
                        {
                            "player_name": "Abiel Osorio",
                            "player_sname": "Abiel Osorio",
                            "time": 52.0,
                            "time_to_display": "52'"
                        }
                    ]
                }
            ],
            "url_name": "argentinos-juniors-vs-defensa-y-justicia",
            "scores": [
                4.0,
                1.0
            ],
            "status": {
                "enum": 3,
                "name": "Finalizado",
                "short_name": "Final",
                "symbol_name": "Fin"
            },
            "start_time": "06-04-2025 20:15",
            "game_time": 90.0,
            "game_time_to_display": "",
            "game_time_status_to_display": "Final"
        },
        {
            "id": "edbjhdd",
            "stage_round_name": "Fecha 12",
            "winner": 1,
            "teams": [
                {
                    "name": "Racing Club",
                    "short_name": "Racing",
                    "url_name": "racing-club",
                    "id": "ihg",
                    "country_id": "ba",
                    "allow_open": true,
                    "colors": {
                        "color": "#029CDC",
                        "text_color": "#000000"
                    },
                    "red_cards": 0,
                    "goals": [
                        {
                            "player_name": "Adrian Martinez",
                            "player_sname": "Adrian Martinez",
                            "time": 42.0,
                            "time_to_display": "42'"
                        },
                        {
                            "player_name": "Adrian Martinez",
                            "player_sname": "Adrian Martinez",
                            "time": 46.0,
                            "time_to_display": "46'"
                        },
                        {
                            "player_name": "Adrian Martinez",
                            "player_sname": "Adrian Martinez",
                            "time": 55.0,
                            "time_to_display": "55'"
                        },
                        {
                            "player_name": "Santiago Solari",
                            "player_sname": "Solari",
                            "time": 75.0,
                            "time_to_display": "75'"
                        }
                    ]
                },
                {
                    "name": "Banfield",
                    "short_name": "Banfield",
                    "url_name": "banfield",
                    "id": "ihi",
                    "country_id": "ba",
                    "allow_open": true,
                    "colors": {
                        "color": "#02953D",
                        "text_color": "#000000"
                    },
                    "red_cards": 0,
                    "goals": [
                        {
                            "player_name": "Agustín Alaniz",
                            "player_sname": "Agustín Alaniz",
                            "time": 90.0,
                            "time_to_display": "90'"
                        }
                    ]
                }
            ],
            "url_name": "racing-club-vs-banfield",
            "scores": [
                4.0,
                1.0
            ],
            "status": {
                "enum": 3,
                "name": "Finalizado",
                "short_name": "Final",
                "symbol_name": "Fin"
            },
            "start_time": "06-04-2025 20:15",
            "game_time": 90.0,
            "game_time_to_display": "",
            "game_time_status_to_display": "Final"
        },
        {
            "id": "edbjhcf",
            "stage_round_name": "Fecha 12",
            "winner": 1,
            "teams": [
                {
                    "name": "Deportivo Riestra",
                    "short_name": "Riestra",
                    "url_name": "riestra",
                    "id": "bbjea",
                    "country_id": "ba",
                    "allow_open": true,
                    "colors": {
                        "color": "#262526",
                        "text_color": "#FFFFFF"
                    },
                    "red_cards": 0,
                    "goals": [
                        {
                            "player_name": "Juan Randazzo",
                            "player_sname": "Randazzo",
                            "time": 57.0,
                            "time_to_display": "57'"
                        }
                    ]
                },
                {
                    "name": "Platense",
                    "short_name": "Platense",
                    "url_name": "platense",
                    "id": "hcah",
                    "country_id": "ba",
                    "allow_open": true,
                    "colors": {
                        "color": "#5C3919",
                        "text_color": "#FFFFFF"
                    },
                    "red_cards": 1
                }
            ],
            "url_name": "riestra-vs-platense",
            "scores": [
                1.0,
                0.0
            ],
            "status": {
                "enum": 3,
                "name": "Finalizado",
                "short_name": "Final",
                "symbol_name": "Fin"
            },
            "start_time": "07-04-2025 15:30",
            "game_time": 90.0,
            "game_time_to_display": "",
            "game_time_status_to_display": "Final"
        },
        {
            "id": "edbjhch",
            "stage_round_name": "Fecha 12",
            "winner": 1,
            "teams": [
                {
                    "name": "Atlético Tucumán",
                    "short_name": "Atl. Tucumán",
                    "url_name": "atletico-tucuman",
                    "id": "gbfc",
                    "country_id": "ba",
                    "allow_open": true,
                    "colors": {
                        "color": "#62BCF1",
                        "text_color": "#000000"
                    },
                    "red_cards": 0,
                    "goals": [
                        {
                            "player_name": "Mateo Coronel",
                            "player_sname": "Coronel",
                            "time": 45.0,
                            "time_to_display": "45'"
                        },
                        {
                            "player_name": "Miguel Brizuela",
                            "player_sname": "Miguel Brizuela",
                            "time": 49.0,
                            "time_to_display": "49'"
                        },
                        {
                            "player_name": "Nicolás Laméndola",
                            "player_sname": "Laméndola",
                            "time": 90.0,
                            "time_to_display": "90'+1"
                        }
                    ]
                },
                {
                    "name": "Instituto",
                    "short_name": "Instituto",
                    "url_name": "instituto-ac-cordoba",
                    "id": "hchc",
                    "country_id": "ba",
                    "allow_open": true,
                    "colors": {
                        "color": "#EA1D29",
                        "text_color": "#000000"
                    },
                    "red_cards": 0,
                    "goals": [
                        {
                            "player_name": "Alex Luna",
                            "player_sname": "Luna",
                            "time": 56.0,
                            "time_to_display": "56'",
                            "goal_type": "Pen"
                        },
                        {
                            "player_name": "Alex Luna",
                            "player_sname": "Luna",
                            "time": 81.0,
                            "time_to_display": "81'"
                        }
                    ]
                }
            ],
            "url_name": "atletico-tucuman-vs-instituto-ac-cordoba",
            "scores": [
                3.0,
                2.0
            ],
            "status": {
                "enum": 3,
                "name": "Finalizado",
                "short_name": "Final",
                "symbol_name": "Fin"
            },
            "start_time": "07-04-2025 21:00",
            "game_time": 90.0,
            "game_time_to_display": "",
            "game_time_status_to_display": "Final"
        },
        {
            "id": "edbjhde",
            "stage_round_name": "Fecha 12",
            "winner": 2,
            "teams": [
                {
                    "name": "Tigre",
                    "short_name": "Tigre",
                    "url_name": "tigre",
                    "id": "iid",
                    "country_id": "ba",
                    "allow_open": true,
                    "colors": {
                        "color": "#161267",
                        "text_color": "#FFFFFF"
                    },
                    "red_cards": 0
                },
                {
                    "name": "Newell's Old Boys",
                    "short_name": "Newell's",
                    "url_name": "newell's-old-boys",
                    "id": "ihh",
                    "country_id": "ba",
                    "allow_open": true,
                    "colors": {
                        "color": "#ED1C24",
                        "text_color": "#000000"
                    },
                    "red_cards": 0,
                    "goals": [
                        {
                            "player_name": "Victor Cuesta",
                            "player_sname": "Cuesta",
                            "time": 13.0,
                            "time_to_display": "13'"
                        },
                        {
                            "player_name": "Luciano Herrera",
                            "player_sname": "Herrera",
                            "time": 74.0,
                            "time_to_display": "74'"
                        }
                    ]
                }
            ],
            "url_name": "tigre-vs-newell's-old-boys",
            "scores": [
                0.0,
                2.0
            ],
            "status": {
                "enum": 3,
                "name": "Finalizado",
                "short_name": "Final",
                "symbol_name": "Fin"
            },
            "start_time": "07-04-2025 21:00",
            "game_time": 90.0,
            "game_time_to_display": "",
            "game_time_status_to_display": "Final"
        }
    ]
}