{
    "TTL": 300,
    "games": [
        {
            "id": "edcacdf",
            "stage_round_name": "Fecha 11",
            "winner": 1,
            "teams": [
                {
                    "name": "Aldosivi",
                    "short_name": "Aldosivi",
                    "url_name": "aldosivi",
                    "id": "hccd",
                    "country_id": "ba",
                    "allow_open": true,
                    "colors": {
                        "color": "#39B54A",
                        "text_color": "#000000"
                    },
                    "red_cards": 0,
                    "goals": [
                        {
                            "player_name": "Elias Torres",
                            "player_sname": "Torres",
                            "time": 18.0,
                            "time_to_display": "18'"
                        },
                        {
                            "player_name": "Tobías Leiva",
                            "player_sname": "Leiva",
                            "time": 73.0,
                            "time_to_display": "73'"
                        }
                    ]
                },
                {
                    "name": "Unión de Santa Fe",
                    "short_name": "Unión",
                    "url_name": "union-santa-fe",
                    "id": "hcag",
                    "country_id": "ba",
                    "allow_open": true,
                    "colors": {
                        "color": "#DB304A",
                        "text_color": "#FFFFFF"
                    },
                    "red_cards": 0,
                    "goals": [
                        {
                            "player_name": "Lucas Gamba",
                            "player_sname": "Gamba",
                            "time": 89.0,
                            "time_to_display": "89'"
                        }
                    ]
                }
            ],
            "url_name": "aldosivi-vs-union-santa-fe",
            "scores": [
                2.0,
                1.0
            ],
            "status": {
                "enum": 3,
                "name": "Finalizado",
                "short_name": "Final",
                "symbol_name": "Fin"
            },
            "start_time": "27-03-2025 15:30",
            "game_time": 90.0,
            "game_time_to_display": "",
            "game_time_status_to_display": "Final"
        },
        {
            "id": "edbjheh",
            "stage_round_name": "Fecha 11",
            "winner": 1,
            "teams": [
                {
                    "name": "Barracas Central",
                    "short_name": "Barracas",
                    "url_name": "barracas-central",
                    "id": "jafb",
                    "country_id": "ba",
                    "allow_open": true,
                    "colors": {
                        "color": "#D4150D",
                        "text_color": "#FFFFFF"
                    },
                    "red_cards": 0,
                    "goals": [
                        {
                            "player_name": "Iván Tapia",
                            "player_sname": "Tapia",
                            "time": 24.0,
                            "time_to_display": "24'"
                        },
                        {
                            "player_name": "Facundo Bruera",
                            "player_sname": "Bruera",
                            "time": 88.0,
                            "time_to_display": "88'"
                        }
                    ]
                },
                {
                    "name": "Estudiantes de La Plata",
                    "short_name": "Estudiantes",
                    "url_name": "estudiantes-de-la-plata",
                    "id": "igh",
                    "country_id": "ba",
                    "allow_open": true,
                    "colors": {
                        "color": "#E30F13",
                        "text_color": "#FFFFFF"
                    },
                    "red_cards": 0,
                    "goals": [
                        {
                            "player_name": "Tiago Palacios",
                            "player_sname": "Palacios",
                            "time": 83.0,
                            "time_to_display": "83'"
                        }
                    ]
                }
            ],
            "url_name": "barracas-central-vs-estudiantes-de-la-plata",
            "scores": [
                2.0,
                1.0
            ],
            "status": {
                "enum": 3,
                "name": "Finalizado",
                "short_name": "Final",
                "symbol_name": "Fin"
            },
            "start_time": "27-03-2025 18:00",
            "game_time": 90.0,
            "game_time_to_display": "",
            "game_time_status_to_display": "Final"
        },
        {
            "id": "edbjhec",
            "stage_round_name": "Fecha 11",
            "winner": 1,
            "teams": [
                {
                    "name": "Independiente Rivadavia",
                    "short_name": "Ind. Rivadavia",
                    "url_name": "independiente-rivadavia",
                    "id": "hcch",
                    "country_id": "ba",
                    "allow_open": true,
                    "colors": {
                        "color": "#262169",
                        "text_color": "#FFFFFF"
                    },
                    "red_cards": 0,
                    "goals": [
                        {
                            "player_name": "Juan Barbieri",
                            "player_sname": "Barbieri",
                            "time": 69.0,
                            "time_to_display": "69'"
                        },
                        {
                            "player_name": "Juan Barbieri",
                            "player_sname": "Barbieri",
                            "time": 79.0,
                            "time_to_display": "79'"
                        }
                    ]
                },
                {
                    "name": "Racing Club",
                    "short_name": "Racing",
                    "url_name": "racing-club",
                    "id": "ihg",
                    "country_id": "ba",
                    "allow_open": true,
                    "colors": {
                        "color": "#029CDC",
                        "text_color": "#000000"
                    },
                    "red_cards": 0,
                    "goals": [
                        {
                            "player_name": "Juan Nardoni",
                            "player_sname": "Juan Nardoni",
                            "time": 25.0,
                            "time_to_display": "25'"
                        }
                    ]
                }
            ],
            "url_name": "independiente-rivadavia-vs-racing-club",
            "scores": [
                2.0,
                1.0
            ],
            "status": {
                "enum": 3,
                "name": "Finalizado",
                "short_name": "Final",
                "symbol_name": "Fin"
            },
            "start_time": "27-03-2025 21:00",
            "game_time": 90.0,
            "game_time_to_display": "",
            "game_time_status_to_display": "Final"
        },
        {
            "id": "edbjhee",
            "stage_round_name": "Fecha 11",
            "winner": 2,
            "teams": [
                {
                    "name": "Defensa y Justicia",
                    "short_name": "Defensa",
                    "url_name": "defensa-y-justicia",
                    "id": "hcbh",
                    "country_id": "ba",
                    "allow_open": true,
                    "colors": {
                        "color": "#22A07D",
                        "text_color": "#000000"
                    },
                    "red_cards": 0,
                    "goals": [
                        {
                            "player_name": "Juan Miritello",
                            "player_sname": "Miritello",
                            "time": 52.0,
                            "time_to_display": "52'"
                        }
                    ]
                },
                {
                    "name": "Tigre",
                    "short_name": "Tigre",
                    "url_name": "tigre",
                    "id": "iid",
                    "country_id": "ba",
                    "allow_open": true,
                    "colors": {
                        "color": "#161267",
                        "text_color": "#FFFFFF"
                    },
                    "red_cards": 0,
                    "goals": [
                        {
                            "player_name": "Nehuen Mario Paz",
                            "player_sname": "Paz",
                            "time": 58.0,
                            "time_to_display": "58'"
                        },
                        {
                            "player_name": "Sebastián Medina",
                            "player_sname": "Medina",
                            "time": 79.0,
                            "time_to_display": "79'"
                        }
                    ]
                }
            ],
            "url_name": "defensa-y-justicia-vs-tigre",
            "scores": [
                1.0,
                2.0
            ],
            "status": {
                "enum": 3,
                "name": "Finalizado",
                "short_name": "Final",
                "symbol_name": "Fin"
            },
            "start_time": "28-03-2025 17:00",
            "game_time": 90.0,
            "game_time_to_display": "",
            "game_time_status_to_display": "Final"
        },
        {
            "id": "edbjhdh",
            "stage_round_name": "Fecha 11",
            "winner": -1,
            "teams": [
                {
                    "name": "San Lorenzo",
                    "short_name": "San Lorenzo",
                    "url_name": "san-lorenzo",
                    "id": "igf",
                    "country_id": "ba",
                    "allow_open": true,
                    "colors": {
                        "color": "#283B56",
                        "text_color": "#FFFFFF"
                    },
                    "red_cards": 1,
                    "goals": [
                        {
                            "player_name": "Iker Muniain",
                            "player_sname": "Muniain",
                            "time": 65.0,
                            "time_to_display": "65'"
                        }
                    ]
                },
                {
                    "name": "Lanús",
                    "short_name": "Lanús",
                    "url_name": "lanus",
                    "id": "igj",
                    "country_id": "ba",
                    "allow_open": true,
                    "colors": {
                        "color": "#9F2B54",
                        "text_color": "#FFFFFF"
                    },
                    "red_cards": 0,
                    "goals": [
                        {
                            "player_name": "Marcelino Moreno",
                            "player_sname": "Moreno",
                            "time": 82.0,
                            "time_to_display": "82'"
                        }
                    ]
                }
            ],
            "url_name": "san-lorenzo-vs-lanus",
            "scores": [
                1.0,
                1.0
            ],
            "status": {
                "enum": 3,
                "name": "Finalizado",
                "short_name": "Final",
                "symbol_name": "Fin"
            },
            "start_time": "28-03-2025 19:15",
            "game_time": 90.0,
            "game_time_to_display": "",
            "game_time_status_to_display": "Final"
        },
        {
            "id": "edbjhed",
            "stage_round_name": "Fecha 11",
            "winner": -1,
            "teams": [
                {
                    "name": "Banfield",
                    "short_name": "Banfield",
                    "url_name": "banfield",
                    "id": "ihi",
                    "country_id": "ba",
                    "allow_open": true,
                    "colors": {
                        "color": "#02953D",
                        "text_color": "#000000"
                    },
                    "red_cards": 0
                },
                {
                    "name": "Huracán",
                    "short_name": "Huracán",
                    "url_name": "huracan",
                    "id": "iie",
                    "country_id": "ba",
                    "allow_open": true,
                    "colors": {
                        "color": "#FF1E1E",
                        "text_color": "#000000"
                    },
                    "red_cards": 0
                }
            ],
            "url_name": "banfield-vs-huracan",
            "scores": [
                0.0,
                0.0
            ],
            "status": {
                "enum": 3,
                "name": "Finalizado",
                "short_name": "Final",
                "symbol_name": "Fin"
            },
            "start_time": "28-03-2025 19:15",
            "game_time": 90.0,
            "game_time_to_display": "",
            "game_time_status_to_display": "Final"
        },
        {
            "id": "edbjhdi",
            "stage_round_name": "Fecha 11",
            "winner": 1,
            "teams": [
                {
                    "name": "Platense",
                    "short_name": "Platense",
                    "url_name": "platense",
                    "id": "hcah",
                    "country_id": "ba",
                    "allow_open": true,
                    "colors": {
                        "color": "#5C3919",
                        "text_color": "#FFFFFF"
                    },
                    "red_cards": 0,
                    "goals": [
                        {
                            "player_name": "Ronaldo Martínez",
                            "player_sname": "Martínez",
                            "time": 8.0,
                            "time_to_display": "8'"
                        },
                        {
                            "player_name": "Guillermo Acosta",
                            "player_sname": "Acosta",
                            "time": 77.0,
                            "time_to_display": "77'",
                            "goal_type": "E.C"
                        }
                    ]
                },
                {
                    "name": "Atlético Tucumán",
                    "short_name": "Atl. Tucumán",
                    "url_name": "atletico-tucuman",
                    "id": "gbfc",
                    "country_id": "ba",
                    "allow_open": true,
                    "colors": {
                        "color": "#62BCF1",
                        "text_color": "#000000"
                    },
                    "red_cards": 0,
                    "goals": [
                        {
                            "player_name": "Franco Nicola",
                            "player_sname": "Franco Nicola",
                            "time": 38.0,
                            "time_to_display": "38'"
                        }
                    ]
                }
            ],
            "url_name": "platense-vs-atletico-tucuman",
            "scores": [
                2.0,
                1.0
            ],
            "status": {
                "enum": 3,
                "name": "Finalizado",
                "short_name": "Final",
                "symbol_name": "Fin"
            },
            "start_time": "28-03-2025 21:30",
            "game_time": 90.0,
            "game_time_to_display": "",
            "game_time_status_to_display": "Final"
        },
        {
            "id": "edbjheb",
            "stage_round_name": "Fecha 11",
            "winner": 2,
            "teams": [
                {
                    "name": "Vélez Sarsfield",
                    "short_name": "Vélez",
                    "url_name": "velez-sarsfield",
                    "id": "ihc",
                    "country_id": "ba",
                    "allow_open": true,
                    "colors": {
                        "color": "#2F3993",
                        "text_color": "#FFFFFF"
                    },
                    "red_cards": 0
                },
                {
                    "name": "Deportivo Riestra",
                    "short_name": "Riestra",
                    "url_name": "riestra",
                    "id": "bbjea",
                    "country_id": "ba",
                    "allow_open": true,
                    "colors": {
                        "color": "#262526",
                        "text_color": "#FFFFFF"
                    },
                    "red_cards": 1,
                    "goals": [
                        {
                            "player_name": "Jonathan Herrera",
                            "player_sname": "Herrera",
                            "time": 9.0,
                            "time_to_display": "9'"
                        }
                    ]
                }
            ],
            "url_name": "velez-sarsfield-vs-riestra",
            "scores": [
                0.0,
                1.0
            ],
            "status": {
                "enum": 3,
                "name": "Finalizado",
                "short_name": "Final",
                "symbol_name": "Fin"
            },
            "start_time": "28-03-2025 21:30",
            "game_time": 90.0,
            "game_time_to_display": "",
            "game_time_status_to_display": "Final"
        },
        {
            "id": "edcacde",
            "stage_round_name": "Fecha 11",
            "winner": 1,
            "teams": [
                {
                    "name": "Instituto",
                    "short_name": "Instituto",
                    "url_name": "instituto-ac-cordoba",
                    "id": "hchc",
                    "country_id": "ba",
                    "allow_open": true,
                    "colors": {
                        "color": "#EA1D29",
                        "text_color": "#000000"
                    },
                    "red_cards": 0,
                    "goals": [
                        {
                            "player_name": "Nicolás Zalazar",
                            "player_sname": "Zalazar",
                            "time": 86.0,
                            "time_to_display": "86'"
                        }
                    ]
                },
                {
                    "name": "San Martín San Juan",
                    "short_name": "San Martín",
                    "url_name": "san-martin",
                    "id": "hcai",
                    "country_id": "ba",
                    "allow_open": true,
                    "colors": {
                        "color": "#179046",
                        "text_color": "#000000"
                    },
                    "red_cards": 0
                }
            ],
            "url_name": "instituto-ac-cordoba-vs-san-martin",
            "scores": [
                1.0,
                0.0
            ],
            "status": {
                "enum": 3,
                "name": "Finalizado",
                "short_name": "Final",
                "symbol_name": "Fin"
            },
            "start_time": "29-03-2025 16:30",
            "game_time": 90.0,
            "game_time_to_display": "",
            "game_time_status_to_display": "Final"
        },
        {
            "id": "edbjhef",
            "stage_round_name": "Fecha 11",
            "winner": -1,
            "teams": [
                {
                    "name": "Central Córdoba SdE",
                    "short_name": "Central Córdoba",
                    "url_name": "central-cordoba-sde",
                    "id": "beafh",
                    "country_id": "ba",
                    "allow_open": true,
                    "colors": {
                        "color": "#9E9E9E",
                        "text_color": "#000000"
                    },
                    "red_cards": 0,
                    "goals": [
                        {
                            "player_name": "Matías Perello",
                            "player_sname": "Perello",
                            "time": 80.0,
                            "time_to_display": "80'"
                        }
                    ]
                },
                {
                    "name": "Argentinos Juniors",
                    "short_name": "Argentinos",
                    "url_name": "argentinos-juniors",
                    "id": "ihb",
                    "country_id": "ba",
                    "allow_open": true,
                    "colors": {
                        "color": "#EE292E",
                        "text_color": "#000000"
                    },
                    "red_cards": 0,
                    "goals": [
                        {
                            "player_name": "Tomás Molina",
                            "player_sname": "Molina",
                            "time": 68.0,
                            "time_to_display": "68'"
                        }
                    ]
                }
            ],
            "url_name": "central-cordoba-sde-vs-argentinos-juniors",
            "scores": [
                1.0,
                1.0
            ],
            "status": {
                "enum": 3,
                "name": "Finalizado",
                "short_name": "Final",
                "symbol_name": "Fin"
            },
            "start_time": "29-03-2025 18:30",
            "game_time": 90.0,
            "game_time_to_display": "",
            "game_time_status_to_display": "Final"
        },
        {
            "id": "edbjhdg",
            "stage_round_name": "Fecha 11",
            "winner": 1,
            "teams": [
                {
                    "name": "Independiente",
                    "short_name": "Independiente",
                    "url_name": "independiente",
                    "id": "ihe",
                    "country_id": "ba",
                    "allow_open": true,
                    "colors": {
                        "color": "#ED1C24",
                        "text_color": "#000000"
                    },
                    "red_cards": 0,
                    "goals": [
                        {
                            "player_name": "Felipe Loyola",
                            "player_sname": "Loyola",
                            "time": 2.0,
                            "time_to_display": "2'"
                        },
                        {
                            "player_name": "Felipe Loyola",
                            "player_sname": "Loyola",
                            "time": 18.0,
                            "time_to_display": "18'"
                        },
                        {
                            "player_name": "Lucas Arce",
                            "player_sname": "Arce",
                            "time": 25.0,
                            "time_to_display": "25'",
                            "goal_type": "E.C"
                        },
                        {
                            "player_name": "Gabriel Avalos",
                            "player_sname": "Avalos",
                            "time": 35.0,
                            "time_to_display": "35'"
                        }
                    ]
                },
                {
                    "name": "Godoy Cruz",
                    "short_name": "Godoy Cruz",
                    "url_name": "godoy-cruz",
                    "id": "ihd",
                    "country_id": "ba",
                    "allow_open": true,
                    "colors": {
                        "color": "#0033CC",
                        "text_color": "#FFFFFF"
                    },
                    "red_cards": 0
                }
            ],
            "url_name": "independiente-vs-godoy-cruz",
            "scores": [
                4.0,
                0.0
            ],
            "status": {
                "enum": 3,
                "name": "Finalizado",
                "short_name": "Final",
                "symbol_name": "Fin"
            },
            "start_time": "29-03-2025 18:45",
            "game_time": 90.0,
            "game_time_to_display": "",
            "game_time_status_to_display": "Final"
        },
        {
            "id": "edbjhea",
            "stage_round_name": "Fecha 11",
            "winner": -1,
            "teams": [
                {
                    "name": "River Plate",
                    "short_name": "River",
                    "url_name": "river-plate",
                    "id": "igi",
                    "country_id": "ba",
                    "allow_open": true,
                    "colors": {
                        "color": "#E3201C",
                        "text_color": "#FFFFFF"
                    },
                    "red_cards": 0,
                    "goals": [
                        {
                            "player_name": "Lucas Martínez Quarta",
                            "player_sname": "Martínez Quarta",
                            "time": 18.0,
                            "time_to_display": "18'"
                        },
                        {
                            "player_name": "Ian Subiabre",
                            "player_sname": "Subiabre",
                            "time": 61.0,
                            "time_to_display": "61'"
                        }
                    ]
                },
                {
                    "name": "Rosario Central",
                    "short_name": "Central",
                    "url_name": "rosario-central",
                    "id": "ihf",
                    "country_id": "ba",
                    "allow_open": true,
                    "colors": {
                        "color": "#FFDB00",
                        "text_color": "#000000"
                    },
                    "red_cards": 0,
                    "goals": [
                        {
                            "player_name": "Sebastián Ferreira",
                            "player_sname": "Ferreira",
                            "time": 8.0,
                            "time_to_display": "8'"
                        },
                        {
                            "player_name": "Santiago Lopéz",
                            "player_sname": "Lopéz",
                            "time": 85.0,
                            "time_to_display": "85'"
                        }
                    ]
                }
            ],
            "url_name": "river-plate-vs-rosario-central",
            "scores": [
                2.0,
                2.0
            ],
            "status": {
                "enum": 3,
                "name": "Finalizado",
                "short_name": "Final",
                "symbol_name": "Fin"
            },
            "start_time": "29-03-2025 21:00",
            "game_time": 90.0,
            "game_time_to_display": "",
            "game_time_status_to_display": "Final"
        },
        {
            "id": "edbjhdf",
            "stage_round_name": "Fecha 11",
            "winner": -1,
            "teams": [
                {
                    "name": "Belgrano",
                    "short_name": "Belgrano",
                    "url_name": "belgrano",
                    "id": "fhid",
                    "country_id": "ba",
                    "allow_open": true,
                    "colors": {
                        "color": "#2AACE2",
                        "text_color": "#000000"
                    },
                    "red_cards": 1,
                    "goals": [
                        {
                            "player_name": "Franco Jara",
                            "player_sname": "Jara",
                            "time": 66.0,
                            "time_to_display": "66'",
                            "goal_type": "Pen"
                        }
                    ]
                },
                {
                    "name": "Talleres de Córdoba",
                    "short_name": "Talleres",
                    "url_name": "talleres-cordoba",
                    "id": "jche",
                    "country_id": "ba",
                    "allow_open": true,
                    "colors": {
                        "color": "#041D47",
                        "text_color": "#FFFFFF"
                    },
                    "red_cards": 0,
                    "goals": [
                        {
                            "player_name": "Rick",
                            "player_sname": "Rick",
                            "time": 19.0,
                            "time_to_display": "19'"
                        }
                    ]
                }
            ],
            "url_name": "belgrano-vs-talleres-cordoba",
            "scores": [
                1.0,
                1.0
            ],
            "status": {
                "enum": 3,
                "name": "Finalizado",
                "short_name": "Final",
                "symbol_name": "Fin"
            },
            "start_time": "30-03-2025 15:00",
            "game_time": 90.0,
            "game_time_to_display": "",
            "game_time_status_to_display": "Final"
        },
        {
            "id": "edbjhdj",
            "stage_round_name": "Fecha 11",
            "winner": -1,
            "teams": [
                {
                    "name": "Gimnasia La Plata",
                    "short_name": "Gimnasia",
                    "url_name": "gimnasia-y-esgrima-la-plata",
                    "id": "iia",
                    "country_id": "ba",
                    "allow_open": true,
                    "colors": {
                        "color": "#3F3B76",
                        "text_color": "#FFFFFF"
                    },
                    "red_cards": 1
                },
                {
                    "name": "Sarmiento Junín",
                    "short_name": "Sarmiento",
                    "url_name": "sarmiento-junin",
                    "id": "hbbh",
                    "country_id": "ba",
                    "allow_open": true,
                    "colors": {
                        "color": "#096D37",
                        "text_color": "#FFFFFF"
                    },
                    "red_cards": 0
                }
            ],
            "url_name": "gimnasia-y-esgrima-la-plata-vs-sarmiento-junin",
            "scores": [
                0.0,
                0.0
            ],
            "status": {
                "enum": 3,
                "name": "Finalizado",
                "short_name": "Final",
                "symbol_name": "Fin"
            },
            "start_time": "30-03-2025 16:00",
            "game_time": 90.0,
            "game_time_to_display": "",
            "game_time_status_to_display": "Final"
        },
        {
            "id": "edbjheg",
            "stage_round_name": "Fecha 11",
            "winner": 1,
            "teams": [
                {
                    "name": "Newell's Old Boys",
                    "short_name": "Newell's",
                    "url_name": "newell's-old-boys",
                    "id": "ihh",
                    "country_id": "ba",
                    "allow_open": true,
                    "colors": {
                        "color": "#ED1C24",
                        "text_color": "#000000"
                    },
                    "red_cards": 0,
                    "goals": [
                        {
                            "player_name": "Luciano Herrera",
                            "player_sname": "Herrera",
                            "time": 5.0,
                            "time_to_display": "5'"
                        },
                        {
                            "player_name": "Luciano Lollo",
                            "player_sname": "Lollo",
                            "time": 45.0,
                            "time_to_display": "45'+3"
                        }
                    ]
                },
                {
                    "name": "Boca Juniors",
                    "short_name": "Boca Jrs.",
                    "url_name": "boca-juniors",
                    "id": "igg",
                    "country_id": "ba",
                    "allow_open": true,
                    "colors": {
                        "color": "#1F62AF",
                        "text_color": "#FFFFFF"
                    },
                    "red_cards": 0
                }
            ],
            "url_name": "newell's-old-boys-vs-boca-juniors",
            "scores": [
                2.0,
                0.0
            ],
            "status": {
                "enum": 3,
                "name": "Finalizado",
                "short_name": "Final",
                "symbol_name": "Fin"
            },
            "start_time": "30-03-2025 19:30",
            "game_time": 90.0,
            "game_time_to_display": "",
            "game_time_status_to_display": "Final"
        }
    ]
}