{
    "TTL": 300,
    "games": [
        {
            "id": "edbjhhe",
            "stage_round_name": "Fecha 8",
            "winner": 1,
            "teams": [
                {
                    "name": "Boca Juniors",
                    "short_name": "Boca Jrs.",
                    "url_name": "boca-juniors",
                    "id": "igg",
                    "country_id": "ba",
                    "allow_open": true,
                    "colors": {
                        "color": "#1F62AF",
                        "text_color": "#FFFFFF"
                    },
                    "red_cards": 0,
                    "goals": [
                        {
                            "player_name": "Milton Giménez",
                            "player_sname": "Giménez",
                            "time": 9.0,
                            "time_to_display": "9'"
                        }
                    ]
                },
                {
                    "name": "Rosario Central",
                    "short_name": "Central",
                    "url_name": "rosario-central",
                    "id": "ihf",
                    "country_id": "ba",
                    "allow_open": true,
                    "colors": {
                        "color": "#FFDB00",
                        "text_color": "#000000"
                    },
                    "red_cards": 0
                }
            ],
            "url_name": "boca-juniors-vs-rosario-central",
            "scores": [
                1.0,
                0.0
            ],
            "status": {
                "enum": 3,
                "name": "Finalizado",
                "short_name": "Final",
                "symbol_name": "Fin"
            },
            "start_time": "28-02-2025 20:00",
            "game_time": 90.0,
            "game_time_to_display": "",
            "game_time_status_to_display": "Final"
        },
        {
            "id": "edbjhhh",
            "stage_round_name": "Fecha 8",
            "winner": -1,
            "teams": [
                {
                    "name": "Central Córdoba SdE",
                    "short_name": "Central Córdoba",
                    "url_name": "central-cordoba-sde",
                    "id": "beafh",
                    "country_id": "ba",
                    "allow_open": true,
                    "colors": {
                        "color": "#9E9E9E",
                        "text_color": "#000000"
                    },
                    "red_cards": 0
                },
                {
                    "name": "Deportivo Riestra",
                    "short_name": "Riestra",
                    "url_name": "riestra",
                    "id": "bbjea",
                    "country_id": "ba",
                    "allow_open": true,
                    "colors": {
                        "color": "#262526",
                        "text_color": "#FFFFFF"
                    },
                    "red_cards": 0
                }
            ],
            "url_name": "central-cordoba-sde-vs-riestra",
            "scores": [
                0.0,
                0.0
            ],
            "status": {
                "enum": 3,
                "name": "Finalizado",
                "short_name": "Final",
                "symbol_name": "Fin"
            },
            "start_time": "28-02-2025 22:15",
            "game_time": 90.0,
            "game_time_to_display": "",
            "game_time_status_to_display": "Final"
        },
        {
            "id": "edcacea",
            "stage_round_name": "Fecha 8",
            "winner": 1,
            "teams": [
                {
                    "name": "San Martín San Juan",
                    "short_name": "San Martín",
                    "url_name": "san-martin",
                    "id": "hcai",
                    "country_id": "ba",
                    "allow_open": true,
                    "colors": {
                        "color": "#179046",
                        "text_color": "#000000"
                    },
                    "red_cards": 0,
                    "goals": [
                        {
                            "player_name": "Tomás Fernández",
                            "player_sname": "Fernández",
                            "time": 53.0,
                            "time_to_display": "53'"
                        },
                        {
                            "player_name": "Marco Iacobellis",
                            "player_sname": "Iacobellis",
                            "time": 55.0,
                            "time_to_display": "55'"
                        },
                        {
                            "player_name": "Sebastián González",
                            "player_sname": "González",
                            "time": 90.0,
                            "time_to_display": "90'+2"
                        }
                    ]
                },
                {
                    "name": "Belgrano",
                    "short_name": "Belgrano",
                    "url_name": "belgrano",
                    "id": "fhid",
                    "country_id": "ba",
                    "allow_open": true,
                    "colors": {
                        "color": "#2AACE2",
                        "text_color": "#000000"
                    },
                    "red_cards": 0,
                    "goals": [
                        {
                            "player_name": "Nicolás Fernández",
                            "player_sname": "Fernández",
                            "time": 51.0,
                            "time_to_display": "51'"
                        }
                    ]
                }
            ],
            "url_name": "san-martin-vs-belgrano",
            "scores": [
                3.0,
                1.0
            ],
            "status": {
                "enum": 3,
                "name": "Finalizado",
                "short_name": "Final",
                "symbol_name": "Fin"
            },
            "start_time": "28-02-2025 22:15",
            "game_time": 90.0,
            "game_time_to_display": "",
            "game_time_status_to_display": "Final"
        },
        {
            "id": "edcaceb",
            "stage_round_name": "Fecha 8",
            "winner": -1,
            "teams": [
                {
                    "name": "Aldosivi",
                    "short_name": "Aldosivi",
                    "url_name": "aldosivi",
                    "id": "hccd",
                    "country_id": "ba",
                    "allow_open": true,
                    "colors": {
                        "color": "#39B54A",
                        "text_color": "#000000"
                    },
                    "red_cards": 0,
                    "goals": [
                        {
                            "player_name": "Elias Torres",
                            "player_sname": "Torres",
                            "time": 3.0,
                            "time_to_display": "3'"
                        },
                        {
                            "player_name": "Franco Rami",
                            "player_sname": "Rami",
                            "time": 7.0,
                            "time_to_display": "7'"
                        }
                    ]
                },
                {
                    "name": "Sarmiento Junín",
                    "short_name": "Sarmiento",
                    "url_name": "sarmiento-junin",
                    "id": "hbbh",
                    "country_id": "ba",
                    "allow_open": true,
                    "colors": {
                        "color": "#096D37",
                        "text_color": "#FFFFFF"
                    },
                    "red_cards": 0,
                    "goals": [
                        {
                            "player_name": "Iván Morales",
                            "player_sname": "Morales",
                            "time": 23.0,
                            "time_to_display": "23'"
                        },
                        {
                            "player_name": "Valentín Burgoa",
                            "player_sname": "Burgoa",
                            "time": 37.0,
                            "time_to_display": "37'"
                        }
                    ]
                }
            ],
            "url_name": "aldosivi-vs-sarmiento-junin",
            "scores": [
                2.0,
                2.0
            ],
            "status": {
                "enum": 3,
                "name": "Finalizado",
                "short_name": "Final",
                "symbol_name": "Fin"
            },
            "start_time": "01-03-2025 17:00",
            "game_time": 90.0,
            "game_time_to_display": "",
            "game_time_status_to_display": "Final"
        },
        {
            "id": "edbjhif",
            "stage_round_name": "Fecha 8",
            "winner": 2,
            "teams": [
                {
                    "name": "River Plate",
                    "short_name": "River",
                    "url_name": "river-plate",
                    "id": "igi",
                    "country_id": "ba",
                    "allow_open": true,
                    "colors": {
                        "color": "#E3201C",
                        "text_color": "#FFFFFF"
                    },
                    "red_cards": 1
                },
                {
                    "name": "Estudiantes de La Plata",
                    "short_name": "Estudiantes",
                    "url_name": "estudiantes-de-la-plata",
                    "id": "igh",
                    "country_id": "ba",
                    "allow_open": true,
                    "colors": {
                        "color": "#E30F13",
                        "text_color": "#FFFFFF"
                    },
                    "red_cards": 0,
                    "goals": [
                        {
                            "player_name": "Alexis Castro",
                            "player_sname": "Castro",
                            "time": 9.0,
                            "time_to_display": "9'"
                        },
                        {
                            "player_name": "Santiago Ascacibar",
                            "player_sname": "Ascacibar",
                            "time": 90.0,
                            "time_to_display": "90'+4"
                        }
                    ]
                }
            ],
            "url_name": "river-plate-vs-estudiantes-de-la-plata",
            "scores": [
                0.0,
                2.0
            ],
            "status": {
                "enum": 3,
                "name": "Finalizado",
                "short_name": "Final",
                "symbol_name": "Fin"
            },
            "start_time": "01-03-2025 19:15",
            "game_time": 90.0,
            "game_time_to_display": "",
            "game_time_status_to_display": "Final"
        },
        {
            "id": "edbjhhg",
            "stage_round_name": "Fecha 8",
            "winner": 1,
            "teams": [
                {
                    "name": "Unión de Santa Fe",
                    "short_name": "Unión",
                    "url_name": "union-santa-fe",
                    "id": "hcag",
                    "country_id": "ba",
                    "allow_open": true,
                    "colors": {
                        "color": "#DB304A",
                        "text_color": "#FFFFFF"
                    },
                    "red_cards": 0,
                    "goals": [
                        {
                            "player_name": "Lionel Verde",
                            "player_sname": "Verde",
                            "time": 81.0,
                            "time_to_display": "81'"
                        }
                    ]
                },
                {
                    "name": "Gimnasia La Plata",
                    "short_name": "Gimnasia",
                    "url_name": "gimnasia-y-esgrima-la-plata",
                    "id": "iia",
                    "country_id": "ba",
                    "allow_open": true,
                    "colors": {
                        "color": "#3F3B76",
                        "text_color": "#FFFFFF"
                    },
                    "red_cards": 0
                }
            ],
            "url_name": "union-santa-fe-vs-gimnasia-y-esgrima-la-plata",
            "scores": [
                1.0,
                0.0
            ],
            "status": {
                "enum": 3,
                "name": "Finalizado",
                "short_name": "Final",
                "symbol_name": "Fin"
            },
            "start_time": "01-03-2025 21:30",
            "game_time": 90.0,
            "game_time_to_display": "",
            "game_time_status_to_display": "Final"
        },
        {
            "id": "edbjhhi",
            "stage_round_name": "Fecha 8",
            "winner": 2,
            "teams": [
                {
                    "name": "Talleres de Córdoba",
                    "short_name": "Talleres",
                    "url_name": "talleres-cordoba",
                    "id": "jche",
                    "country_id": "ba",
                    "allow_open": true,
                    "colors": {
                        "color": "#041D47",
                        "text_color": "#FFFFFF"
                    },
                    "red_cards": 0,
                    "goals": [
                        {
                            "player_name": "Gastón Benavídez",
                            "player_sname": "Benavídez",
                            "time": 44.0,
                            "time_to_display": "44'"
                        }
                    ]
                },
                {
                    "name": "Tigre",
                    "short_name": "Tigre",
                    "url_name": "tigre",
                    "id": "iid",
                    "country_id": "ba",
                    "allow_open": true,
                    "colors": {
                        "color": "#161267",
                        "text_color": "#FFFFFF"
                    },
                    "red_cards": 0,
                    "goals": [
                        {
                            "player_name": "David Romero",
                            "player_sname": "Romero",
                            "time": 36.0,
                            "time_to_display": "36'"
                        },
                        {
                            "player_name": "Alfio Oviedo",
                            "player_sname": "Oviedo",
                            "time": 66.0,
                            "time_to_display": "66'"
                        }
                    ]
                }
            ],
            "url_name": "talleres-cordoba-vs-tigre",
            "scores": [
                1.0,
                2.0
            ],
            "status": {
                "enum": 3,
                "name": "Finalizado",
                "short_name": "Final",
                "symbol_name": "Fin"
            },
            "start_time": "01-03-2025 21:30",
            "game_time": 90.0,
            "game_time_to_display": "",
            "game_time_status_to_display": "Final"
        },
        {
            "id": "edbjhia",
            "stage_round_name": "Fecha 8",
            "winner": 1,
            "teams": [
                {
                    "name": "Argentinos Juniors",
                    "short_name": "Argentinos",
                    "url_name": "argentinos-juniors",
                    "id": "ihb",
                    "country_id": "ba",
                    "allow_open": true,
                    "colors": {
                        "color": "#EE292E",
                        "text_color": "#000000"
                    },
                    "red_cards": 0,
                    "goals": [
                        {
                            "player_name": "Alan Rodriguez",
                            "player_sname": "Rodriguez",
                            "time": 55.0,
                            "time_to_display": "55'"
                        },
                        {
                            "player_name": "Tomás Molina",
                            "player_sname": "Molina",
                            "time": 74.0,
                            "time_to_display": "74'"
                        }
                    ]
                },
                {
                    "name": "Instituto",
                    "short_name": "Instituto",
                    "url_name": "instituto-ac-cordoba",
                    "id": "hchc",
                    "country_id": "ba",
                    "allow_open": true,
                    "colors": {
                        "color": "#EA1D29",
                        "text_color": "#000000"
                    },
                    "red_cards": 0
                }
            ],
            "url_name": "argentinos-juniors-vs-instituto-ac-cordoba",
            "scores": [
                2.0,
                0.0
            ],
            "status": {
                "enum": 3,
                "name": "Finalizado",
                "short_name": "Final",
                "symbol_name": "Fin"
            },
            "start_time": "02-03-2025 17:00",
            "game_time": 90.0,
            "game_time_to_display": "",
            "game_time_status_to_display": "Final"
        },
        {
            "id": "edbjhic",
            "stage_round_name": "Fecha 8",
            "winner": -1,
            "teams": [
                {
                    "name": "Independiente Rivadavia",
                    "short_name": "Ind. Rivadavia",
                    "url_name": "independiente-rivadavia",
                    "id": "hcch",
                    "country_id": "ba",
                    "allow_open": true,
                    "colors": {
                        "color": "#262169",
                        "text_color": "#FFFFFF"
                    },
                    "red_cards": 0,
                    "goals": [
                        {
                            "player_name": "Kevin Retamar",
                            "player_sname": "Retamar",
                            "time": 46.0,
                            "time_to_display": "46'"
                        }
                    ]
                },
                {
                    "name": "Lanús",
                    "short_name": "Lanús",
                    "url_name": "lanus",
                    "id": "igj",
                    "country_id": "ba",
                    "allow_open": true,
                    "colors": {
                        "color": "#9F2B54",
                        "text_color": "#FFFFFF"
                    },
                    "red_cards": 0,
                    "goals": [
                        {
                            "player_name": "Walter Bou",
                            "player_sname": "Bou",
                            "time": 71.0,
                            "time_to_display": "71'",
                            "goal_type": "Pen"
                        }
                    ]
                }
            ],
            "url_name": "independiente-rivadavia-vs-lanus",
            "scores": [
                1.0,
                1.0
            ],
            "status": {
                "enum": 3,
                "name": "Finalizado",
                "short_name": "Final",
                "symbol_name": "Fin"
            },
            "start_time": "02-03-2025 17:00",
            "game_time": 90.0,
            "game_time_to_display": "",
            "game_time_status_to_display": "Final"
        },
        {
            "id": "edbjhie",
            "stage_round_name": "Fecha 8",
            "winner": 2,
            "teams": [
                {
                    "name": "Vélez Sarsfield",
                    "short_name": "Vélez",
                    "url_name": "velez-sarsfield",
                    "id": "ihc",
                    "country_id": "ba",
                    "allow_open": true,
                    "colors": {
                        "color": "#2F3993",
                        "text_color": "#FFFFFF"
                    },
                    "red_cards": 2
                },
                {
                    "name": "Huracán",
                    "short_name": "Huracán",
                    "url_name": "huracan",
                    "id": "iie",
                    "country_id": "ba",
                    "allow_open": true,
                    "colors": {
                        "color": "#FF1E1E",
                        "text_color": "#000000"
                    },
                    "red_cards": 0,
                    "goals": [
                        {
                            "player_name": "Erik Ramírez",
                            "player_sname": "Ramírez",
                            "time": 22.0,
                            "time_to_display": "22'"
                        },
                        {
                            "player_name": "Matías Tissera",
                            "player_sname": "Tissera",
                            "time": 80.0,
                            "time_to_display": "80'"
                        }
                    ]
                }
            ],
            "url_name": "velez-sarsfield-vs-huracan",
            "scores": [
                0.0,
                2.0
            ],
            "status": {
                "enum": 3,
                "name": "Finalizado",
                "short_name": "Final",
                "symbol_name": "Fin"
            },
            "start_time": "02-03-2025 19:15",
            "game_time": 90.0,
            "game_time_to_display": "",
            "game_time_status_to_display": "Final"
        },
        {
            "id": "edbjhid",
            "stage_round_name": "Fecha 8",
            "winner": 2,
            "teams": [
                {
                    "name": "Barracas Central",
                    "short_name": "Barracas",
                    "url_name": "barracas-central",
                    "id": "jafb",
                    "country_id": "ba",
                    "allow_open": true,
                    "colors": {
                        "color": "#D4150D",
                        "text_color": "#FFFFFF"
                    },
                    "red_cards": 0,
                    "goals": [
                        {
                            "player_name": "Facundo Bruera",
                            "player_sname": "Bruera",
                            "time": 51.0,
                            "time_to_display": "51'"
                        }
                    ]
                },
                {
                    "name": "Godoy Cruz",
                    "short_name": "Godoy Cruz",
                    "url_name": "godoy-cruz",
                    "id": "ihd",
                    "country_id": "ba",
                    "allow_open": true,
                    "colors": {
                        "color": "#0033CC",
                        "text_color": "#FFFFFF"
                    },
                    "red_cards": 0,
                    "goals": [
                        {
                            "player_name": "Luca Martinez",
                            "player_sname": "Martínez",
                            "time": 26.0,
                            "time_to_display": "26'"
                        },
                        {
                            "player_name": "Luca Martinez",
                            "player_sname": "Martínez",
                            "time": 90.0,
                            "time_to_display": "90'"
                        }
                    ]
                }
            ],
            "url_name": "barracas-central-vs-godoy-cruz",
            "scores": [
                1.0,
                2.0
            ],
            "status": {
                "enum": 3,
                "name": "Finalizado",
                "short_name": "Final",
                "symbol_name": "Fin"
            },
            "start_time": "03-03-2025 17:00",
            "game_time": 90.0,
            "game_time_to_display": "",
            "game_time_status_to_display": "Final"
        },
        {
            "id": "edbjhhf",
            "stage_round_name": "Fecha 8",
            "winner": 1,
            "teams": [
                {
                    "name": "San Lorenzo",
                    "short_name": "San Lorenzo",
                    "url_name": "san-lorenzo",
                    "id": "igf",
                    "country_id": "ba",
                    "allow_open": true,
                    "colors": {
                        "color": "#283B56",
                        "text_color": "#FFFFFF"
                    },
                    "red_cards": 0,
                    "goals": [
                        {
                            "player_name": "Malcom Braida",
                            "player_sname": "Braida",
                            "time": 2.0,
                            "time_to_display": "2'"
                        },
                        {
                            "player_name": "Malcom Braida",
                            "player_sname": "Braida",
                            "time": 86.0,
                            "time_to_display": "86'"
                        },
                        {
                            "player_name": "Jaime Peralta",
                            "player_sname": "Peralta",
                            "time": 90.0,
                            "time_to_display": "90'+1"
                        }
                    ]
                },
                {
                    "name": "Racing Club",
                    "short_name": "Racing",
                    "url_name": "racing-club",
                    "id": "ihg",
                    "country_id": "ba",
                    "allow_open": true,
                    "colors": {
                        "color": "#029CDC",
                        "text_color": "#000000"
                    },
                    "red_cards": 0,
                    "goals": [
                        {
                            "player_name": "Facundo Mura",
                            "player_sname": "Mura",
                            "time": 30.0,
                            "time_to_display": "30'"
                        },
                        {
                            "player_name": "Adrián Balboa",
                            "player_sname": "Balboa",
                            "time": 50.0,
                            "time_to_display": "50'"
                        }
                    ]
                }
            ],
            "url_name": "san-lorenzo-vs-racing-club",
            "scores": [
                3.0,
                2.0
            ],
            "status": {
                "enum": 3,
                "name": "Finalizado",
                "short_name": "Final",
                "symbol_name": "Fin"
            },
            "start_time": "03-03-2025 19:00",
            "game_time": 90.0,
            "game_time_to_display": "",
            "game_time_status_to_display": "Final"
        },
        {
            "id": "edbjhib",
            "stage_round_name": "Fecha 8",
            "winner": 2,
            "teams": [
                {
                    "name": "Atlético Tucumán",
                    "short_name": "Atl. Tucumán",
                    "url_name": "atletico-tucuman",
                    "id": "gbfc",
                    "country_id": "ba",
                    "allow_open": true,
                    "colors": {
                        "color": "#62BCF1",
                        "text_color": "#000000"
                    },
                    "red_cards": 0,
                    "goals": [
                        {
                            "player_name": "Nicolás Laméndola",
                            "player_sname": "Laméndola",
                            "time": 41.0,
                            "time_to_display": "41'"
                        }
                    ]
                },
                {
                    "name": "Newell's Old Boys",
                    "short_name": "Newell's",
                    "url_name": "newell's-old-boys",
                    "id": "ihh",
                    "country_id": "ba",
                    "allow_open": true,
                    "colors": {
                        "color": "#ED1C24",
                        "text_color": "#000000"
                    },
                    "red_cards": 0,
                    "goals": [
                        {
                            "player_name": "Mateo Silvetti",
                            "player_sname": "Silvetti",
                            "time": 4.0,
                            "time_to_display": "4'"
                        },
                        {
                            "player_name": "Mateo Silvetti",
                            "player_sname": "Silvetti",
                            "time": 45.0,
                            "time_to_display": "45'+1"
                        }
                    ]
                }
            ],
            "url_name": "atletico-tucuman-vs-newell's-old-boys",
            "scores": [
                1.0,
                2.0
            ],
            "status": {
                "enum": 3,
                "name": "Finalizado",
                "short_name": "Final",
                "symbol_name": "Fin"
            },
            "start_time": "03-03-2025 21:00",
            "game_time": 90.0,
            "game_time_to_display": "",
            "game_time_status_to_display": "Final"
        },
        {
            "id": "edbjhig",
            "stage_round_name": "Fecha 8",
            "winner": -1,
            "teams": [
                {
                    "name": "Banfield",
                    "short_name": "Banfield",
                    "url_name": "banfield",
                    "id": "ihi",
                    "country_id": "ba",
                    "allow_open": true,
                    "colors": {
                        "color": "#02953D",
                        "text_color": "#000000"
                    },
                    "red_cards": 0
                },
                {
                    "name": "Independiente",
                    "short_name": "Independiente",
                    "url_name": "independiente",
                    "id": "ihe",
                    "country_id": "ba",
                    "allow_open": true,
                    "colors": {
                        "color": "#ED1C24",
                        "text_color": "#000000"
                    },
                    "red_cards": 0
                }
            ],
            "url_name": "banfield-vs-independiente",
            "scores": [
                0.0,
                0.0
            ],
            "status": {
                "enum": 3,
                "name": "Finalizado",
                "short_name": "Final",
                "symbol_name": "Fin"
            },
            "start_time": "04-03-2025 19:30",
            "game_time": 90.0,
            "game_time_to_display": "",
            "game_time_status_to_display": "Final"
        },
        {
            "id": "edbjhhj",
            "stage_round_name": "Fecha 8",
            "winner": 2,
            "teams": [
                {
                    "name": "Platense",
                    "short_name": "Platense",
                    "url_name": "platense",
                    "id": "hcah",
                    "country_id": "ba",
                    "allow_open": true,
                    "colors": {
                        "color": "#5C3919",
                        "text_color": "#FFFFFF"
                    },
                    "red_cards": 0
                },
                {
                    "name": "Defensa y Justicia",
                    "short_name": "Defensa",
                    "url_name": "defensa-y-justicia",
                    "id": "hcbh",
                    "country_id": "ba",
                    "allow_open": true,
                    "colors": {
                        "color": "#22A07D",
                        "text_color": "#000000"
                    },
                    "red_cards": 0,
                    "goals": [
                        {
                            "player_name": "Matías Miranda",
                            "player_sname": "Matías Miranda",
                            "time": 11.0,
                            "time_to_display": "11'"
                        }
                    ]
                }
            ],
            "url_name": "platense-vs-defensa-y-justicia",
            "scores": [
                0.0,
                1.0
            ],
            "status": {
                "enum": 3,
                "name": "Finalizado",
                "short_name": "Final",
                "symbol_name": "Fin"
            },
            "start_time": "04-03-2025 20:00",
            "game_time": 90.0,
            "game_time_to_display": "",
            "game_time_status_to_display": "Final"
        }
    ]
}