{
    "TTL": 300,
    "games": [
        {
            "id": "edbjhbg",
            "stage_round_name": "Fecha 13",
            "winner": -1,
            "teams": [
                {
                    "name": "Banfield",
                    "short_name": "Banfield",
                    "url_name": "banfield",
                    "id": "ihi",
                    "country_id": "ba",
                    "allow_open": true,
                    "colors": {
                        "color": "#02953D",
                        "text_color": "#000000"
                    },
                    "red_cards": 1,
                    "goals": [
                        {
                            "player_name": "Santiago López",
                            "player_sname": "Lopez",
                            "time": 12.0,
                            "time_to_display": "12'"
                        }
                    ]
                },
                {
                    "name": "Independiente Rivadavia",
                    "short_name": "Ind. Rivadavia",
                    "url_name": "independiente-rivadavia",
                    "id": "hcch",
                    "country_id": "ba",
                    "allow_open": true,
                    "colors": {
                        "color": "#262169",
                        "text_color": "#FFFFFF"
                    },
                    "red_cards": 0,
                    "goals": [
                        {
                            "player_name": "Fabrizio Sartori",
                            "player_sname": "Sartori",
                            "time": 84.0,
                            "time_to_display": "84'"
                        }
                    ]
                }
            ],
            "url_name": "banfield-vs-independiente-rivadavia",
            "scores": [
                1.0,
                1.0
            ],
            "status": {
                "enum": 3,
                "name": "Finalizado",
                "short_name": "Final",
                "symbol_name": "Fin"
            },
            "start_time": "11-04-2025 19:00",
            "game_time": 90.0,
            "game_time_to_display": "",
            "game_time_status_to_display": "Final"
        },
        {
            "id": "edbjhbi",
            "stage_round_name": "Fecha 13",
            "winner": -1,
            "teams": [
                {
                    "name": "Newell's Old Boys",
                    "short_name": "Newell's",
                    "url_name": "newell's-old-boys",
                    "id": "ihh",
                    "country_id": "ba",
                    "allow_open": true,
                    "colors": {
                        "color": "#ED1C24",
                        "text_color": "#000000"
                    },
                    "red_cards": 0
                },
                {
                    "name": "Argentinos Juniors",
                    "short_name": "Argentinos",
                    "url_name": "argentinos-juniors",
                    "id": "ihb",
                    "country_id": "ba",
                    "allow_open": true,
                    "colors": {
                        "color": "#EE292E",
                        "text_color": "#000000"
                    },
                    "red_cards": 0
                }
            ],
            "url_name": "newell's-old-boys-vs-argentinos-juniors",
            "scores": [
                0.0,
                0.0
            ],
            "status": {
                "enum": 3,
                "name": "Finalizado",
                "short_name": "Final",
                "symbol_name": "Fin"
            },
            "start_time": "11-04-2025 21:00",
            "game_time": 90.0,
            "game_time_to_display": "",
            "game_time_status_to_display": "Final"
        },
        {
            "id": "edbjhbc",
            "stage_round_name": "Fecha 13",
            "winner": 1,
            "teams": [
                {
                    "name": "San Lorenzo",
                    "short_name": "San Lorenzo",
                    "url_name": "san-lorenzo",
                    "id": "igf",
                    "country_id": "ba",
                    "allow_open": true,
                    "colors": {
                        "color": "#283B56",
                        "text_color": "#FFFFFF"
                    },
                    "red_cards": 0,
                    "goals": [
                        {
                            "player_name": "Andres Vombergar",
                            "player_sname": "Andres Vombergar",
                            "time": 57.0,
                            "time_to_display": "57'"
                        }
                    ]
                },
                {
                    "name": "Atlético Tucumán",
                    "short_name": "Atl. Tucumán",
                    "url_name": "atletico-tucuman",
                    "id": "gbfc",
                    "country_id": "ba",
                    "allow_open": true,
                    "colors": {
                        "color": "#62BCF1",
                        "text_color": "#000000"
                    },
                    "red_cards": 0
                }
            ],
            "url_name": "san-lorenzo-vs-atletico-tucuman",
            "scores": [
                1.0,
                0.0
            ],
            "status": {
                "enum": 3,
                "name": "Finalizado",
                "short_name": "Final",
                "symbol_name": "Fin"
            },
            "start_time": "12-04-2025 15:30",
            "game_time": 90.0,
            "game_time_to_display": "",
            "game_time_status_to_display": "Final"
        },
        {
            "id": "edbjhca",
            "stage_round_name": "Fecha 13",
            "winner": 1,
            "teams": [
                {
                    "name": "Barracas Central",
                    "short_name": "Barracas",
                    "url_name": "barracas-central",
                    "id": "jafb",
                    "country_id": "ba",
                    "allow_open": true,
                    "colors": {
                        "color": "#D4150D",
                        "text_color": "#FFFFFF"
                    },
                    "red_cards": 1,
                    "goals": [
                        {
                            "player_name": "Jhonatan Candia",
                            "player_sname": "Candia",
                            "time": 16.0,
                            "time_to_display": "16'"
                        }
                    ]
                },
                {
                    "name": "Tigre",
                    "short_name": "Tigre",
                    "url_name": "tigre",
                    "id": "iid",
                    "country_id": "ba",
                    "allow_open": true,
                    "colors": {
                        "color": "#161267",
                        "text_color": "#FFFFFF"
                    },
                    "red_cards": 0
                }
            ],
            "url_name": "barracas-central-vs-tigre",
            "scores": [
                1.0,
                0.0
            ],
            "status": {
                "enum": 3,
                "name": "Finalizado",
                "short_name": "Final",
                "symbol_name": "Fin"
            },
            "start_time": "12-04-2025 18:00",
            "game_time": 90.0,
            "game_time_to_display": "",
            "game_time_status_to_display": "Final"
        },
        {
            "id": "edbjhcb",
            "stage_round_name": "Fecha 13",
            "winner": 2,
            "teams": [
                {
                    "name": "Belgrano",
                    "short_name": "Belgrano",
                    "url_name": "belgrano",
                    "id": "fhid",
                    "country_id": "ba",
                    "allow_open": true,
                    "colors": {
                        "color": "#2AACE2",
                        "text_color": "#000000"
                    },
                    "red_cards": 0,
                    "goals": [
                        {
                            "player_name": "Lucas Menossi",
                            "player_sname": "Menossi",
                            "time": 61.0,
                            "time_to_display": "61'"
                        }
                    ]
                },
                {
                    "name": "Boca Juniors",
                    "short_name": "Boca Jrs.",
                    "url_name": "boca-juniors",
                    "id": "igg",
                    "country_id": "ba",
                    "allow_open": true,
                    "colors": {
                        "color": "#1F62AF",
                        "text_color": "#FFFFFF"
                    },
                    "red_cards": 0,
                    "goals": [
                        {
                            "player_name": "Marcos Rojo",
                            "player_sname": "Rojo",
                            "time": 38.0,
                            "time_to_display": "38'"
                        },
                        {
                            "player_name": "Kevin Zenon",
                            "player_sname": "Zenon",
                            "time": 62.0,
                            "time_to_display": "62'"
                        },
                        {
                            "player_name": "Carlos Palacios",
                            "player_sname": "Palacios",
                            "time": 76.0,
                            "time_to_display": "76'"
                        }
                    ]
                }
            ],
            "url_name": "belgrano-vs-boca-juniors",
            "scores": [
                1.0,
                3.0
            ],
            "status": {
                "enum": 3,
                "name": "Finalizado",
                "short_name": "Final",
                "symbol_name": "Fin"
            },
            "start_time": "12-04-2025 20:30",
            "game_time": 90.0,
            "game_time_to_display": "",
            "game_time_status_to_display": "Final"
        },
        {
            "id": "edbjhaj",
            "stage_round_name": "Fecha 13",
            "winner": -1,
            "teams": [
                {
                    "name": "Gimnasia La Plata",
                    "short_name": "Gimnasia",
                    "url_name": "gimnasia-y-esgrima-la-plata",
                    "id": "iia",
                    "country_id": "ba",
                    "allow_open": true,
                    "colors": {
                        "color": "#3F3B76",
                        "text_color": "#FFFFFF"
                    },
                    "red_cards": 0,
                    "goals": [
                        {
                            "player_name": "Lucas Castro",
                            "player_sname": "Castro",
                            "time": 33.0,
                            "time_to_display": "33'"
                        }
                    ]
                },
                {
                    "name": "Estudiantes de La Plata",
                    "short_name": "Estudiantes",
                    "url_name": "estudiantes-de-la-plata",
                    "id": "igh",
                    "country_id": "ba",
                    "allow_open": true,
                    "colors": {
                        "color": "#E30F13",
                        "text_color": "#FFFFFF"
                    },
                    "red_cards": 0,
                    "goals": [
                        {
                            "player_name": "Luciano Giménez",
                            "player_sname": "Giménez",
                            "time": 90.0,
                            "time_to_display": "90'+3"
                        }
                    ]
                }
            ],
            "url_name": "gimnasia-y-esgrima-la-plata-vs-estudiantes-de-la-plata",
            "scores": [
                1.0,
                1.0
            ],
            "status": {
                "enum": 3,
                "name": "Finalizado",
                "short_name": "Final",
                "symbol_name": "Fin"
            },
            "start_time": "13-04-2025 15:30",
            "game_time": 90.0,
            "game_time_to_display": "",
            "game_time_status_to_display": "Final"
        },
        {
            "id": "edbjhbb",
            "stage_round_name": "Fecha 13",
            "winner": 1,
            "teams": [
                {
                    "name": "Instituto",
                    "short_name": "Instituto",
                    "url_name": "instituto-ac-cordoba",
                    "id": "hchc",
                    "country_id": "ba",
                    "allow_open": true,
                    "colors": {
                        "color": "#EA1D29",
                        "text_color": "#000000"
                    },
                    "red_cards": 0,
                    "goals": [
                        {
                            "player_name": "Gastón Lodico",
                            "player_sname": "Lodico",
                            "time": 48.0,
                            "time_to_display": "48'"
                        },
                        {
                            "player_name": "Gastón Lodico",
                            "player_sname": "Lodico",
                            "time": 61.0,
                            "time_to_display": "61'"
                        },
                        {
                            "player_name": "Juan Randazzo",
                            "player_sname": "Randazzo",
                            "time": 87.0,
                            "time_to_display": "87'",
                            "goal_type": "E.C"
                        }
                    ]
                },
                {
                    "name": "Deportivo Riestra",
                    "short_name": "Riestra",
                    "url_name": "riestra",
                    "id": "bbjea",
                    "country_id": "ba",
                    "allow_open": true,
                    "colors": {
                        "color": "#262526",
                        "text_color": "#FFFFFF"
                    },
                    "red_cards": 1
                }
            ],
            "url_name": "instituto-ac-cordoba-vs-riestra",
            "scores": [
                3.0,
                0.0
            ],
            "status": {
                "enum": 3,
                "name": "Finalizado",
                "short_name": "Final",
                "symbol_name": "Fin"
            },
            "start_time": "13-04-2025 15:30",
            "game_time": 90.0,
            "game_time_to_display": "",
            "game_time_status_to_display": "Final"
        },
        {
            "id": "edcacda",
            "stage_round_name": "Fecha 13",
            "winner": 1,
            "teams": [
                {
                    "name": "Independiente",
                    "short_name": "Independiente",
                    "url_name": "independiente",
                    "id": "ihe",
                    "country_id": "ba",
                    "allow_open": true,
                    "colors": {
                        "color": "#ED1C24",
                        "text_color": "#000000"
                    },
                    "red_cards": 0,
                    "goals": [
                        {
                            "player_name": "Gabriel Avalos",
                            "player_sname": "Avalos",
                            "time": 69.0,
                            "time_to_display": "69'"
                        },
                        {
                            "player_name": "Gabriel Avalos",
                            "player_sname": "Avalos",
                            "time": 82.0,
                            "time_to_display": "82'"
                        }
                    ]
                },
                {
                    "name": "San Martín San Juan",
                    "short_name": "San Martín",
                    "url_name": "san-martin",
                    "id": "hcai",
                    "country_id": "ba",
                    "allow_open": true,
                    "colors": {
                        "color": "#179046",
                        "text_color": "#000000"
                    },
                    "red_cards": 0
                }
            ],
            "url_name": "independiente-vs-san-martin",
            "scores": [
                2.0,
                0.0
            ],
            "status": {
                "enum": 3,
                "name": "Finalizado",
                "short_name": "Final",
                "symbol_name": "Fin"
            },
            "start_time": "13-04-2025 18:00",
            "game_time": 90.0,
            "game_time_to_display": "",
            "game_time_status_to_display": "Final"
        },
        {
            "id": "edbjhbf",
            "stage_round_name": "Fecha 13",
            "winner": -1,
            "teams": [
                {
                    "name": "River Plate",
                    "short_name": "River",
                    "url_name": "river-plate",
                    "id": "igi",
                    "country_id": "ba",
                    "allow_open": true,
                    "colors": {
                        "color": "#E3201C",
                        "text_color": "#FFFFFF"
                    },
                    "red_cards": 0,
                    "goals": [
                        {
                            "player_name": "Miguel Borja",
                            "player_sname": "Borja",
                            "time": 87.0,
                            "time_to_display": "87'"
                        }
                    ]
                },
                {
                    "name": "Talleres de Córdoba",
                    "short_name": "Talleres",
                    "url_name": "talleres-cordoba",
                    "id": "jche",
                    "country_id": "ba",
                    "allow_open": true,
                    "colors": {
                        "color": "#041D47",
                        "text_color": "#FFFFFF"
                    },
                    "red_cards": 0,
                    "goals": [
                        {
                            "player_name": "Valentín Depietri",
                            "player_sname": "Depietri",
                            "time": 50.0,
                            "time_to_display": "50'"
                        }
                    ]
                }
            ],
            "url_name": "river-plate-vs-talleres-cordoba",
            "scores": [
                1.0,
                1.0
            ],
            "status": {
                "enum": 3,
                "name": "Finalizado",
                "short_name": "Final",
                "symbol_name": "Fin"
            },
            "start_time": "13-04-2025 20:15",
            "game_time": 90.0,
            "game_time_to_display": "",
            "game_time_status_to_display": "Final"
        },
        {
            "id": "edcacdb",
            "stage_round_name": "Fecha 13",
            "winner": 2,
            "teams": [
                {
                    "name": "Aldosivi",
                    "short_name": "Aldosivi",
                    "url_name": "aldosivi",
                    "id": "hccd",
                    "country_id": "ba",
                    "allow_open": true,
                    "colors": {
                        "color": "#39B54A",
                        "text_color": "#000000"
                    },
                    "red_cards": 0
                },
                {
                    "name": "Racing Club",
                    "short_name": "Racing",
                    "url_name": "racing-club",
                    "id": "ihg",
                    "country_id": "ba",
                    "allow_open": true,
                    "colors": {
                        "color": "#029CDC",
                        "text_color": "#000000"
                    },
                    "red_cards": 0,
                    "goals": [
                        {
                            "player_name": "Adrian Martinez",
                            "player_sname": "Adrian Martinez",
                            "time": 12.0,
                            "time_to_display": "12'",
                            "goal_type": "Pen"
                        },
                        {
                            "player_name": "Santiago Solari",
                            "player_sname": "Solari",
                            "time": 35.0,
                            "time_to_display": "35'"
                        }
                    ]
                }
            ],
            "url_name": "aldosivi-vs-racing-club",
            "scores": [
                0.0,
                2.0
            ],
            "status": {
                "enum": 3,
                "name": "Finalizado",
                "short_name": "Final",
                "symbol_name": "Fin"
            },
            "start_time": "14-04-2025 15:30",
            "game_time": 90.0,
            "game_time_to_display": "",
            "game_time_status_to_display": "Final"
        },
        {
            "id": "edbjhbh",
            "stage_round_name": "Fecha 13",
            "winner": 2,
            "teams": [
                {
                    "name": "Central Córdoba SdE",
                    "short_name": "Central Córdoba",
                    "url_name": "central-cordoba-sde",
                    "id": "beafh",
                    "country_id": "ba",
                    "allow_open": true,
                    "colors": {
                        "color": "#9E9E9E",
                        "text_color": "#000000"
                    },
                    "red_cards": 1,
                    "goals": [
                        {
                            "player_name": "Leonardo Heredia",
                            "player_sname": "Heredia",
                            "time": 42.0,
                            "time_to_display": "42'",
                            "goal_type": "Pen"
                        }
                    ]
                },
                {
                    "name": "Huracán",
                    "short_name": "Huracán",
                    "url_name": "huracan",
                    "id": "iie",
                    "country_id": "ba",
                    "allow_open": true,
                    "colors": {
                        "color": "#FF1E1E",
                        "text_color": "#000000"
                    },
                    "red_cards": 0,
                    "goals": [
                        {
                            "player_name": "Walter Mazzantti",
                            "player_sname": "Mazzantti",
                            "time": 32.0,
                            "time_to_display": "32'"
                        },
                        {
                            "player_name": "Matko Miljevic",
                            "player_sname": "Miljevic",
                            "time": 58.0,
                            "time_to_display": "58'",
                            "goal_type": "Pen"
                        }
                    ]
                }
            ],
            "url_name": "central-cordoba-sde-vs-huracan",
            "scores": [
                1.0,
                2.0
            ],
            "status": {
                "enum": 3,
                "name": "Finalizado",
                "short_name": "Final",
                "symbol_name": "Fin"
            },
            "start_time": "14-04-2025 18:00",
            "game_time": 90.0,
            "game_time_to_display": "",
            "game_time_status_to_display": "Final"
        },
        {
            "id": "edbjhbj",
            "stage_round_name": "Fecha 13",
            "winner": -1,
            "teams": [
                {
                    "name": "Defensa y Justicia",
                    "short_name": "Defensa",
                    "url_name": "defensa-y-justicia",
                    "id": "hcbh",
                    "country_id": "ba",
                    "allow_open": true,
                    "colors": {
                        "color": "#22A07D",
                        "text_color": "#000000"
                    },
                    "red_cards": 0
                },
                {
                    "name": "Unión de Santa Fe",
                    "short_name": "Unión",
                    "url_name": "union-santa-fe",
                    "id": "hcag",
                    "country_id": "ba",
                    "allow_open": true,
                    "colors": {
                        "color": "#DB304A",
                        "text_color": "#FFFFFF"
                    },
                    "red_cards": 0
                }
            ],
            "url_name": "defensa-y-justicia-vs-union-santa-fe",
            "scores": [
                0.0,
                0.0
            ],
            "status": {
                "enum": 3,
                "name": "Finalizado",
                "short_name": "Final",
                "symbol_name": "Fin"
            },
            "start_time": "14-04-2025 19:00",
            "game_time": 90.0,
            "game_time_to_display": "",
            "game_time_status_to_display": "Final"
        },
        {
            "id": "edbjhba",
            "stage_round_name": "Fecha 13",
            "winner": -1,
            "teams": [
                {
                    "name": "Godoy Cruz",
                    "short_name": "Godoy Cruz",
                    "url_name": "godoy-cruz",
                    "id": "ihd",
                    "country_id": "ba",
                    "allow_open": true,
                    "colors": {
                        "color": "#0033CC",
                        "text_color": "#FFFFFF"
                    },
                    "red_cards": 0
                },
                {
                    "name": "Lanús",
                    "short_name": "Lanús",
                    "url_name": "lanus",
                    "id": "igj",
                    "country_id": "ba",
                    "allow_open": true,
                    "colors": {
                        "color": "#9F2B54",
                        "text_color": "#FFFFFF"
                    },
                    "red_cards": 0
                }
            ],
            "url_name": "godoy-cruz-vs-lanus",
            "scores": [
                0.0,
                0.0
            ],
            "status": {
                "enum": 3,
                "name": "Finalizado",
                "short_name": "Final",
                "symbol_name": "Fin"
            },
            "start_time": "14-04-2025 21:15",
            "game_time": 90.0,
            "game_time_to_display": "",
            "game_time_status_to_display": "Final"
        },
        {
            "id": "edbjhbe",
            "stage_round_name": "Fecha 13",
            "winner": 2,
            "teams": [
                {
                    "name": "Vélez Sarsfield",
                    "short_name": "Vélez",
                    "url_name": "velez-sarsfield",
                    "id": "ihc",
                    "country_id": "ba",
                    "allow_open": true,
                    "colors": {
                        "color": "#2F3993",
                        "text_color": "#FFFFFF"
                    },
                    "red_cards": 0
                },
                {
                    "name": "Sarmiento Junín",
                    "short_name": "Sarmiento",
                    "url_name": "sarmiento-junin",
                    "id": "hbbh",
                    "country_id": "ba",
                    "allow_open": true,
                    "colors": {
                        "color": "#096D37",
                        "text_color": "#FFFFFF"
                    },
                    "red_cards": 0,
                    "goals": [
                        {
                            "player_name": "Franco Frías",
                            "player_sname": "Frías",
                            "time": 71.0,
                            "time_to_display": "71'"
                        }
                    ]
                }
            ],
            "url_name": "velez-sarsfield-vs-sarmiento-junin",
            "scores": [
                0.0,
                1.0
            ],
            "status": {
                "enum": 3,
                "name": "Finalizado",
                "short_name": "Final",
                "symbol_name": "Fin"
            },
            "start_time": "14-04-2025 21:15",
            "game_time": 90.0,
            "game_time_to_display": "",
            "game_time_status_to_display": "Final"
        },
        {
            "id": "edbjhbd",
            "stage_round_name": "Fecha 13",
            "winner": -1,
            "teams": [
                {
                    "name": "Platense",
                    "short_name": "Platense",
                    "url_name": "platense",
                    "id": "hcah",
                    "country_id": "ba",
                    "allow_open": true,
                    "colors": {
                        "color": "#5C3919",
                        "text_color": "#FFFFFF"
                    },
                    "red_cards": 0
                },
                {
                    "name": "Rosario Central",
                    "short_name": "Central",
                    "url_name": "rosario-central",
                    "id": "ihf",
                    "country_id": "ba",
                    "allow_open": true,
                    "colors": {
                        "color": "#FFDB00",
                        "text_color": "#000000"
                    },
                    "red_cards": 0
                }
            ],
            "url_name": "platense-vs-rosario-central",
            "scores": [
                0.0,
                0.0
            ],
            "status": {
                "enum": 3,
                "name": "Finalizado",
                "short_name": "Final",
                "symbol_name": "Fin"
            },
            "start_time": "15-04-2025 20:00",
            "game_time": 90.0,
            "game_time_to_display": "",
            "game_time_status_to_display": "Final"
        }
    ]
}