{
    "TTL": 300,
    "games": [
        {
            "id": "edbjige",
            "stage_round_name": "Fecha 2",
            "winner": 1,
            "teams": [
                {
                    "name": "Banfield",
                    "short_name": "Banfield",
                    "url_name": "banfield",
                    "id": "ihi",
                    "country_id": "ba",
                    "allow_open": true,
                    "colors": {
                        "color": "#02953D",
                        "text_color": "#000000"
                    },
                    "red_cards": 0,
                    "goals": [
                        {
                            "player_name": "Tomas Nasif",
                            "player_sname": "Nasif",
                            "time": 30.0,
                            "time_to_display": "30'",
                            "goal_type": "Pen"
                        },
                        {
                            "player_name": "Agustín Alaniz",
                            "player_sname": "Agustín Alaniz",
                            "time": 45.0,
                            "time_to_display": "45'+1"
                        },
                        {
                            "player_name": "Tomas Nasif",
                            "player_sname": "Nasif",
                            "time": 55.0,
                            "time_to_display": "55'"
                        }
                    ]
                },
                {
                    "name": "Newell's Old Boys",
                    "short_name": "Newell's",
                    "url_name": "newell's-old-boys",
                    "id": "ihh",
                    "country_id": "ba",
                    "allow_open": true,
                    "colors": {
                        "color": "#ED1C24",
                        "text_color": "#000000"
                    },
                    "red_cards": 0
                }
            ],
            "url_name": "banfield-vs-newell's-old-boys",
            "scores": [
                3.0,
                0.0
            ],
            "status": {
                "enum": 3,
                "name": "Finalizado",
                "short_name": "Final",
                "symbol_name": "Fin"
            },
            "start_time": "27-01-2025 20:00",
            "game_time": 90.0,
            "game_time_to_display": "",
            "game_time_status_to_display": "Final"
        },
        {
            "id": "edcabjj",
            "stage_round_name": "Fecha 2",
            "winner": -1,
            "teams": [
                {
                    "name": "Deportivo Riestra",
                    "short_name": "Riestra",
                    "url_name": "riestra",
                    "id": "bbjea",
                    "country_id": "ba",
                    "allow_open": true,
                    "colors": {
                        "color": "#262526",
                        "text_color": "#FFFFFF"
                    },
                    "red_cards": 0
                },
                {
                    "name": "San Martín San Juan",
                    "short_name": "San Martín",
                    "url_name": "san-martin",
                    "id": "hcai",
                    "country_id": "ba",
                    "allow_open": true,
                    "colors": {
                        "color": "#179046",
                        "text_color": "#000000"
                    },
                    "red_cards": 0
                }
            ],
            "url_name": "riestra-vs-san-martin",
            "scores": [
                0.0,
                0.0
            ],
            "status": {
                "enum": 3,
                "name": "Finalizado",
                "short_name": "Final",
                "symbol_name": "Fin"
            },
            "start_time": "28-01-2025 17:00",
            "game_time": 90.0,
            "game_time_to_display": "",
            "game_time_status_to_display": "Final"
        },
        {
            "id": "edbjifh",
            "stage_round_name": "Fecha 2",
            "winner": -1,
            "teams": [
                {
                    "name": "Sarmiento Junín",
                    "short_name": "Sarmiento",
                    "url_name": "sarmiento-junin",
                    "id": "hbbh",
                    "country_id": "ba",
                    "allow_open": true,
                    "colors": {
                        "color": "#096D37",
                        "text_color": "#FFFFFF"
                    },
                    "red_cards": 0
                },
                {
                    "name": "Godoy Cruz",
                    "short_name": "Godoy Cruz",
                    "url_name": "godoy-cruz",
                    "id": "ihd",
                    "country_id": "ba",
                    "allow_open": true,
                    "colors": {
                        "color": "#0033CC",
                        "text_color": "#FFFFFF"
                    },
                    "red_cards": 0
                }
            ],
            "url_name": "sarmiento-junin-vs-godoy-cruz",
            "scores": [
                0.0,
                0.0
            ],
            "status": {
                "enum": 3,
                "name": "Finalizado",
                "short_name": "Final",
                "symbol_name": "Fin"
            },
            "start_time": "28-01-2025 19:15",
            "game_time": 90.0,
            "game_time_to_display": "",
            "game_time_status_to_display": "Final"
        },
        {
            "id": "edbjifi",
            "stage_round_name": "Fecha 2",
            "winner": 1,
            "teams": [
                {
                    "name": "Rosario Central",
                    "short_name": "Central",
                    "url_name": "rosario-central",
                    "id": "ihf",
                    "country_id": "ba",
                    "allow_open": true,
                    "colors": {
                        "color": "#FFDB00",
                        "text_color": "#000000"
                    },
                    "red_cards": 0,
                    "goals": [
                        {
                            "player_name": "Jaminton Campaz",
                            "player_sname": "Campaz",
                            "time": 10.0,
                            "time_to_display": "10'"
                        },
                        {
                            "player_name": "Ignacio Malcorra",
                            "player_sname": "Malcorra",
                            "time": 38.0,
                            "time_to_display": "38'",
                            "goal_type": "Pen"
                        }
                    ]
                },
                {
                    "name": "Lanús",
                    "short_name": "Lanús",
                    "url_name": "lanus",
                    "id": "igj",
                    "country_id": "ba",
                    "allow_open": true,
                    "colors": {
                        "color": "#9F2B54",
                        "text_color": "#FFFFFF"
                    },
                    "red_cards": 0,
                    "goals": [
                        {
                            "player_name": "Walter Bou",
                            "player_sname": "Bou",
                            "time": 84.0,
                            "time_to_display": "84'"
                        }
                    ]
                }
            ],
            "url_name": "rosario-central-vs-lanus",
            "scores": [
                2.0,
                1.0
            ],
            "status": {
                "enum": 3,
                "name": "Finalizado",
                "short_name": "Final",
                "symbol_name": "Fin"
            },
            "start_time": "28-01-2025 19:15",
            "game_time": 90.0,
            "game_time_to_display": "",
            "game_time_status_to_display": "Final"
        },
        {
            "id": "edbjifd",
            "stage_round_name": "Fecha 2",
            "winner": 2,
            "teams": [
                {
                    "name": "Vélez Sarsfield",
                    "short_name": "Vélez",
                    "url_name": "velez-sarsfield",
                    "id": "ihc",
                    "country_id": "ba",
                    "allow_open": true,
                    "colors": {
                        "color": "#2F3993",
                        "text_color": "#FFFFFF"
                    },
                    "red_cards": 0
                },
                {
                    "name": "Platense",
                    "short_name": "Platense",
                    "url_name": "platense",
                    "id": "hcah",
                    "country_id": "ba",
                    "allow_open": true,
                    "colors": {
                        "color": "#5C3919",
                        "text_color": "#FFFFFF"
                    },
                    "red_cards": 0,
                    "goals": [
                        {
                            "player_name": "Guido Mainero",
                            "player_sname": "Mainero",
                            "time": 90.0,
                            "time_to_display": "90'+3"
                        }
                    ]
                }
            ],
            "url_name": "velez-sarsfield-vs-platense",
            "scores": [
                0.0,
                1.0
            ],
            "status": {
                "enum": 3,
                "name": "Finalizado",
                "short_name": "Final",
                "symbol_name": "Fin"
            },
            "start_time": "28-01-2025 21:30",
            "game_time": 90.0,
            "game_time_to_display": "",
            "game_time_status_to_display": "Final"
        },
        {
            "id": "edbjigd",
            "stage_round_name": "Fecha 2",
            "winner": -1,
            "teams": [
                {
                    "name": "Independiente Rivadavia",
                    "short_name": "Ind. Rivadavia",
                    "url_name": "independiente-rivadavia",
                    "id": "hcch",
                    "country_id": "ba",
                    "allow_open": true,
                    "colors": {
                        "color": "#262169",
                        "text_color": "#FFFFFF"
                    },
                    "red_cards": 0
                },
                {
                    "name": "Barracas Central",
                    "short_name": "Barracas",
                    "url_name": "barracas-central",
                    "id": "jafb",
                    "country_id": "ba",
                    "allow_open": true,
                    "colors": {
                        "color": "#D4150D",
                        "text_color": "#FFFFFF"
                    },
                    "red_cards": 0
                }
            ],
            "url_name": "independiente-rivadavia-vs-barracas-central",
            "scores": [
                0.0,
                0.0
            ],
            "status": {
                "enum": 3,
                "name": "Finalizado",
                "short_name": "Final",
                "symbol_name": "Fin"
            },
            "start_time": "28-01-2025 21:30",
            "game_time": 90.0,
            "game_time_to_display": "",
            "game_time_status_to_display": "Final"
        },
        {
            "id": "edbjiff",
            "stage_round_name": "Fecha 2",
            "winner": 2,
            "teams": [
                {
                    "name": "Gimnasia La Plata",
                    "short_name": "Gimnasia",
                    "url_name": "gimnasia-y-esgrima-la-plata",
                    "id": "iia",
                    "country_id": "ba",
                    "allow_open": true,
                    "colors": {
                        "color": "#3F3B76",
                        "text_color": "#FFFFFF"
                    },
                    "red_cards": 0
                },
                {
                    "name": "San Lorenzo",
                    "short_name": "San Lorenzo",
                    "url_name": "san-lorenzo",
                    "id": "igf",
                    "country_id": "ba",
                    "allow_open": true,
                    "colors": {
                        "color": "#283B56",
                        "text_color": "#FFFFFF"
                    },
                    "red_cards": 0,
                    "goals": [
                        {
                            "player_name": "Andres Vombergar",
                            "player_sname": "Andres Vombergar",
                            "time": 74.0,
                            "time_to_display": "74'"
                        },
                        {
                            "player_name": "Emanuel Cecchini",
                            "player_sname": "Cecchini",
                            "time": 83.0,
                            "time_to_display": "83'"
                        }
                    ]
                }
            ],
            "url_name": "gimnasia-y-esgrima-la-plata-vs-san-lorenzo",
            "scores": [
                0.0,
                2.0
            ],
            "status": {
                "enum": 3,
                "name": "Finalizado",
                "short_name": "Final",
                "symbol_name": "Fin"
            },
            "start_time": "29-01-2025 17:00",
            "game_time": 90.0,
            "game_time_to_display": "",
            "game_time_status_to_display": "Final"
        },
        {
            "id": "edbjifg",
            "stage_round_name": "Fecha 2",
            "winner": 2,
            "teams": [
                {
                    "name": "Talleres de Córdoba",
                    "short_name": "Talleres",
                    "url_name": "talleres-cordoba",
                    "id": "jche",
                    "country_id": "ba",
                    "allow_open": true,
                    "colors": {
                        "color": "#041D47",
                        "text_color": "#FFFFFF"
                    },
                    "red_cards": 0,
                    "goals": [
                        {
                            "player_name": "Federico Vera",
                            "player_sname": "Vera",
                            "time": 4.0,
                            "time_to_display": "4'",
                            "goal_type": "E.C"
                        },
                        {
                            "player_name": "Valentín Depietri",
                            "player_sname": "Depietri",
                            "time": 85.0,
                            "time_to_display": "85'"
                        }
                    ]
                },
                {
                    "name": "Independiente",
                    "short_name": "Independiente",
                    "url_name": "independiente",
                    "id": "ihe",
                    "country_id": "ba",
                    "allow_open": true,
                    "colors": {
                        "color": "#ED1C24",
                        "text_color": "#000000"
                    },
                    "red_cards": 0,
                    "goals": [
                        {
                            "player_name": "Juan Rodríguez",
                            "player_sname": "Rodríguez",
                            "time": 17.0,
                            "time_to_display": "17'",
                            "goal_type": "E.C"
                        },
                        {
                            "player_name": "Adrián Sporle",
                            "player_sname": "Sporle",
                            "time": 38.0,
                            "time_to_display": "38'"
                        },
                        {
                            "player_name": "Luciano Cabral",
                            "player_sname": "Cabral",
                            "time": 90.0,
                            "time_to_display": "90'+1"
                        }
                    ]
                }
            ],
            "url_name": "talleres-cordoba-vs-independiente",
            "scores": [
                2.0,
                3.0
            ],
            "status": {
                "enum": 3,
                "name": "Finalizado",
                "short_name": "Final",
                "symbol_name": "Fin"
            },
            "start_time": "29-01-2025 17:00",
            "game_time": 90.0,
            "game_time_to_display": "",
            "game_time_status_to_display": "Final"
        },
        {
            "id": "edbjiga",
            "stage_round_name": "Fecha 2",
            "winner": -1,
            "teams": [
                {
                    "name": "Unión de Santa Fe",
                    "short_name": "Unión",
                    "url_name": "union-santa-fe",
                    "id": "hcag",
                    "country_id": "ba",
                    "allow_open": true,
                    "colors": {
                        "color": "#DB304A",
                        "text_color": "#FFFFFF"
                    },
                    "red_cards": 0,
                    "goals": [
                        {
                            "player_name": "Franco Fragapane",
                            "player_sname": "Fragapane",
                            "time": 90.0,
                            "time_to_display": "90'+2"
                        }
                    ]
                },
                {
                    "name": "Boca Juniors",
                    "short_name": "Boca Jrs.",
                    "url_name": "boca-juniors",
                    "id": "igg",
                    "country_id": "ba",
                    "allow_open": true,
                    "colors": {
                        "color": "#1F62AF",
                        "text_color": "#FFFFFF"
                    },
                    "red_cards": 0,
                    "goals": [
                        {
                            "player_name": "Marcelo Saracchi",
                            "player_sname": "Saracchi",
                            "time": 5.0,
                            "time_to_display": "5'"
                        }
                    ]
                }
            ],
            "url_name": "union-santa-fe-vs-boca-juniors",
            "scores": [
                1.0,
                1.0
            ],
            "status": {
                "enum": 3,
                "name": "Finalizado",
                "short_name": "Final",
                "symbol_name": "Fin"
            },
            "start_time": "29-01-2025 19:15",
            "game_time": 90.0,
            "game_time_to_display": "",
            "game_time_status_to_display": "Final"
        },
        {
            "id": "edbjigb",
            "stage_round_name": "Fecha 2",
            "winner": -1,
            "teams": [
                {
                    "name": "Huracán",
                    "short_name": "Huracán",
                    "url_name": "huracan",
                    "id": "iie",
                    "country_id": "ba",
                    "allow_open": true,
                    "colors": {
                        "color": "#FF1E1E",
                        "text_color": "#000000"
                    },
                    "red_cards": 0
                },
                {
                    "name": "Estudiantes de La Plata",
                    "short_name": "Estudiantes",
                    "url_name": "estudiantes-de-la-plata",
                    "id": "igh",
                    "country_id": "ba",
                    "allow_open": true,
                    "colors": {
                        "color": "#E30F13",
                        "text_color": "#FFFFFF"
                    },
                    "red_cards": 1
                }
            ],
            "url_name": "huracan-vs-estudiantes-de-la-plata",
            "scores": [
                0.0,
                0.0
            ],
            "status": {
                "enum": 3,
                "name": "Finalizado",
                "short_name": "Final",
                "symbol_name": "Fin"
            },
            "start_time": "29-01-2025 19:15",
            "game_time": 90.0,
            "game_time_to_display": "",
            "game_time_status_to_display": "Final"
        },
        {
            "id": "edbjife",
            "stage_round_name": "Fecha 2",
            "winner": 1,
            "teams": [
                {
                    "name": "River Plate",
                    "short_name": "River",
                    "url_name": "river-plate",
                    "id": "igi",
                    "country_id": "ba",
                    "allow_open": true,
                    "colors": {
                        "color": "#E3201C",
                        "text_color": "#FFFFFF"
                    },
                    "red_cards": 0,
                    "goals": [
                        {
                            "player_name": "Gonzalo Montiel",
                            "player_sname": "Montiel",
                            "time": 90.0,
                            "time_to_display": "90'"
                        }
                    ]
                },
                {
                    "name": "Instituto",
                    "short_name": "Instituto",
                    "url_name": "instituto-ac-cordoba",
                    "id": "hchc",
                    "country_id": "ba",
                    "allow_open": true,
                    "colors": {
                        "color": "#EA1D29",
                        "text_color": "#000000"
                    },
                    "red_cards": 0
                }
            ],
            "url_name": "river-plate-vs-instituto-ac-cordoba",
            "scores": [
                1.0,
                0.0
            ],
            "status": {
                "enum": 3,
                "name": "Finalizado",
                "short_name": "Final",
                "symbol_name": "Fin"
            },
            "start_time": "29-01-2025 21:30",
            "game_time": 90.0,
            "game_time_to_display": "",
            "game_time_status_to_display": "Final"
        },
        {
            "id": "edcabjg",
            "stage_round_name": "Fecha 2",
            "winner": 2,
            "teams": [
                {
                    "name": "Aldosivi",
                    "short_name": "Aldosivi",
                    "url_name": "aldosivi",
                    "id": "hccd",
                    "country_id": "ba",
                    "allow_open": true,
                    "colors": {
                        "color": "#39B54A",
                        "text_color": "#000000"
                    },
                    "red_cards": 0
                },
                {
                    "name": "Defensa y Justicia",
                    "short_name": "Defensa",
                    "url_name": "defensa-y-justicia",
                    "id": "hcbh",
                    "country_id": "ba",
                    "allow_open": true,
                    "colors": {
                        "color": "#22A07D",
                        "text_color": "#000000"
                    },
                    "red_cards": 0,
                    "goals": [
                        {
                            "player_name": "Aaron Molinas",
                            "player_sname": "Aaron Molinas",
                            "time": 4.0,
                            "time_to_display": "4'"
                        },
                        {
                            "player_name": "Gaston Togni",
                            "player_sname": "Togni",
                            "time": 25.0,
                            "time_to_display": "25'"
                        },
                        {
                            "player_name": "Aaron Molinas",
                            "player_sname": "Aaron Molinas",
                            "time": 49.0,
                            "time_to_display": "49'"
                        },
                        {
                            "player_name": "Juan Miritello",
                            "player_sname": "Miritello",
                            "time": 68.0,
                            "time_to_display": "68'"
                        },
                        {
                            "player_name": "Abiel Osorio",
                            "player_sname": "Abiel Osorio",
                            "time": 84.0,
                            "time_to_display": "84'"
                        }
                    ]
                }
            ],
            "url_name": "aldosivi-vs-defensa-y-justicia",
            "scores": [
                0.0,
                5.0
            ],
            "status": {
                "enum": 3,
                "name": "Finalizado",
                "short_name": "Final",
                "symbol_name": "Fin"
            },
            "start_time": "30-01-2025 17:00",
            "game_time": 90.0,
            "game_time_to_display": "",
            "game_time_status_to_display": "Final"
        },
        {
            "id": "edbjigc",
            "stage_round_name": "Fecha 2",
            "winner": 1,
            "teams": [
                {
                    "name": "Racing Club",
                    "short_name": "Racing",
                    "url_name": "racing-club",
                    "id": "ihg",
                    "country_id": "ba",
                    "allow_open": true,
                    "colors": {
                        "color": "#029CDC",
                        "text_color": "#000000"
                    },
                    "red_cards": 0,
                    "goals": [
                        {
                            "player_name": "Adrian Martinez",
                            "player_sname": "Adrian Martinez",
                            "time": 20.0,
                            "time_to_display": "20'"
                        },
                        {
                            "player_name": "Luciano Vietto",
                            "player_sname": "Vietto",
                            "time": 62.0,
                            "time_to_display": "62'"
                        },
                        {
                            "player_name": "Adrian Martinez",
                            "player_sname": "Adrian Martinez",
                            "time": 68.0,
                            "time_to_display": "68'"
                        },
                        {
                            "player_name": "Adrián Balboa",
                            "player_sname": "Balboa",
                            "time": 82.0,
                            "time_to_display": "82'"
                        }
                    ]
                },
                {
                    "name": "Belgrano",
                    "short_name": "Belgrano",
                    "url_name": "belgrano",
                    "id": "fhid",
                    "country_id": "ba",
                    "allow_open": true,
                    "colors": {
                        "color": "#2AACE2",
                        "text_color": "#000000"
                    },
                    "red_cards": 0
                }
            ],
            "url_name": "racing-club-vs-belgrano",
            "scores": [
                4.0,
                0.0
            ],
            "status": {
                "enum": 3,
                "name": "Finalizado",
                "short_name": "Final",
                "symbol_name": "Fin"
            },
            "start_time": "30-01-2025 19:15",
            "game_time": 90.0,
            "game_time_to_display": "",
            "game_time_status_to_display": "Final"
        },
        {
            "id": "edbjifc",
            "stage_round_name": "Fecha 2",
            "winner": 1,
            "teams": [
                {
                    "name": "Central Córdoba SdE",
                    "short_name": "Central Córdoba",
                    "url_name": "central-cordoba-sde",
                    "id": "beafh",
                    "country_id": "ba",
                    "allow_open": true,
                    "colors": {
                        "color": "#9E9E9E",
                        "text_color": "#000000"
                    },
                    "red_cards": 0,
                    "goals": [
                        {
                            "player_name": "Leonardo Heredia",
                            "player_sname": "Heredia",
                            "time": 44.0,
                            "time_to_display": "44'"
                        },
                        {
                            "player_name": "Iván Gómez",
                            "player_sname": "Gómez",
                            "time": 55.0,
                            "time_to_display": "55'"
                        }
                    ]
                },
                {
                    "name": "Atlético Tucumán",
                    "short_name": "Atl. Tucumán",
                    "url_name": "atletico-tucuman",
                    "id": "gbfc",
                    "country_id": "ba",
                    "allow_open": true,
                    "colors": {
                        "color": "#62BCF1",
                        "text_color": "#000000"
                    },
                    "red_cards": 0
                }
            ],
            "url_name": "central-cordoba-sde-vs-atletico-tucuman",
            "scores": [
                2.0,
                0.0
            ],
            "status": {
                "enum": 3,
                "name": "Finalizado",
                "short_name": "Final",
                "symbol_name": "Fin"
            },
            "start_time": "30-01-2025 21:30",
            "game_time": 90.0,
            "game_time_to_display": "",
            "game_time_status_to_display": "Final"
        },
        {
            "id": "edbjifj",
            "stage_round_name": "Fecha 2",
            "winner": 1,
            "teams": [
                {
                    "name": "Argentinos Juniors",
                    "short_name": "Argentinos",
                    "url_name": "argentinos-juniors",
                    "id": "ihb",
                    "country_id": "ba",
                    "allow_open": true,
                    "colors": {
                        "color": "#EE292E",
                        "text_color": "#000000"
                    },
                    "red_cards": 0,
                    "goals": [
                        {
                            "player_name": "Alan Rodriguez",
                            "player_sname": "Rodriguez",
                            "time": 20.0,
                            "time_to_display": "20'"
                        }
                    ]
                },
                {
                    "name": "Tigre",
                    "short_name": "Tigre",
                    "url_name": "tigre",
                    "id": "iid",
                    "country_id": "ba",
                    "allow_open": true,
                    "colors": {
                        "color": "#161267",
                        "text_color": "#FFFFFF"
                    },
                    "red_cards": 1
                }
            ],
            "url_name": "argentinos-juniors-vs-tigre",
            "scores": [
                1.0,
                0.0
            ],
            "status": {
                "enum": 3,
                "name": "Finalizado",
                "short_name": "Final",
                "symbol_name": "Fin"
            },
            "start_time": "30-01-2025 21:30",
            "game_time": 90.0,
            "game_time_to_display": "",
            "game_time_status_to_display": "Final"
        }
    ]
}