{
    "TTL": 300,
    "games": [
        {
            "id": "edbjigg",
            "stage_round_name": "Fecha 1",
            "winner": 2,
            "teams": [
                {
                    "name": "Godoy Cruz",
                    "short_name": "Godoy Cruz",
                    "url_name": "godoy-cruz",
                    "id": "ihd",
                    "country_id": "ba",
                    "allow_open": true,
                    "colors": {
                        "color": "#0033CC",
                        "text_color": "#FFFFFF"
                    },
                    "red_cards": 0
                },
                {
                    "name": "Rosario Central",
                    "short_name": "Central",
                    "url_name": "rosario-central",
                    "id": "ihf",
                    "country_id": "ba",
                    "allow_open": true,
                    "colors": {
                        "color": "#FFDB00",
                        "text_color": "#000000"
                    },
                    "red_cards": 0,
                    "goals": [
                        {
                            "player_name": "Enzo Copetti",
                            "player_sname": "Copetti",
                            "time": 18.0,
                            "time_to_display": "18'"
                        },
                        {
                            "player_name": "Ignacio Malcorra",
                            "player_sname": "Malcorra",
                            "time": 26.0,
                            "time_to_display": "26'"
                        },
                        {
                            "player_name": "Jaminton Campaz",
                            "player_sname": "Campaz",
                            "time": 48.0,
                            "time_to_display": "48'"
                        }
                    ]
                }
            ],
            "url_name": "godoy-cruz-vs-rosario-central",
            "scores": [
                0.0,
                3.0
            ],
            "status": {
                "enum": 3,
                "name": "Finalizado",
                "short_name": "Final",
                "symbol_name": "Fin"
            },
            "start_time": "23-01-2025 19:00",
            "game_time": 90.0,
            "game_time_to_display": "",
            "game_time_status_to_display": "Final"
        },
        {
            "id": "edbjihb",
            "stage_round_name": "Fecha 1",
            "winner": 1,
            "teams": [
                {
                    "name": "Tigre",
                    "short_name": "Tigre",
                    "url_name": "tigre",
                    "id": "iid",
                    "country_id": "ba",
                    "allow_open": true,
                    "colors": {
                        "color": "#161267",
                        "text_color": "#FFFFFF"
                    },
                    "red_cards": 0,
                    "goals": [
                        {
                            "player_name": "Ignacio Russo",
                            "player_sname": "Russo",
                            "time": 3.0,
                            "time_to_display": "3'"
                        },
                        {
                            "player_name": "Ignacio Russo",
                            "player_sname": "Russo",
                            "time": 9.0,
                            "time_to_display": "9'"
                        },
                        {
                            "player_name": "Martín Ortega",
                            "player_sname": "Ortega",
                            "time": 47.0,
                            "time_to_display": "47'"
                        }
                    ]
                },
                {
                    "name": "Vélez Sarsfield",
                    "short_name": "Vélez",
                    "url_name": "velez-sarsfield",
                    "id": "ihc",
                    "country_id": "ba",
                    "allow_open": true,
                    "colors": {
                        "color": "#2F3993",
                        "text_color": "#FFFFFF"
                    },
                    "red_cards": 0
                }
            ],
            "url_name": "tigre-vs-velez-sarsfield",
            "scores": [
                3.0,
                0.0
            ],
            "status": {
                "enum": 3,
                "name": "Finalizado",
                "short_name": "Final",
                "symbol_name": "Fin"
            },
            "start_time": "23-01-2025 19:00",
            "game_time": 90.0,
            "game_time_to_display": "",
            "game_time_status_to_display": "Final"
        },
        {
            "id": "edbjigf",
            "stage_round_name": "Fecha 1",
            "winner": 2,
            "teams": [
                {
                    "name": "Lanús",
                    "short_name": "Lanús",
                    "url_name": "lanus",
                    "id": "igj",
                    "country_id": "ba",
                    "allow_open": true,
                    "colors": {
                        "color": "#9F2B54",
                        "text_color": "#FFFFFF"
                    },
                    "red_cards": 0
                },
                {
                    "name": "Deportivo Riestra",
                    "short_name": "Riestra",
                    "url_name": "riestra",
                    "id": "bbjea",
                    "country_id": "ba",
                    "allow_open": true,
                    "colors": {
                        "color": "#262526",
                        "text_color": "#FFFFFF"
                    },
                    "red_cards": 0,
                    "goals": [
                        {
                            "player_name": "Jonathan Herrera",
                            "player_sname": "Herrera",
                            "time": 77.0,
                            "time_to_display": "77'"
                        },
                        {
                            "player_name": "Gabriel Obredor",
                            "player_sname": "Obredor",
                            "time": 86.0,
                            "time_to_display": "86'"
                        }
                    ]
                }
            ],
            "url_name": "lanus-vs-riestra",
            "scores": [
                0.0,
                2.0
            ],
            "status": {
                "enum": 3,
                "name": "Finalizado",
                "short_name": "Final",
                "symbol_name": "Fin"
            },
            "start_time": "23-01-2025 21:30",
            "game_time": 90.0,
            "game_time_to_display": "",
            "game_time_status_to_display": "Final"
        },
        {
            "id": "edbjihc",
            "stage_round_name": "Fecha 1",
            "winner": 2,
            "teams": [
                {
                    "name": "Defensa y Justicia",
                    "short_name": "Defensa",
                    "url_name": "defensa-y-justicia",
                    "id": "hcbh",
                    "country_id": "ba",
                    "allow_open": true,
                    "colors": {
                        "color": "#22A07D",
                        "text_color": "#000000"
                    },
                    "red_cards": 0
                },
                {
                    "name": "Banfield",
                    "short_name": "Banfield",
                    "url_name": "banfield",
                    "id": "ihi",
                    "country_id": "ba",
                    "allow_open": true,
                    "colors": {
                        "color": "#02953D",
                        "text_color": "#000000"
                    },
                    "red_cards": 0,
                    "goals": [
                        {
                            "player_name": "Tomas Nasif",
                            "player_sname": "Nasif",
                            "time": 59.0,
                            "time_to_display": "59'"
                        }
                    ]
                }
            ],
            "url_name": "defensa-y-justicia-vs-banfield",
            "scores": [
                0.0,
                1.0
            ],
            "status": {
                "enum": 3,
                "name": "Finalizado",
                "short_name": "Final",
                "symbol_name": "Fin"
            },
            "start_time": "23-01-2025 21:30",
            "game_time": 90.0,
            "game_time_to_display": "",
            "game_time_status_to_display": "Final"
        },
        {
            "id": "edbjihd",
            "stage_round_name": "Fecha 1",
            "winner": 2,
            "teams": [
                {
                    "name": "Newell's Old Boys",
                    "short_name": "Newell's",
                    "url_name": "newell's-old-boys",
                    "id": "ihh",
                    "country_id": "ba",
                    "allow_open": true,
                    "colors": {
                        "color": "#ED1C24",
                        "text_color": "#000000"
                    },
                    "red_cards": 0
                },
                {
                    "name": "Independiente Rivadavia",
                    "short_name": "Ind. Rivadavia",
                    "url_name": "independiente-rivadavia",
                    "id": "hcch",
                    "country_id": "ba",
                    "allow_open": true,
                    "colors": {
                        "color": "#262169",
                        "text_color": "#FFFFFF"
                    },
                    "red_cards": 0,
                    "goals": [
                        {
                            "player_name": "Mauro Peinipil",
                            "player_sname": "Peinipil",
                            "time": 43.0,
                            "time_to_display": "43'"
                        }
                    ]
                }
            ],
            "url_name": "newell's-old-boys-vs-independiente-rivadavia",
            "scores": [
                0.0,
                1.0
            ],
            "status": {
                "enum": 3,
                "name": "Finalizado",
                "short_name": "Final",
                "symbol_name": "Fin"
            },
            "start_time": "23-01-2025 21:30",
            "game_time": 90.0,
            "game_time_to_display": "",
            "game_time_status_to_display": "Final"
        },
        {
            "id": "edbjihe",
            "stage_round_name": "Fecha 1",
            "winner": 2,
            "teams": [
                {
                    "name": "Barracas Central",
                    "short_name": "Barracas",
                    "url_name": "barracas-central",
                    "id": "jafb",
                    "country_id": "ba",
                    "allow_open": true,
                    "colors": {
                        "color": "#D4150D",
                        "text_color": "#FFFFFF"
                    },
                    "red_cards": 0,
                    "goals": [
                        {
                            "player_name": "Facundo Bruera",
                            "player_sname": "Bruera",
                            "time": 21.0,
                            "time_to_display": "21'"
                        }
                    ]
                },
                {
                    "name": "Racing Club",
                    "short_name": "Racing",
                    "url_name": "racing-club",
                    "id": "ihg",
                    "country_id": "ba",
                    "allow_open": true,
                    "colors": {
                        "color": "#029CDC",
                        "text_color": "#000000"
                    },
                    "red_cards": 0,
                    "goals": [
                        {
                            "player_name": "Luciano Vietto",
                            "player_sname": "Vietto",
                            "time": 30.0,
                            "time_to_display": "30'"
                        },
                        {
                            "player_name": "Adrian Martinez",
                            "player_sname": "Adrian Martinez",
                            "time": 74.0,
                            "time_to_display": "74'"
                        },
                        {
                            "player_name": "Adrián Balboa",
                            "player_sname": "Balboa",
                            "time": 90.0,
                            "time_to_display": "90'+2"
                        }
                    ]
                }
            ],
            "url_name": "barracas-central-vs-racing-club",
            "scores": [
                1.0,
                3.0
            ],
            "status": {
                "enum": 3,
                "name": "Finalizado",
                "short_name": "Final",
                "symbol_name": "Fin"
            },
            "start_time": "24-01-2025 17:00",
            "game_time": 90.0,
            "game_time_to_display": "",
            "game_time_status_to_display": "Final"
        },
        {
            "id": "edbjigh",
            "stage_round_name": "Fecha 1",
            "winner": 1,
            "teams": [
                {
                    "name": "Independiente",
                    "short_name": "Independiente",
                    "url_name": "independiente",
                    "id": "ihe",
                    "country_id": "ba",
                    "allow_open": true,
                    "colors": {
                        "color": "#ED1C24",
                        "text_color": "#000000"
                    },
                    "red_cards": 0,
                    "goals": [
                        {
                            "player_name": "Gabriel Avalos",
                            "player_sname": "Avalos",
                            "time": 15.0,
                            "time_to_display": "15'",
                            "goal_type": "Pen"
                        },
                        {
                            "player_name": "Gabriel Avalos",
                            "player_sname": "Avalos",
                            "time": 48.0,
                            "time_to_display": "48'"
                        }
                    ]
                },
                {
                    "name": "Sarmiento Junín",
                    "short_name": "Sarmiento",
                    "url_name": "sarmiento-junin",
                    "id": "hbbh",
                    "country_id": "ba",
                    "allow_open": true,
                    "colors": {
                        "color": "#096D37",
                        "text_color": "#FFFFFF"
                    },
                    "red_cards": 0,
                    "goals": [
                        {
                            "player_name": "Pablo Magnin",
                            "player_sname": "Magnin",
                            "time": 77.0,
                            "time_to_display": "77'",
                            "goal_type": "Pen"
                        }
                    ]
                }
            ],
            "url_name": "independiente-vs-sarmiento-junin",
            "scores": [
                2.0,
                1.0
            ],
            "status": {
                "enum": 3,
                "name": "Finalizado",
                "short_name": "Final",
                "symbol_name": "Fin"
            },
            "start_time": "24-01-2025 19:15",
            "game_time": 90.0,
            "game_time_to_display": "",
            "game_time_status_to_display": "Final"
        },
        {
            "id": "edbjihf",
            "stage_round_name": "Fecha 1",
            "winner": -1,
            "teams": [
                {
                    "name": "Belgrano",
                    "short_name": "Belgrano",
                    "url_name": "belgrano",
                    "id": "fhid",
                    "country_id": "ba",
                    "allow_open": true,
                    "colors": {
                        "color": "#2AACE2",
                        "text_color": "#000000"
                    },
                    "red_cards": 0,
                    "goals": [
                        {
                            "player_name": "Daniel Zabala",
                            "player_sname": "Zabala",
                            "time": 34.0,
                            "time_to_display": "34'",
                            "goal_type": "E.C"
                        }
                    ]
                },
                {
                    "name": "Huracán",
                    "short_name": "Huracán",
                    "url_name": "huracan",
                    "id": "iie",
                    "country_id": "ba",
                    "allow_open": true,
                    "colors": {
                        "color": "#FF1E1E",
                        "text_color": "#000000"
                    },
                    "red_cards": 0,
                    "goals": [
                        {
                            "player_name": "Walter Mazzantti",
                            "player_sname": "Mazzantti",
                            "time": 38.0,
                            "time_to_display": "38'"
                        }
                    ]
                }
            ],
            "url_name": "belgrano-vs-huracan",
            "scores": [
                1.0,
                1.0
            ],
            "status": {
                "enum": 3,
                "name": "Finalizado",
                "short_name": "Final",
                "symbol_name": "Fin"
            },
            "start_time": "24-01-2025 21:00",
            "game_time": 90.0,
            "game_time_to_display": "",
            "game_time_status_to_display": "Final"
        },
        {
            "id": "edcabjh",
            "stage_round_name": "Fecha 1",
            "winner": 2,
            "teams": [
                {
                    "name": "San Martín San Juan",
                    "short_name": "San Martín",
                    "url_name": "san-martin",
                    "id": "hcai",
                    "country_id": "ba",
                    "allow_open": true,
                    "colors": {
                        "color": "#179046",
                        "text_color": "#000000"
                    },
                    "red_cards": 0
                },
                {
                    "name": "Atlético Tucumán",
                    "short_name": "Atl. Tucumán",
                    "url_name": "atletico-tucuman",
                    "id": "gbfc",
                    "country_id": "ba",
                    "allow_open": true,
                    "colors": {
                        "color": "#62BCF1",
                        "text_color": "#000000"
                    },
                    "red_cards": 0,
                    "goals": [
                        {
                            "player_name": "Mateo Coronel",
                            "player_sname": "Coronel",
                            "time": 10.0,
                            "time_to_display": "10'"
                        }
                    ]
                }
            ],
            "url_name": "san-martin-vs-atletico-tucuman",
            "scores": [
                0.0,
                1.0
            ],
            "status": {
                "enum": 3,
                "name": "Finalizado",
                "short_name": "Final",
                "symbol_name": "Fin"
            },
            "start_time": "24-01-2025 21:30",
            "game_time": 90.0,
            "game_time_to_display": "",
            "game_time_status_to_display": "Final"
        },
        {
            "id": "edbjigi",
            "stage_round_name": "Fecha 1",
            "winner": 1,
            "teams": [
                {
                    "name": "San Lorenzo",
                    "short_name": "San Lorenzo",
                    "url_name": "san-lorenzo",
                    "id": "igf",
                    "country_id": "ba",
                    "allow_open": true,
                    "colors": {
                        "color": "#283B56",
                        "text_color": "#FFFFFF"
                    },
                    "red_cards": 0,
                    "goals": [
                        {
                            "player_name": "Andres Vombergar",
                            "player_sname": "Andres Vombergar",
                            "time": 81.0,
                            "time_to_display": "81'"
                        }
                    ]
                },
                {
                    "name": "Talleres de Córdoba",
                    "short_name": "Talleres",
                    "url_name": "talleres-cordoba",
                    "id": "jche",
                    "country_id": "ba",
                    "allow_open": true,
                    "colors": {
                        "color": "#041D47",
                        "text_color": "#FFFFFF"
                    },
                    "red_cards": 0
                }
            ],
            "url_name": "san-lorenzo-vs-talleres-cordoba",
            "scores": [
                1.0,
                0.0
            ],
            "status": {
                "enum": 3,
                "name": "Finalizado",
                "short_name": "Final",
                "symbol_name": "Fin"
            },
            "start_time": "25-01-2025 17:00",
            "game_time": 90.0,
            "game_time_to_display": "",
            "game_time_status_to_display": "Final"
        },
        {
            "id": "edbjigj",
            "stage_round_name": "Fecha 1",
            "winner": 1,
            "teams": [
                {
                    "name": "Instituto",
                    "short_name": "Instituto",
                    "url_name": "instituto-ac-cordoba",
                    "id": "hchc",
                    "country_id": "ba",
                    "allow_open": true,
                    "colors": {
                        "color": "#EA1D29",
                        "text_color": "#000000"
                    },
                    "red_cards": 0,
                    "goals": [
                        {
                            "player_name": "Facundo Suárez",
                            "player_sname": "Suarez",
                            "time": 34.0,
                            "time_to_display": "34'",
                            "goal_type": "Pen"
                        },
                        {
                            "player_name": "Alex Luna",
                            "player_sname": "Luna",
                            "time": 75.0,
                            "time_to_display": "75'"
                        },
                        {
                            "player_name": "Jonás Acevedo",
                            "player_sname": "Acevedo",
                            "time": 90.0,
                            "time_to_display": "90'+5"
                        }
                    ]
                },
                {
                    "name": "Gimnasia La Plata",
                    "short_name": "Gimnasia",
                    "url_name": "gimnasia-y-esgrima-la-plata",
                    "id": "iia",
                    "country_id": "ba",
                    "allow_open": true,
                    "colors": {
                        "color": "#3F3B76",
                        "text_color": "#FFFFFF"
                    },
                    "red_cards": 0
                }
            ],
            "url_name": "instituto-ac-cordoba-vs-gimnasia-y-esgrima-la-plata",
            "scores": [
                3.0,
                0.0
            ],
            "status": {
                "enum": 3,
                "name": "Finalizado",
                "short_name": "Final",
                "symbol_name": "Fin"
            },
            "start_time": "25-01-2025 19:15",
            "game_time": 90.0,
            "game_time_to_display": "",
            "game_time_status_to_display": "Final"
        },
        {
            "id": "edbjihg",
            "stage_round_name": "Fecha 1",
            "winner": 1,
            "teams": [
                {
                    "name": "Estudiantes de La Plata",
                    "short_name": "Estudiantes",
                    "url_name": "estudiantes-de-la-plata",
                    "id": "igh",
                    "country_id": "ba",
                    "allow_open": true,
                    "colors": {
                        "color": "#E30F13",
                        "text_color": "#FFFFFF"
                    },
                    "red_cards": 0,
                    "goals": [
                        {
                            "player_name": "Tiago Palacios",
                            "player_sname": "Palacios",
                            "time": 8.0,
                            "time_to_display": "8'"
                        },
                        {
                            "player_name": "Joaquín Tobio Burgos",
                            "player_sname": "Joaquín Tobio Burgos",
                            "time": 11.0,
                            "time_to_display": "11'"
                        },
                        {
                            "player_name": "Santiago Ascacibar",
                            "player_sname": "Ascacibar",
                            "time": 21.0,
                            "time_to_display": "21'"
                        }
                    ]
                },
                {
                    "name": "Unión de Santa Fe",
                    "short_name": "Unión",
                    "url_name": "union-santa-fe",
                    "id": "hcag",
                    "country_id": "ba",
                    "allow_open": true,
                    "colors": {
                        "color": "#DB304A",
                        "text_color": "#FFFFFF"
                    },
                    "red_cards": 0,
                    "goals": [
                        {
                            "player_name": "Lionel Verde",
                            "player_sname": "Verde",
                            "time": 80.0,
                            "time_to_display": "80'"
                        }
                    ]
                }
            ],
            "url_name": "estudiantes-de-la-plata-vs-union-santa-fe",
            "scores": [
                3.0,
                1.0
            ],
            "status": {
                "enum": 3,
                "name": "Finalizado",
                "short_name": "Final",
                "symbol_name": "Fin"
            },
            "start_time": "25-01-2025 19:15",
            "game_time": 90.0,
            "game_time_to_display": "",
            "game_time_status_to_display": "Final"
        },
        {
            "id": "edbjiha",
            "stage_round_name": "Fecha 1",
            "winner": -1,
            "teams": [
                {
                    "name": "Platense",
                    "short_name": "Platense",
                    "url_name": "platense",
                    "id": "hcah",
                    "country_id": "ba",
                    "allow_open": true,
                    "colors": {
                        "color": "#5C3919",
                        "text_color": "#FFFFFF"
                    },
                    "red_cards": 0,
                    "goals": [
                        {
                            "player_name": "Ignacio Vázquez",
                            "player_sname": "Vazquez",
                            "time": 12.0,
                            "time_to_display": "12'"
                        }
                    ]
                },
                {
                    "name": "River Plate",
                    "short_name": "River",
                    "url_name": "river-plate",
                    "id": "igi",
                    "country_id": "ba",
                    "allow_open": true,
                    "colors": {
                        "color": "#E3201C",
                        "text_color": "#FFFFFF"
                    },
                    "red_cards": 0,
                    "goals": [
                        {
                            "player_name": "Matías Rojas",
                            "player_sname": "Rojas",
                            "time": 87.0,
                            "time_to_display": "87'"
                        }
                    ]
                }
            ],
            "url_name": "platense-vs-river-plate",
            "scores": [
                1.0,
                1.0
            ],
            "status": {
                "enum": 3,
                "name": "Finalizado",
                "short_name": "Final",
                "symbol_name": "Fin"
            },
            "start_time": "25-01-2025 21:30",
            "game_time": 90.0,
            "game_time_to_display": "",
            "game_time_status_to_display": "Final"
        },
        {
            "id": "edbjihh",
            "stage_round_name": "Fecha 1",
            "winner": -1,
            "teams": [
                {
                    "name": "Boca Juniors",
                    "short_name": "Boca Jrs.",
                    "url_name": "boca-juniors",
                    "id": "igg",
                    "country_id": "ba",
                    "allow_open": true,
                    "colors": {
                        "color": "#1F62AF",
                        "text_color": "#FFFFFF"
                    },
                    "red_cards": 0
                },
                {
                    "name": "Argentinos Juniors",
                    "short_name": "Argentinos",
                    "url_name": "argentinos-juniors",
                    "id": "ihb",
                    "country_id": "ba",
                    "allow_open": true,
                    "colors": {
                        "color": "#EE292E",
                        "text_color": "#000000"
                    },
                    "red_cards": 0
                }
            ],
            "url_name": "boca-juniors-vs-argentinos-juniors",
            "scores": [
                0.0,
                0.0
            ],
            "status": {
                "enum": 3,
                "name": "Finalizado",
                "short_name": "Final",
                "symbol_name": "Fin"
            },
            "start_time": "26-01-2025 19:00",
            "game_time": 90.0,
            "game_time_to_display": "",
            "game_time_status_to_display": "Final"
        },
        {
            "id": "edcabji",
            "stage_round_name": "Fecha 1",
            "winner": 1,
            "teams": [
                {
                    "name": "Central Córdoba SdE",
                    "short_name": "Central Córdoba",
                    "url_name": "central-cordoba-sde",
                    "id": "beafh",
                    "country_id": "ba",
                    "allow_open": true,
                    "colors": {
                        "color": "#9E9E9E",
                        "text_color": "#000000"
                    },
                    "red_cards": 0,
                    "goals": [
                        {
                            "player_name": "Gastón Verón",
                            "player_sname": "Verón",
                            "time": 74.0,
                            "time_to_display": "74'"
                        }
                    ]
                },
                {
                    "name": "Aldosivi",
                    "short_name": "Aldosivi",
                    "url_name": "aldosivi",
                    "id": "hccd",
                    "country_id": "ba",
                    "allow_open": true,
                    "colors": {
                        "color": "#39B54A",
                        "text_color": "#000000"
                    },
                    "red_cards": 0
                }
            ],
            "url_name": "central-cordoba-sde-vs-aldosivi",
            "scores": [
                1.0,
                0.0
            ],
            "status": {
                "enum": 3,
                "name": "Finalizado",
                "short_name": "Final",
                "symbol_name": "Fin"
            },
            "start_time": "26-01-2025 21:00",
            "game_time": 90.0,
            "game_time_to_display": "",
            "game_time_status_to_display": "Final"
        }
    ]
}