{
    "TTL": 300,
    "games": [
        {
            "id": "edbjgjh",
            "stage_round_name": "Fecha 14",
            "winner": 2,
            "teams": [
                {
                    "name": "Gimnasia La Plata",
                    "short_name": "Gimnasia",
                    "url_name": "gimnasia-y-esgrima-la-plata",
                    "id": "iia",
                    "country_id": "ba",
                    "allow_open": true,
                    "colors": {
                        "color": "#3F3B76",
                        "text_color": "#FFFFFF"
                    },
                    "red_cards": 0
                },
                {
                    "name": "River Plate",
                    "short_name": "River",
                    "url_name": "river-plate",
                    "id": "igi",
                    "country_id": "ba",
                    "allow_open": true,
                    "colors": {
                        "color": "#E3201C",
                        "text_color": "#FFFFFF"
                    },
                    "red_cards": 0,
                    "goals": [
                        {
                            "player_name": "Sebastián Driussi",
                            "player_sname": "Driussi",
                            "time": 35.0,
                            "time_to_display": "35'"
                        },
                        {
                            "player_name": "Franco Mastantuono",
                            "player_sname": "Mastantuono",
                            "time": 54.0,
                            "time_to_display": "54'"
                        },
                        {
                            "player_name": "Rodrigo Aliendro",
                            "player_sname": "Aliendro",
                            "time": 82.0,
                            "time_to_display": "82'"
                        }
                    ]
                }
            ],
            "url_name": "gimnasia-y-esgrima-la-plata-vs-river-plate",
            "scores": [
                0.0,
                3.0
            ],
            "status": {
                "enum": 3,
                "name": "Finalizado",
                "short_name": "Final",
                "symbol_name": "Fin"
            },
            "start_time": "18-04-2025 17:00",
            "game_time": 90.0,
            "game_time_to_display": "",
            "game_time_status_to_display": "Final"
        },
        {
            "id": "edbjgji",
            "stage_round_name": "Fecha 14",
            "winner": 2,
            "teams": [
                {
                    "name": "Talleres de Córdoba",
                    "short_name": "Talleres",
                    "url_name": "talleres-cordoba",
                    "id": "jche",
                    "country_id": "ba",
                    "allow_open": true,
                    "colors": {
                        "color": "#041D47",
                        "text_color": "#FFFFFF"
                    },
                    "red_cards": 0
                },
                {
                    "name": "Vélez Sarsfield",
                    "short_name": "Vélez",
                    "url_name": "velez-sarsfield",
                    "id": "ihc",
                    "country_id": "ba",
                    "allow_open": true,
                    "colors": {
                        "color": "#2F3993",
                        "text_color": "#FFFFFF"
                    },
                    "red_cards": 0,
                    "goals": [
                        {
                            "player_name": "Maher Carrizo",
                            "player_sname": "Carrizo",
                            "time": 48.0,
                            "time_to_display": "48'"
                        }
                    ]
                }
            ],
            "url_name": "talleres-cordoba-vs-velez-sarsfield",
            "scores": [
                0.0,
                1.0
            ],
            "status": {
                "enum": 3,
                "name": "Finalizado",
                "short_name": "Final",
                "symbol_name": "Fin"
            },
            "start_time": "18-04-2025 19:15",
            "game_time": 90.0,
            "game_time_to_display": "",
            "game_time_status_to_display": "Final"
        },
        {
            "id": "edbjhai",
            "stage_round_name": "Fecha 14",
            "winner": 1,
            "teams": [
                {
                    "name": "Racing Club",
                    "short_name": "Racing",
                    "url_name": "racing-club",
                    "id": "ihg",
                    "country_id": "ba",
                    "allow_open": true,
                    "colors": {
                        "color": "#029CDC",
                        "text_color": "#000000"
                    },
                    "red_cards": 0,
                    "goals": [
                        {
                            "player_name": "Bruno Zuculini",
                            "player_sname": "Zuculini",
                            "time": 45.0,
                            "time_to_display": "45'"
                        }
                    ]
                },
                {
                    "name": "Central Córdoba SdE",
                    "short_name": "Central Córdoba",
                    "url_name": "central-cordoba-sde",
                    "id": "beafh",
                    "country_id": "ba",
                    "allow_open": true,
                    "colors": {
                        "color": "#9E9E9E",
                        "text_color": "#000000"
                    },
                    "red_cards": 0
                }
            ],
            "url_name": "racing-club-vs-central-cordoba-sde",
            "scores": [
                1.0,
                0.0
            ],
            "status": {
                "enum": 3,
                "name": "Finalizado",
                "short_name": "Final",
                "symbol_name": "Fin"
            },
            "start_time": "18-04-2025 19:15",
            "game_time": 90.0,
            "game_time_to_display": "",
            "game_time_status_to_display": "Final"
        },
        {
            "id": "edbjhac",
            "stage_round_name": "Fecha 14",
            "winner": -1,
            "teams": [
                {
                    "name": "Atlético Tucumán",
                    "short_name": "Atl. Tucumán",
                    "url_name": "atletico-tucuman",
                    "id": "gbfc",
                    "country_id": "ba",
                    "allow_open": true,
                    "colors": {
                        "color": "#62BCF1",
                        "text_color": "#000000"
                    },
                    "red_cards": 0
                },
                {
                    "name": "Independiente",
                    "short_name": "Independiente",
                    "url_name": "independiente",
                    "id": "ihe",
                    "country_id": "ba",
                    "allow_open": true,
                    "colors": {
                        "color": "#ED1C24",
                        "text_color": "#000000"
                    },
                    "red_cards": 0
                }
            ],
            "url_name": "atletico-tucuman-vs-independiente",
            "status": {
                "enum": 3,
                "name": "Aplazado",
                "short_name": "Aplazado",
                "symbol_name": "Apla"
            },
            "start_time": "18-04-2025 21:30",
            "game_time": -1.0,
            "game_time_to_display": "",
            "game_time_status_to_display": "Aplazado"
        },
        {
            "id": "edbjhag",
            "stage_round_name": "Fecha 14",
            "winner": -1,
            "teams": [
                {
                    "name": "Unión de Santa Fe",
                    "short_name": "Unión",
                    "url_name": "union-santa-fe",
                    "id": "hcag",
                    "country_id": "ba",
                    "allow_open": true,
                    "colors": {
                        "color": "#DB304A",
                        "text_color": "#FFFFFF"
                    },
                    "red_cards": 0,
                    "goals": [
                        {
                            "player_name": "Lucas Gamba",
                            "player_sname": "Gamba",
                            "time": 11.0,
                            "time_to_display": "11'"
                        }
                    ]
                },
                {
                    "name": "Newell's Old Boys",
                    "short_name": "Newell's",
                    "url_name": "newell's-old-boys",
                    "id": "ihh",
                    "country_id": "ba",
                    "allow_open": true,
                    "colors": {
                        "color": "#ED1C24",
                        "text_color": "#000000"
                    },
                    "red_cards": 0,
                    "goals": [
                        {
                            "player_name": "Carlos Gonzalez",
                            "player_sname": "Gonzalez",
                            "time": 16.0,
                            "time_to_display": "16'"
                        }
                    ]
                }
            ],
            "url_name": "union-santa-fe-vs-newell's-old-boys",
            "scores": [
                1.0,
                1.0
            ],
            "status": {
                "enum": 3,
                "name": "Finalizado",
                "short_name": "Final",
                "symbol_name": "Fin"
            },
            "start_time": "18-04-2025 21:30",
            "game_time": 90.0,
            "game_time_to_display": "",
            "game_time_status_to_display": "Final"
        },
        {
            "id": "edbjgjg",
            "stage_round_name": "Fecha 14",
            "winner": -1,
            "teams": [
                {
                    "name": "Lanús",
                    "short_name": "Lanús",
                    "url_name": "lanus",
                    "id": "igj",
                    "country_id": "ba",
                    "allow_open": true,
                    "colors": {
                        "color": "#9F2B54",
                        "text_color": "#FFFFFF"
                    },
                    "red_cards": 0,
                    "goals": [
                        {
                            "player_name": "Eduardo Salvio",
                            "player_sname": "Salvio",
                            "time": 27.0,
                            "time_to_display": "27'",
                            "goal_type": "Pen"
                        }
                    ]
                },
                {
                    "name": "Banfield",
                    "short_name": "Banfield",
                    "url_name": "banfield",
                    "id": "ihi",
                    "country_id": "ba",
                    "allow_open": true,
                    "colors": {
                        "color": "#02953D",
                        "text_color": "#000000"
                    },
                    "red_cards": 0
                }
            ],
            "url_name": "lanus-vs-banfield",
            "scores": [
                1.0,
                0.0
            ],
            "status": {
                "enum": 2,
                "name": "Primer Tiempo",
                "short_name": "1°",
                "symbol_name": "1°"
            },
            "start_time": "19-04-2025 16:15",
            "game_time": 35.0,
            "game_time_to_display": "35'",
            "game_time_status_to_display": "35'"
        },
        {
            "id": "edbjhah",
            "stage_round_name": "Fecha 14",
            "winner": -1,
            "teams": [
                {
                    "name": "Huracán",
                    "short_name": "Huracán",
                    "url_name": "huracan",
                    "id": "iie",
                    "country_id": "ba",
                    "allow_open": true,
                    "colors": {
                        "color": "#FF1E1E",
                        "text_color": "#000000"
                    },
                    "red_cards": 0
                },
                {
                    "name": "Defensa y Justicia",
                    "short_name": "Defensa",
                    "url_name": "defensa-y-justicia",
                    "id": "hcbh",
                    "country_id": "ba",
                    "allow_open": true,
                    "colors": {
                        "color": "#22A07D",
                        "text_color": "#000000"
                    },
                    "red_cards": 0
                }
            ],
            "url_name": "huracan-vs-defensa-y-justicia",
            "status": {
                "enum": 1,
                "name": "Prog.",
                "short_name": "Prog.",
                "symbol_name": "Prog."
            },
            "start_time": "19-04-2025 18:15",
            "game_time": -1.0,
            "game_time_to_display": "",
            "game_time_status_to_display": "Prog."
        },
        {
            "id": "edbjhad",
            "stage_round_name": "Fecha 14",
            "winner": -1,
            "teams": [
                {
                    "name": "Boca Juniors",
                    "short_name": "Boca Jrs.",
                    "url_name": "boca-juniors",
                    "id": "igg",
                    "country_id": "ba",
                    "allow_open": true,
                    "colors": {
                        "color": "#1F62AF",
                        "text_color": "#FFFFFF"
                    },
                    "red_cards": 0
                },
                {
                    "name": "Estudiantes de La Plata",
                    "short_name": "Estudiantes",
                    "url_name": "estudiantes-de-la-plata",
                    "id": "igh",
                    "country_id": "ba",
                    "allow_open": true,
                    "colors": {
                        "color": "#E30F13",
                        "text_color": "#FFFFFF"
                    },
                    "red_cards": 0
                }
            ],
            "url_name": "boca-juniors-vs-estudiantes-de-la-plata",
            "status": {
                "enum": 1,
                "name": "Prog.",
                "short_name": "Prog.",
                "symbol_name": "Prog."
            },
            "start_time": "19-04-2025 20:30",
            "game_time": -1.0,
            "game_time_to_display": "",
            "game_time_status_to_display": "Prog."
        },
        {
            "id": "edbjhab",
            "stage_round_name": "Fecha 14",
            "winner": -1,
            "teams": [
                {
                    "name": "Deportivo Riestra",
                    "short_name": "Riestra",
                    "url_name": "riestra",
                    "id": "bbjea",
                    "country_id": "ba",
                    "allow_open": true,
                    "colors": {
                        "color": "#262526",
                        "text_color": "#FFFFFF"
                    },
                    "red_cards": 0
                },
                {
                    "name": "San Lorenzo",
                    "short_name": "San Lorenzo",
                    "url_name": "san-lorenzo",
                    "id": "igf",
                    "country_id": "ba",
                    "allow_open": true,
                    "colors": {
                        "color": "#283B56",
                        "text_color": "#FFFFFF"
                    },
                    "red_cards": 0
                }
            ],
            "url_name": "riestra-vs-san-lorenzo",
            "status": {
                "enum": 1,
                "name": "Prog.",
                "short_name": "Prog.",
                "symbol_name": "Prog."
            },
            "start_time": "20-04-2025 15:30",
            "game_time": -1.0,
            "game_time_to_display": "",
            "game_time_status_to_display": "Prog."
        },
        {
            "id": "edcacci",
            "stage_round_name": "Fecha 14",
            "winner": -1,
            "teams": [
                {
                    "name": "San Martín San Juan",
                    "short_name": "San Martín",
                    "url_name": "san-martin",
                    "id": "hcai",
                    "country_id": "ba",
                    "allow_open": true,
                    "colors": {
                        "color": "#179046",
                        "text_color": "#000000"
                    },
                    "red_cards": 0
                },
                {
                    "name": "Godoy Cruz",
                    "short_name": "Godoy Cruz",
                    "url_name": "godoy-cruz",
                    "id": "ihd",
                    "country_id": "ba",
                    "allow_open": true,
                    "colors": {
                        "color": "#0033CC",
                        "text_color": "#FFFFFF"
                    },
                    "red_cards": 0
                }
            ],
            "url_name": "san-martin-vs-godoy-cruz",
            "status": {
                "enum": 1,
                "name": "Prog.",
                "short_name": "Prog.",
                "symbol_name": "Prog."
            },
            "start_time": "20-04-2025 16:30",
            "game_time": -1.0,
            "game_time_to_display": "",
            "game_time_status_to_display": "Prog."
        },
        {
            "id": "edbjgjj",
            "stage_round_name": "Fecha 14",
            "winner": -1,
            "teams": [
                {
                    "name": "Sarmiento Junín",
                    "short_name": "Sarmiento",
                    "url_name": "sarmiento-junin",
                    "id": "hbbh",
                    "country_id": "ba",
                    "allow_open": true,
                    "colors": {
                        "color": "#096D37",
                        "text_color": "#FFFFFF"
                    },
                    "red_cards": 0
                },
                {
                    "name": "Platense",
                    "short_name": "Platense",
                    "url_name": "platense",
                    "id": "hcah",
                    "country_id": "ba",
                    "allow_open": true,
                    "colors": {
                        "color": "#5C3919",
                        "text_color": "#FFFFFF"
                    },
                    "red_cards": 0
                }
            ],
            "url_name": "sarmiento-junin-vs-platense",
            "status": {
                "enum": 1,
                "name": "Prog.",
                "short_name": "Prog.",
                "symbol_name": "Prog."
            },
            "start_time": "20-04-2025 18:00",
            "game_time": -1.0,
            "game_time_to_display": "",
            "game_time_status_to_display": "Prog."
        },
        {
            "id": "edbjhaa",
            "stage_round_name": "Fecha 14",
            "winner": -1,
            "teams": [
                {
                    "name": "Rosario Central",
                    "short_name": "Central",
                    "url_name": "rosario-central",
                    "id": "ihf",
                    "country_id": "ba",
                    "allow_open": true,
                    "colors": {
                        "color": "#FFDB00",
                        "text_color": "#000000"
                    },
                    "red_cards": 0
                },
                {
                    "name": "Instituto",
                    "short_name": "Instituto",
                    "url_name": "instituto-ac-cordoba",
                    "id": "hchc",
                    "country_id": "ba",
                    "allow_open": true,
                    "colors": {
                        "color": "#EA1D29",
                        "text_color": "#000000"
                    },
                    "red_cards": 0
                }
            ],
            "url_name": "rosario-central-vs-instituto-ac-cordoba",
            "status": {
                "enum": 1,
                "name": "Prog.",
                "short_name": "Prog.",
                "symbol_name": "Prog."
            },
            "start_time": "20-04-2025 20:30",
            "game_time": -1.0,
            "game_time_to_display": "",
            "game_time_status_to_display": "Prog."
        },
        {
            "id": "edbjhae",
            "stage_round_name": "Fecha 14",
            "winner": -1,
            "teams": [
                {
                    "name": "Tigre",
                    "short_name": "Tigre",
                    "url_name": "tigre",
                    "id": "iid",
                    "country_id": "ba",
                    "allow_open": true,
                    "colors": {
                        "color": "#161267",
                        "text_color": "#FFFFFF"
                    },
                    "red_cards": 0
                },
                {
                    "name": "Belgrano",
                    "short_name": "Belgrano",
                    "url_name": "belgrano",
                    "id": "fhid",
                    "country_id": "ba",
                    "allow_open": true,
                    "colors": {
                        "color": "#2AACE2",
                        "text_color": "#000000"
                    },
                    "red_cards": 0
                }
            ],
            "url_name": "tigre-vs-belgrano",
            "status": {
                "enum": 1,
                "name": "Prog.",
                "short_name": "Prog.",
                "symbol_name": "Prog."
            },
            "start_time": "21-04-2025 19:00",
            "game_time": -1.0,
            "game_time_to_display": "",
            "game_time_status_to_display": "Prog."
        },
        {
            "id": "edbjhaf",
            "stage_round_name": "Fecha 14",
            "winner": -1,
            "teams": [
                {
                    "name": "Argentinos Juniors",
                    "short_name": "Argentinos",
                    "url_name": "argentinos-juniors",
                    "id": "ihb",
                    "country_id": "ba",
                    "allow_open": true,
                    "colors": {
                        "color": "#EE292E",
                        "text_color": "#000000"
                    },
                    "red_cards": 0
                },
                {
                    "name": "Barracas Central",
                    "short_name": "Barracas",
                    "url_name": "barracas-central",
                    "id": "jafb",
                    "country_id": "ba",
                    "allow_open": true,
                    "colors": {
                        "color": "#D4150D",
                        "text_color": "#FFFFFF"
                    },
                    "red_cards": 0
                }
            ],
            "url_name": "argentinos-juniors-vs-barracas-central",
            "status": {
                "enum": 1,
                "name": "Prog.",
                "short_name": "Prog.",
                "symbol_name": "Prog."
            },
            "start_time": "21-04-2025 21:15",
            "game_time": -1.0,
            "game_time_to_display": "",
            "game_time_status_to_display": "Prog."
        },
        {
            "id": "edcaccj",
            "stage_round_name": "Fecha 14",
            "winner": -1,
            "teams": [
                {
                    "name": "Independiente Rivadavia",
                    "short_name": "Ind. Rivadavia",
                    "url_name": "independiente-rivadavia",
                    "id": "hcch",
                    "country_id": "ba",
                    "allow_open": true,
                    "colors": {
                        "color": "#262169",
                        "text_color": "#FFFFFF"
                    },
                    "red_cards": 0
                },
                {
                    "name": "Aldosivi",
                    "short_name": "Aldosivi",
                    "url_name": "aldosivi",
                    "id": "hccd",
                    "country_id": "ba",
                    "allow_open": true,
                    "colors": {
                        "color": "#39B54A",
                        "text_color": "#000000"
                    },
                    "red_cards": 0
                }
            ],
            "url_name": "independiente-rivadavia-vs-aldosivi",
            "status": {
                "enum": 1,
                "name": "Prog.",
                "short_name": "Prog.",
                "symbol_name": "Prog."
            },
            "start_time": "21-04-2025 21:15",
            "game_time": -1.0,
            "game_time_to_display": "",
            "game_time_status_to_display": "Prog."
        }
    ]
}