{
    "TTL": 300,
    "games": [
        {
            "id": "edcacch",
            "stage_round_name": "Fecha 15",
            "winner": -1,
            "teams": [
                {
                    "name": "Aldosivi",
                    "short_name": "Aldosivi",
                    "url_name": "aldosivi",
                    "id": "hccd",
                    "country_id": "ba",
                    "allow_open": true,
                    "colors": {
                        "color": "#39B54A",
                        "text_color": "#000000"
                    },
                    "red_cards": 0
                },
                {
                    "name": "Banfield",
                    "short_name": "Banfield",
                    "url_name": "banfield",
                    "id": "ihi",
                    "country_id": "ba",
                    "allow_open": true,
                    "colors": {
                        "color": "#02953D",
                        "text_color": "#000000"
                    },
                    "red_cards": 0
                }
            ],
            "url_name": "aldosivi-vs-banfield",
            "status": {
                "enum": 1,
                "name": "Prog.",
                "short_name": "Prog.",
                "symbol_name": "Prog."
            },
            "start_time": "26-04-2025 15:00",
            "game_time": -1.0,
            "game_time_to_display": "",
            "game_time_status_to_display": "Prog."
        },
        {
            "id": "edbjgig",
            "stage_round_name": "Fecha 15",
            "winner": -1,
            "teams": [
                {
                    "name": "San Lorenzo",
                    "short_name": "San Lorenzo",
                    "url_name": "san-lorenzo",
                    "id": "igf",
                    "country_id": "ba",
                    "allow_open": true,
                    "colors": {
                        "color": "#283B56",
                        "text_color": "#FFFFFF"
                    },
                    "red_cards": 0
                },
                {
                    "name": "Rosario Central",
                    "short_name": "Central",
                    "url_name": "rosario-central",
                    "id": "ihf",
                    "country_id": "ba",
                    "allow_open": true,
                    "colors": {
                        "color": "#FFDB00",
                        "text_color": "#000000"
                    },
                    "red_cards": 0
                }
            ],
            "url_name": "san-lorenzo-vs-rosario-central",
            "status": {
                "enum": 1,
                "name": "Prog.",
                "short_name": "Prog.",
                "symbol_name": "Prog."
            },
            "start_time": "26-04-2025 17:00",
            "game_time": -1.0,
            "game_time_to_display": "",
            "game_time_status_to_display": "Prog."
        },
        {
            "id": "edbjgje",
            "stage_round_name": "Fecha 15",
            "winner": -1,
            "teams": [
                {
                    "name": "Belgrano",
                    "short_name": "Belgrano",
                    "url_name": "belgrano",
                    "id": "fhid",
                    "country_id": "ba",
                    "allow_open": true,
                    "colors": {
                        "color": "#2AACE2",
                        "text_color": "#000000"
                    },
                    "red_cards": 0
                },
                {
                    "name": "Argentinos Juniors",
                    "short_name": "Argentinos",
                    "url_name": "argentinos-juniors",
                    "id": "ihb",
                    "country_id": "ba",
                    "allow_open": true,
                    "colors": {
                        "color": "#EE292E",
                        "text_color": "#000000"
                    },
                    "red_cards": 0
                }
            ],
            "url_name": "belgrano-vs-argentinos-juniors",
            "status": {
                "enum": 1,
                "name": "Prog.",
                "short_name": "Prog.",
                "symbol_name": "Prog."
            },
            "start_time": "26-04-2025 19:00",
            "game_time": -1.0,
            "game_time_to_display": "",
            "game_time_status_to_display": "Prog."
        },
        {
            "id": "edbjgid",
            "stage_round_name": "Fecha 15",
            "winner": -1,
            "teams": [
                {
                    "name": "River Plate",
                    "short_name": "River",
                    "url_name": "river-plate",
                    "id": "igi",
                    "country_id": "ba",
                    "allow_open": true,
                    "colors": {
                        "color": "#E3201C",
                        "text_color": "#FFFFFF"
                    },
                    "red_cards": 0
                },
                {
                    "name": "Boca Juniors",
                    "short_name": "Boca Jrs.",
                    "url_name": "boca-juniors",
                    "id": "igg",
                    "country_id": "ba",
                    "allow_open": true,
                    "colors": {
                        "color": "#1F62AF",
                        "text_color": "#FFFFFF"
                    },
                    "red_cards": 0
                }
            ],
            "url_name": "river-plate-vs-boca-juniors",
            "status": {
                "enum": 1,
                "name": "Prog.",
                "short_name": "Prog.",
                "symbol_name": "Prog."
            },
            "start_time": "27-04-2025 15:30",
            "game_time": -1.0,
            "game_time_to_display": "",
            "game_time_status_to_display": "Prog."
        },
        {
            "id": "edbjgih",
            "stage_round_name": "Fecha 15",
            "winner": -1,
            "teams": [
                {
                    "name": "Instituto",
                    "short_name": "Instituto",
                    "url_name": "instituto-ac-cordoba",
                    "id": "hchc",
                    "country_id": "ba",
                    "allow_open": true,
                    "colors": {
                        "color": "#EA1D29",
                        "text_color": "#000000"
                    },
                    "red_cards": 0
                },
                {
                    "name": "Sarmiento Junín",
                    "short_name": "Sarmiento",
                    "url_name": "sarmiento-junin",
                    "id": "hbbh",
                    "country_id": "ba",
                    "allow_open": true,
                    "colors": {
                        "color": "#096D37",
                        "text_color": "#FFFFFF"
                    },
                    "red_cards": 0
                }
            ],
            "url_name": "instituto-ac-cordoba-vs-sarmiento-junin",
            "status": {
                "enum": 1,
                "name": "Prog.",
                "short_name": "Prog.",
                "symbol_name": "Prog."
            },
            "start_time": "27-04-2025 19:00",
            "game_time": -1.0,
            "game_time_to_display": "",
            "game_time_status_to_display": "Prog."
        },
        {
            "id": "edcaccg",
            "stage_round_name": "Fecha 15",
            "winner": -1,
            "teams": [
                {
                    "name": "Lanús",
                    "short_name": "Lanús",
                    "url_name": "lanus",
                    "id": "igj",
                    "country_id": "ba",
                    "allow_open": true,
                    "colors": {
                        "color": "#9F2B54",
                        "text_color": "#FFFFFF"
                    },
                    "red_cards": 0
                },
                {
                    "name": "San Martín San Juan",
                    "short_name": "San Martín",
                    "url_name": "san-martin",
                    "id": "hcai",
                    "country_id": "ba",
                    "allow_open": true,
                    "colors": {
                        "color": "#179046",
                        "text_color": "#000000"
                    },
                    "red_cards": 0
                }
            ],
            "url_name": "lanus-vs-san-martin",
            "status": {
                "enum": 1,
                "name": "Prog.",
                "short_name": "Prog.",
                "symbol_name": "Prog."
            },
            "start_time": "27-04-2025 19:00",
            "game_time": -1.0,
            "game_time_to_display": "",
            "game_time_status_to_display": "Prog."
        },
        {
            "id": "edbjgie",
            "stage_round_name": "Fecha 15",
            "winner": -1,
            "teams": [
                {
                    "name": "Independiente",
                    "short_name": "Independiente",
                    "url_name": "independiente",
                    "id": "ihe",
                    "country_id": "ba",
                    "allow_open": true,
                    "colors": {
                        "color": "#ED1C24",
                        "text_color": "#000000"
                    },
                    "red_cards": 0
                },
                {
                    "name": "Deportivo Riestra",
                    "short_name": "Riestra",
                    "url_name": "riestra",
                    "id": "bbjea",
                    "country_id": "ba",
                    "allow_open": true,
                    "colors": {
                        "color": "#262526",
                        "text_color": "#FFFFFF"
                    },
                    "red_cards": 0
                }
            ],
            "url_name": "independiente-vs-riestra",
            "status": {
                "enum": 1,
                "name": "Prog.",
                "short_name": "Prog.",
                "symbol_name": "Prog."
            },
            "start_time": "27-04-2025 21:15",
            "game_time": -1.0,
            "game_time_to_display": "",
            "game_time_status_to_display": "Prog."
        },
        {
            "id": "edbjgjd",
            "stage_round_name": "Fecha 15",
            "winner": -1,
            "teams": [
                {
                    "name": "Barracas Central",
                    "short_name": "Barracas",
                    "url_name": "barracas-central",
                    "id": "jafb",
                    "country_id": "ba",
                    "allow_open": true,
                    "colors": {
                        "color": "#D4150D",
                        "text_color": "#FFFFFF"
                    },
                    "red_cards": 0
                },
                {
                    "name": "Unión de Santa Fe",
                    "short_name": "Unión",
                    "url_name": "union-santa-fe",
                    "id": "hcag",
                    "country_id": "ba",
                    "allow_open": true,
                    "colors": {
                        "color": "#DB304A",
                        "text_color": "#FFFFFF"
                    },
                    "red_cards": 0
                }
            ],
            "url_name": "barracas-central-vs-union-santa-fe",
            "status": {
                "enum": 1,
                "name": "Prog.",
                "short_name": "Prog.",
                "symbol_name": "Prog."
            },
            "start_time": "28-04-2025 15:00",
            "game_time": -1.0,
            "game_time_to_display": "",
            "game_time_status_to_display": "Prog."
        },
        {
            "id": "edbjgif",
            "stage_round_name": "Fecha 15",
            "winner": -1,
            "teams": [
                {
                    "name": "Godoy Cruz",
                    "short_name": "Godoy Cruz",
                    "url_name": "godoy-cruz",
                    "id": "ihd",
                    "country_id": "ba",
                    "allow_open": true,
                    "colors": {
                        "color": "#0033CC",
                        "text_color": "#FFFFFF"
                    },
                    "red_cards": 0
                },
                {
                    "name": "Atlético Tucumán",
                    "short_name": "Atl. Tucumán",
                    "url_name": "atletico-tucuman",
                    "id": "gbfc",
                    "country_id": "ba",
                    "allow_open": true,
                    "colors": {
                        "color": "#62BCF1",
                        "text_color": "#000000"
                    },
                    "red_cards": 0
                }
            ],
            "url_name": "godoy-cruz-vs-atletico-tucuman",
            "status": {
                "enum": 1,
                "name": "Prog.",
                "short_name": "Prog.",
                "symbol_name": "Prog."
            },
            "start_time": "28-04-2025 17:15",
            "game_time": -1.0,
            "game_time_to_display": "",
            "game_time_status_to_display": "Prog."
        },
        {
            "id": "edbjgjb",
            "stage_round_name": "Fecha 15",
            "winner": -1,
            "teams": [
                {
                    "name": "Defensa y Justicia",
                    "short_name": "Defensa",
                    "url_name": "defensa-y-justicia",
                    "id": "hcbh",
                    "country_id": "ba",
                    "allow_open": true,
                    "colors": {
                        "color": "#22A07D",
                        "text_color": "#000000"
                    },
                    "red_cards": 0
                },
                {
                    "name": "Racing Club",
                    "short_name": "Racing",
                    "url_name": "racing-club",
                    "id": "ihg",
                    "country_id": "ba",
                    "allow_open": true,
                    "colors": {
                        "color": "#029CDC",
                        "text_color": "#000000"
                    },
                    "red_cards": 0
                }
            ],
            "url_name": "defensa-y-justicia-vs-racing-club",
            "status": {
                "enum": 1,
                "name": "Prog.",
                "short_name": "Prog.",
                "symbol_name": "Prog."
            },
            "start_time": "28-04-2025 19:30",
            "game_time": -1.0,
            "game_time_to_display": "",
            "game_time_status_to_display": "Prog."
        },
        {
            "id": "edbjgjf",
            "stage_round_name": "Fecha 15",
            "winner": -1,
            "teams": [
                {
                    "name": "Estudiantes de La Plata",
                    "short_name": "Estudiantes",
                    "url_name": "estudiantes-de-la-plata",
                    "id": "igh",
                    "country_id": "ba",
                    "allow_open": true,
                    "colors": {
                        "color": "#E30F13",
                        "text_color": "#FFFFFF"
                    },
                    "red_cards": 0
                },
                {
                    "name": "Tigre",
                    "short_name": "Tigre",
                    "url_name": "tigre",
                    "id": "iid",
                    "country_id": "ba",
                    "allow_open": true,
                    "colors": {
                        "color": "#161267",
                        "text_color": "#FFFFFF"
                    },
                    "red_cards": 0
                }
            ],
            "url_name": "estudiantes-de-la-plata-vs-tigre",
            "status": {
                "enum": 1,
                "name": "Prog.",
                "short_name": "Prog.",
                "symbol_name": "Prog."
            },
            "start_time": "28-04-2025 19:30",
            "game_time": -1.0,
            "game_time_to_display": "",
            "game_time_status_to_display": "Prog."
        },
        {
            "id": "edbjgij",
            "stage_round_name": "Fecha 15",
            "winner": -1,
            "teams": [
                {
                    "name": "Vélez Sarsfield",
                    "short_name": "Vélez",
                    "url_name": "velez-sarsfield",
                    "id": "ihc",
                    "country_id": "ba",
                    "allow_open": true,
                    "colors": {
                        "color": "#2F3993",
                        "text_color": "#FFFFFF"
                    },
                    "red_cards": 0
                },
                {
                    "name": "Gimnasia La Plata",
                    "short_name": "Gimnasia",
                    "url_name": "gimnasia-y-esgrima-la-plata",
                    "id": "iia",
                    "country_id": "ba",
                    "allow_open": true,
                    "colors": {
                        "color": "#3F3B76",
                        "text_color": "#FFFFFF"
                    },
                    "red_cards": 0
                }
            ],
            "url_name": "velez-sarsfield-vs-gimnasia-y-esgrima-la-plata",
            "status": {
                "enum": 1,
                "name": "Prog.",
                "short_name": "Prog.",
                "symbol_name": "Prog."
            },
            "start_time": "28-04-2025 21:45",
            "game_time": -1.0,
            "game_time_to_display": "",
            "game_time_status_to_display": "Prog."
        },
        {
            "id": "edbjgja",
            "stage_round_name": "Fecha 15",
            "winner": -1,
            "teams": [
                {
                    "name": "Central Córdoba SdE",
                    "short_name": "Central Córdoba",
                    "url_name": "central-cordoba-sde",
                    "id": "beafh",
                    "country_id": "ba",
                    "allow_open": true,
                    "colors": {
                        "color": "#9E9E9E",
                        "text_color": "#000000"
                    },
                    "red_cards": 0
                },
                {
                    "name": "Independiente Rivadavia",
                    "short_name": "Ind. Rivadavia",
                    "url_name": "independiente-rivadavia",
                    "id": "hcch",
                    "country_id": "ba",
                    "allow_open": true,
                    "colors": {
                        "color": "#262169",
                        "text_color": "#FFFFFF"
                    },
                    "red_cards": 0
                }
            ],
            "url_name": "central-cordoba-sde-vs-independiente-rivadavia",
            "status": {
                "enum": 1,
                "name": "Prog.",
                "short_name": "Prog.",
                "symbol_name": "Prog."
            },
            "start_time": "28-04-2025 21:45",
            "game_time": -1.0,
            "game_time_to_display": "",
            "game_time_status_to_display": "Prog."
        },
        {
            "id": "edbjgii",
            "stage_round_name": "Fecha 15",
            "winner": -1,
            "teams": [
                {
                    "name": "Platense",
                    "short_name": "Platense",
                    "url_name": "platense",
                    "id": "hcah",
                    "country_id": "ba",
                    "allow_open": true,
                    "colors": {
                        "color": "#5C3919",
                        "text_color": "#FFFFFF"
                    },
                    "red_cards": 0
                },
                {
                    "name": "Talleres de Córdoba",
                    "short_name": "Talleres",
                    "url_name": "talleres-cordoba",
                    "id": "jche",
                    "country_id": "ba",
                    "allow_open": true,
                    "colors": {
                        "color": "#041D47",
                        "text_color": "#FFFFFF"
                    },
                    "red_cards": 0
                }
            ],
            "url_name": "platense-vs-talleres-cordoba",
            "status": {
                "enum": 1,
                "name": "Prog.",
                "short_name": "Prog.",
                "symbol_name": "Prog."
            },
            "start_time": "29-04-2025 19:00",
            "game_time": -1.0,
            "game_time_to_display": "",
            "game_time_status_to_display": "Prog."
        },
        {
            "id": "edbjgjc",
            "stage_round_name": "Fecha 15",
            "winner": -1,
            "teams": [
                {
                    "name": "Newell's Old Boys",
                    "short_name": "Newell's",
                    "url_name": "newell's-old-boys",
                    "id": "ihh",
                    "country_id": "ba",
                    "allow_open": true,
                    "colors": {
                        "color": "#ED1C24",
                        "text_color": "#000000"
                    },
                    "red_cards": 0
                },
                {
                    "name": "Huracán",
                    "short_name": "Huracán",
                    "url_name": "huracan",
                    "id": "iie",
                    "country_id": "ba",
                    "allow_open": true,
                    "colors": {
                        "color": "#FF1E1E",
                        "text_color": "#000000"
                    },
                    "red_cards": 0
                }
            ],
            "url_name": "newell's-old-boys-vs-huracan",
            "status": {
                "enum": 1,
                "name": "Prog.",
                "short_name": "Prog.",
                "symbol_name": "Prog."
            },
            "start_time": "29-04-2025 19:00",
            "game_time": -1.0,
            "game_time_to_display": "",
            "game_time_status_to_display": "Prog."
        }
    ]
}