{
    "TTL": 300,
    "games": [
        {
            "id": "edbjiba",
            "stage_round_name": "Fecha 6",
            "winner": 2,
            "teams": [
                {
                    "name": "Banfield",
                    "short_name": "Banfield",
                    "url_name": "banfield",
                    "id": "ihi",
                    "country_id": "ba",
                    "allow_open": true,
                    "colors": {
                        "color": "#02953D",
                        "text_color": "#000000"
                    },
                    "red_cards": 0
                },
                {
                    "name": "Boca Juniors",
                    "short_name": "Boca Jrs.",
                    "url_name": "boca-juniors",
                    "id": "igg",
                    "country_id": "ba",
                    "allow_open": true,
                    "colors": {
                        "color": "#1F62AF",
                        "text_color": "#FFFFFF"
                    },
                    "red_cards": 1,
                    "goals": [
                        {
                            "player_name": "Lautaro Di Lollo",
                            "player_sname": "Di Lollo",
                            "time": 86.0,
                            "time_to_display": "86'"
                        }
                    ]
                }
            ],
            "url_name": "banfield-vs-boca-juniors",
            "scores": [
                0.0,
                1.0
            ],
            "status": {
                "enum": 3,
                "name": "Finalizado",
                "short_name": "Final",
                "symbol_name": "Fin"
            },
            "start_time": "14-02-2025 20:00",
            "game_time": 90.0,
            "game_time_to_display": "",
            "game_time_status_to_display": "Final"
        },
        {
            "id": "edbjibc",
            "stage_round_name": "Fecha 6",
            "winner": -1,
            "teams": [
                {
                    "name": "Defensa y Justicia",
                    "short_name": "Defensa",
                    "url_name": "defensa-y-justicia",
                    "id": "hcbh",
                    "country_id": "ba",
                    "allow_open": true,
                    "colors": {
                        "color": "#22A07D",
                        "text_color": "#000000"
                    },
                    "red_cards": 0,
                    "goals": [
                        {
                            "player_name": "Juan Miritello",
                            "player_sname": "Miritello",
                            "time": 37.0,
                            "time_to_display": "37'"
                        }
                    ]
                },
                {
                    "name": "Barracas Central",
                    "short_name": "Barracas",
                    "url_name": "barracas-central",
                    "id": "jafb",
                    "country_id": "ba",
                    "allow_open": true,
                    "colors": {
                        "color": "#D4150D",
                        "text_color": "#FFFFFF"
                    },
                    "red_cards": 0,
                    "goals": [
                        {
                            "player_name": "Rodrigo Insúa",
                            "player_sname": "Insúa",
                            "time": 90.0,
                            "time_to_display": "90'+9",
                            "goal_type": "Pen"
                        }
                    ]
                }
            ],
            "url_name": "defensa-y-justicia-vs-barracas-central",
            "scores": [
                1.0,
                1.0
            ],
            "status": {
                "enum": 3,
                "name": "Finalizado",
                "short_name": "Final",
                "symbol_name": "Fin"
            },
            "start_time": "15-02-2025 17:00",
            "game_time": 90.0,
            "game_time_to_display": "",
            "game_time_status_to_display": "Final"
        },
        {
            "id": "edcacef",
            "stage_round_name": "Fecha 6",
            "winner": -1,
            "teams": [
                {
                    "name": "Aldosivi",
                    "short_name": "Aldosivi",
                    "url_name": "aldosivi",
                    "id": "hccd",
                    "country_id": "ba",
                    "allow_open": true,
                    "colors": {
                        "color": "#39B54A",
                        "text_color": "#000000"
                    },
                    "red_cards": 1,
                    "goals": [
                        {
                            "player_name": "Gonzalo Mottes",
                            "player_sname": "Mottes",
                            "time": 57.0,
                            "time_to_display": "57'"
                        },
                        {
                            "player_name": "Elias Torres",
                            "player_sname": "Torres",
                            "time": 77.0,
                            "time_to_display": "77'",
                            "goal_type": "Pen"
                        }
                    ]
                },
                {
                    "name": "Estudiantes de La Plata",
                    "short_name": "Estudiantes",
                    "url_name": "estudiantes-de-la-plata",
                    "id": "igh",
                    "country_id": "ba",
                    "allow_open": true,
                    "colors": {
                        "color": "#E30F13",
                        "text_color": "#FFFFFF"
                    },
                    "red_cards": 0,
                    "goals": [
                        {
                            "player_name": "Santiago Ascacibar",
                            "player_sname": "Ascacibar",
                            "time": 12.0,
                            "time_to_display": "12'"
                        },
                        {
                            "player_name": "José Sosa",
                            "player_sname": "Sosa",
                            "time": 81.0,
                            "time_to_display": "81'"
                        }
                    ]
                }
            ],
            "url_name": "aldosivi-vs-estudiantes-de-la-plata",
            "scores": [
                2.0,
                2.0
            ],
            "status": {
                "enum": 3,
                "name": "Finalizado",
                "short_name": "Final",
                "symbol_name": "Fin"
            },
            "start_time": "15-02-2025 17:00",
            "game_time": 90.0,
            "game_time_to_display": "",
            "game_time_status_to_display": "Final"
        },
        {
            "id": "edbjiaj",
            "stage_round_name": "Fecha 6",
            "winner": 2,
            "teams": [
                {
                    "name": "Independiente Rivadavia",
                    "short_name": "Ind. Rivadavia",
                    "url_name": "independiente-rivadavia",
                    "id": "hcch",
                    "country_id": "ba",
                    "allow_open": true,
                    "colors": {
                        "color": "#262169",
                        "text_color": "#FFFFFF"
                    },
                    "red_cards": 1,
                    "goals": [
                        {
                            "player_name": "Kevin Retamar",
                            "player_sname": "Retamar",
                            "time": 70.0,
                            "time_to_display": "70'"
                        }
                    ]
                },
                {
                    "name": "Tigre",
                    "short_name": "Tigre",
                    "url_name": "tigre",
                    "id": "iid",
                    "country_id": "ba",
                    "allow_open": true,
                    "colors": {
                        "color": "#161267",
                        "text_color": "#FFFFFF"
                    },
                    "red_cards": 0,
                    "goals": [
                        {
                            "player_name": "David Romero",
                            "player_sname": "Romero",
                            "time": 5.0,
                            "time_to_display": "5'"
                        },
                        {
                            "player_name": "David Romero",
                            "player_sname": "Romero",
                            "time": 25.0,
                            "time_to_display": "25'"
                        },
                        {
                            "player_name": "Ignacio Russo",
                            "player_sname": "Russo",
                            "time": 55.0,
                            "time_to_display": "55'"
                        },
                        {
                            "player_name": "Matías Valenti",
                            "player_sname": "Valenti",
                            "time": 90.0,
                            "time_to_display": "90'+1",
                            "goal_type": "E.C"
                        }
                    ]
                }
            ],
            "url_name": "independiente-rivadavia-vs-tigre",
            "scores": [
                1.0,
                4.0
            ],
            "status": {
                "enum": 3,
                "name": "Finalizado",
                "short_name": "Final",
                "symbol_name": "Fin"
            },
            "start_time": "15-02-2025 19:15",
            "game_time": 90.0,
            "game_time_to_display": "",
            "game_time_status_to_display": "Final"
        },
        {
            "id": "edbjibb",
            "stage_round_name": "Fecha 6",
            "winner": 1,
            "teams": [
                {
                    "name": "Central Córdoba SdE",
                    "short_name": "Central Córdoba",
                    "url_name": "central-cordoba-sde",
                    "id": "beafh",
                    "country_id": "ba",
                    "allow_open": true,
                    "colors": {
                        "color": "#9E9E9E",
                        "text_color": "#000000"
                    },
                    "red_cards": 0,
                    "goals": [
                        {
                            "player_name": "Favio Cabral",
                            "player_sname": "Cabral",
                            "time": 18.0,
                            "time_to_display": "18'"
                        },
                        {
                            "player_name": "Jose Florentín",
                            "player_sname": "Florentín",
                            "time": 42.0,
                            "time_to_display": "42'"
                        },
                        {
                            "player_name": "Lautaro Rivero",
                            "player_sname": "Rivero",
                            "time": 61.0,
                            "time_to_display": "61'"
                        },
                        {
                            "player_name": "Diego Barrera",
                            "player_sname": "Diego Barrera",
                            "time": 87.0,
                            "time_to_display": "87'"
                        }
                    ]
                },
                {
                    "name": "Belgrano",
                    "short_name": "Belgrano",
                    "url_name": "belgrano",
                    "id": "fhid",
                    "country_id": "ba",
                    "allow_open": true,
                    "colors": {
                        "color": "#2AACE2",
                        "text_color": "#000000"
                    },
                    "red_cards": 1
                }
            ],
            "url_name": "central-cordoba-sde-vs-belgrano",
            "scores": [
                4.0,
                0.0
            ],
            "status": {
                "enum": 3,
                "name": "Finalizado",
                "short_name": "Final",
                "symbol_name": "Fin"
            },
            "start_time": "15-02-2025 19:15",
            "game_time": 90.0,
            "game_time_to_display": "",
            "game_time_status_to_display": "Final"
        },
        {
            "id": "edbjiai",
            "stage_round_name": "Fecha 6",
            "winner": 2,
            "teams": [
                {
                    "name": "Racing Club",
                    "short_name": "Racing",
                    "url_name": "racing-club",
                    "id": "ihg",
                    "country_id": "ba",
                    "allow_open": true,
                    "colors": {
                        "color": "#029CDC",
                        "text_color": "#000000"
                    },
                    "red_cards": 0,
                    "goals": [
                        {
                            "player_name": "Martín Barrios",
                            "player_sname": "Barrios",
                            "time": 83.0,
                            "time_to_display": "83'"
                        },
                        {
                            "player_name": "Marco Di Cesare",
                            "player_sname": "Di Cesare",
                            "time": 88.0,
                            "time_to_display": "88'"
                        }
                    ]
                },
                {
                    "name": "Argentinos Juniors",
                    "short_name": "Argentinos",
                    "url_name": "argentinos-juniors",
                    "id": "ihb",
                    "country_id": "ba",
                    "allow_open": true,
                    "colors": {
                        "color": "#EE292E",
                        "text_color": "#000000"
                    },
                    "red_cards": 0,
                    "goals": [
                        {
                            "player_name": "Alan Lescano",
                            "player_sname": "Alan Lescano",
                            "time": 22.0,
                            "time_to_display": "22'"
                        },
                        {
                            "player_name": "Tomás Molina",
                            "player_sname": "Molina",
                            "time": 28.0,
                            "time_to_display": "28'"
                        },
                        {
                            "player_name": "Sebastián Prieto",
                            "player_sname": "Prieto",
                            "time": 47.0,
                            "time_to_display": "47'"
                        }
                    ]
                }
            ],
            "url_name": "racing-club-vs-argentinos-juniors",
            "scores": [
                2.0,
                3.0
            ],
            "status": {
                "enum": 3,
                "name": "Finalizado",
                "short_name": "Final",
                "symbol_name": "Fin"
            },
            "start_time": "15-02-2025 21:30",
            "game_time": 90.0,
            "game_time_to_display": "",
            "game_time_status_to_display": "Final"
        },
        {
            "id": "edbjiaa",
            "stage_round_name": "Fecha 6",
            "winner": 2,
            "teams": [
                {
                    "name": "Newell's Old Boys",
                    "short_name": "Newell's",
                    "url_name": "newell's-old-boys",
                    "id": "ihh",
                    "country_id": "ba",
                    "allow_open": true,
                    "colors": {
                        "color": "#ED1C24",
                        "text_color": "#000000"
                    },
                    "red_cards": 0,
                    "goals": [
                        {
                            "player_name": "Ever Banega",
                            "player_sname": "Ever Banega",
                            "time": 87.0,
                            "time_to_display": "87'"
                        }
                    ]
                },
                {
                    "name": "Rosario Central",
                    "short_name": "Central",
                    "url_name": "rosario-central",
                    "id": "ihf",
                    "country_id": "ba",
                    "allow_open": true,
                    "colors": {
                        "color": "#FFDB00",
                        "text_color": "#000000"
                    },
                    "red_cards": 0,
                    "goals": [
                        {
                            "player_name": "Gaspar Duarte",
                            "player_sname": "Duarte",
                            "time": 16.0,
                            "time_to_display": "16'"
                        },
                        {
                            "player_name": "Jaminton Campaz",
                            "player_sname": "Campaz",
                            "time": 63.0,
                            "time_to_display": "63'"
                        }
                    ]
                }
            ],
            "url_name": "newell's-old-boys-vs-rosario-central",
            "scores": [
                1.0,
                2.0
            ],
            "status": {
                "enum": 3,
                "name": "Finalizado",
                "short_name": "Final",
                "symbol_name": "Fin"
            },
            "start_time": "16-02-2025 17:00",
            "game_time": 90.0,
            "game_time_to_display": "",
            "game_time_status_to_display": "Final"
        },
        {
            "id": "edbjiae",
            "stage_round_name": "Fecha 6",
            "winner": 1,
            "teams": [
                {
                    "name": "River Plate",
                    "short_name": "River",
                    "url_name": "river-plate",
                    "id": "igi",
                    "country_id": "ba",
                    "allow_open": true,
                    "colors": {
                        "color": "#E3201C",
                        "text_color": "#FFFFFF"
                    },
                    "red_cards": 0,
                    "goals": [
                        {
                            "player_name": "Miguel Borja",
                            "player_sname": "Borja",
                            "time": 77.0,
                            "time_to_display": "77'"
                        }
                    ]
                },
                {
                    "name": "Lanús",
                    "short_name": "Lanús",
                    "url_name": "lanus",
                    "id": "igj",
                    "country_id": "ba",
                    "allow_open": true,
                    "colors": {
                        "color": "#9F2B54",
                        "text_color": "#FFFFFF"
                    },
                    "red_cards": 0
                }
            ],
            "url_name": "river-plate-vs-lanus",
            "scores": [
                1.0,
                0.0
            ],
            "status": {
                "enum": 3,
                "name": "Finalizado",
                "short_name": "Final",
                "symbol_name": "Fin"
            },
            "start_time": "16-02-2025 19:15",
            "game_time": 90.0,
            "game_time_to_display": "",
            "game_time_status_to_display": "Final"
        },
        {
            "id": "edbjiaf",
            "stage_round_name": "Fecha 6",
            "winner": -1,
            "teams": [
                {
                    "name": "Talleres de Córdoba",
                    "short_name": "Talleres",
                    "url_name": "talleres-cordoba",
                    "id": "jche",
                    "country_id": "ba",
                    "allow_open": true,
                    "colors": {
                        "color": "#041D47",
                        "text_color": "#FFFFFF"
                    },
                    "red_cards": 0,
                    "goals": [
                        {
                            "player_name": "Ulises Ortegoza",
                            "player_sname": "Ortegoza",
                            "time": 73.0,
                            "time_to_display": "73'"
                        }
                    ]
                },
                {
                    "name": "Atlético Tucumán",
                    "short_name": "Atl. Tucumán",
                    "url_name": "atletico-tucuman",
                    "id": "gbfc",
                    "country_id": "ba",
                    "allow_open": true,
                    "colors": {
                        "color": "#62BCF1",
                        "text_color": "#000000"
                    },
                    "red_cards": 0,
                    "goals": [
                        {
                            "player_name": "Nicolás Castro",
                            "player_sname": "Castro",
                            "time": 47.0,
                            "time_to_display": "47'"
                        }
                    ]
                }
            ],
            "url_name": "talleres-cordoba-vs-atletico-tucuman",
            "scores": [
                1.0,
                1.0
            ],
            "status": {
                "enum": 3,
                "name": "Finalizado",
                "short_name": "Final",
                "symbol_name": "Fin"
            },
            "start_time": "16-02-2025 21:30",
            "game_time": 90.0,
            "game_time_to_display": "",
            "game_time_status_to_display": "Final"
        },
        {
            "id": "edbjiah",
            "stage_round_name": "Fecha 6",
            "winner": 1,
            "teams": [
                {
                    "name": "Huracán",
                    "short_name": "Huracán",
                    "url_name": "huracan",
                    "id": "iie",
                    "country_id": "ba",
                    "allow_open": true,
                    "colors": {
                        "color": "#FF1E1E",
                        "text_color": "#000000"
                    },
                    "red_cards": 0,
                    "goals": [
                        {
                            "player_name": "Matko Miljevic",
                            "player_sname": "Miljevic",
                            "time": 51.0,
                            "time_to_display": "51'",
                            "goal_type": "Pen"
                        }
                    ]
                },
                {
                    "name": "Unión de Santa Fe",
                    "short_name": "Unión",
                    "url_name": "union-santa-fe",
                    "id": "hcag",
                    "country_id": "ba",
                    "allow_open": true,
                    "colors": {
                        "color": "#DB304A",
                        "text_color": "#FFFFFF"
                    },
                    "red_cards": 0
                }
            ],
            "url_name": "huracan-vs-union-santa-fe",
            "scores": [
                1.0,
                0.0
            ],
            "status": {
                "enum": 3,
                "name": "Finalizado",
                "short_name": "Final",
                "symbol_name": "Fin"
            },
            "start_time": "16-02-2025 21:30",
            "game_time": 90.0,
            "game_time_to_display": "",
            "game_time_status_to_display": "Final"
        },
        {
            "id": "edbjiag",
            "stage_round_name": "Fecha 6",
            "winner": 1,
            "teams": [
                {
                    "name": "Sarmiento Junín",
                    "short_name": "Sarmiento",
                    "url_name": "sarmiento-junin",
                    "id": "hbbh",
                    "country_id": "ba",
                    "allow_open": true,
                    "colors": {
                        "color": "#096D37",
                        "text_color": "#FFFFFF"
                    },
                    "red_cards": 0,
                    "goals": [
                        {
                            "player_name": "Gabriel Carabajal",
                            "player_sname": "Carabajal",
                            "time": 84.0,
                            "time_to_display": "84'",
                            "goal_type": "Pen"
                        },
                        {
                            "player_name": "Gabriel Carabajal",
                            "player_sname": "Carabajal",
                            "time": 90.0,
                            "time_to_display": "90'+5",
                            "goal_type": "Pen"
                        }
                    ]
                },
                {
                    "name": "Deportivo Riestra",
                    "short_name": "Riestra",
                    "url_name": "riestra",
                    "id": "bbjea",
                    "country_id": "ba",
                    "allow_open": true,
                    "colors": {
                        "color": "#262526",
                        "text_color": "#FFFFFF"
                    },
                    "red_cards": 0,
                    "goals": [
                        {
                            "player_name": "Nicolás Benegas",
                            "player_sname": "Benegas",
                            "time": 33.0,
                            "time_to_display": "33'"
                        }
                    ]
                }
            ],
            "url_name": "sarmiento-junin-vs-riestra",
            "scores": [
                2.0,
                1.0
            ],
            "status": {
                "enum": 3,
                "name": "Finalizado",
                "short_name": "Final",
                "symbol_name": "Fin"
            },
            "start_time": "17-02-2025 17:00",
            "game_time": 90.0,
            "game_time_to_display": "",
            "game_time_status_to_display": "Final"
        },
        {
            "id": "edcacee",
            "stage_round_name": "Fecha 6",
            "winner": 1,
            "teams": [
                {
                    "name": "Gimnasia La Plata",
                    "short_name": "Gimnasia",
                    "url_name": "gimnasia-y-esgrima-la-plata",
                    "id": "iia",
                    "country_id": "ba",
                    "allow_open": true,
                    "colors": {
                        "color": "#3F3B76",
                        "text_color": "#FFFFFF"
                    },
                    "red_cards": 1,
                    "goals": [
                        {
                            "player_name": "Pablo De Blasis",
                            "player_sname": "De Blasis",
                            "time": 38.0,
                            "time_to_display": "38'",
                            "goal_type": "Pen"
                        }
                    ]
                },
                {
                    "name": "San Martín San Juan",
                    "short_name": "San Martín",
                    "url_name": "san-martin",
                    "id": "hcai",
                    "country_id": "ba",
                    "allow_open": true,
                    "colors": {
                        "color": "#179046",
                        "text_color": "#000000"
                    },
                    "red_cards": 0
                }
            ],
            "url_name": "gimnasia-y-esgrima-la-plata-vs-san-martin",
            "scores": [
                1.0,
                0.0
            ],
            "status": {
                "enum": 3,
                "name": "Finalizado",
                "short_name": "Final",
                "symbol_name": "Fin"
            },
            "start_time": "17-02-2025 17:00",
            "game_time": 90.0,
            "game_time_to_display": "",
            "game_time_status_to_display": "Final"
        },
        {
            "id": "edbjiac",
            "stage_round_name": "Fecha 6",
            "winner": -1,
            "teams": [
                {
                    "name": "Platense",
                    "short_name": "Platense",
                    "url_name": "platense",
                    "id": "hcah",
                    "country_id": "ba",
                    "allow_open": true,
                    "colors": {
                        "color": "#5C3919",
                        "text_color": "#FFFFFF"
                    },
                    "red_cards": 0,
                    "goals": [
                        {
                            "player_name": "Franco Paredes",
                            "player_sname": "Paredes",
                            "time": 89.0,
                            "time_to_display": "89'",
                            "goal_type": "E.C"
                        }
                    ]
                },
                {
                    "name": "Independiente",
                    "short_name": "Independiente",
                    "url_name": "independiente",
                    "id": "ihe",
                    "country_id": "ba",
                    "allow_open": true,
                    "colors": {
                        "color": "#ED1C24",
                        "text_color": "#000000"
                    },
                    "red_cards": 0,
                    "goals": [
                        {
                            "player_name": "Ignacio Vázquez",
                            "player_sname": "Vazquez",
                            "time": 76.0,
                            "time_to_display": "76'",
                            "goal_type": "E.C"
                        }
                    ]
                }
            ],
            "url_name": "platense-vs-independiente",
            "scores": [
                1.0,
                1.0
            ],
            "status": {
                "enum": 3,
                "name": "Finalizado",
                "short_name": "Final",
                "symbol_name": "Fin"
            },
            "start_time": "17-02-2025 19:15",
            "game_time": 90.0,
            "game_time_to_display": "",
            "game_time_status_to_display": "Final"
        },
        {
            "id": "edbjiab",
            "stage_round_name": "Fecha 6",
            "winner": 2,
            "teams": [
                {
                    "name": "Instituto",
                    "short_name": "Instituto",
                    "url_name": "instituto-ac-cordoba",
                    "id": "hchc",
                    "country_id": "ba",
                    "allow_open": true,
                    "colors": {
                        "color": "#EA1D29",
                        "text_color": "#000000"
                    },
                    "red_cards": 0
                },
                {
                    "name": "San Lorenzo",
                    "short_name": "San Lorenzo",
                    "url_name": "san-lorenzo",
                    "id": "igf",
                    "country_id": "ba",
                    "allow_open": true,
                    "colors": {
                        "color": "#283B56",
                        "text_color": "#FFFFFF"
                    },
                    "red_cards": 0,
                    "goals": [
                        {
                            "player_name": "Andres Vombergar",
                            "player_sname": "Andres Vombergar",
                            "time": 45.0,
                            "time_to_display": "45'+4",
                            "goal_type": "Pen"
                        }
                    ]
                }
            ],
            "url_name": "instituto-ac-cordoba-vs-san-lorenzo",
            "scores": [
                0.0,
                1.0
            ],
            "status": {
                "enum": 3,
                "name": "Finalizado",
                "short_name": "Final",
                "symbol_name": "Fin"
            },
            "start_time": "17-02-2025 21:30",
            "game_time": 90.0,
            "game_time_to_display": "",
            "game_time_status_to_display": "Final"
        },
        {
            "id": "edbjiad",
            "stage_round_name": "Fecha 6",
            "winner": 2,
            "teams": [
                {
                    "name": "Vélez Sarsfield",
                    "short_name": "Vélez",
                    "url_name": "velez-sarsfield",
                    "id": "ihc",
                    "country_id": "ba",
                    "allow_open": true,
                    "colors": {
                        "color": "#2F3993",
                        "text_color": "#FFFFFF"
                    },
                    "red_cards": 0
                },
                {
                    "name": "Godoy Cruz",
                    "short_name": "Godoy Cruz",
                    "url_name": "godoy-cruz",
                    "id": "ihd",
                    "country_id": "ba",
                    "allow_open": true,
                    "colors": {
                        "color": "#0033CC",
                        "text_color": "#FFFFFF"
                    },
                    "red_cards": 0,
                    "goals": [
                        {
                            "player_name": "Francisco Pizzini",
                            "player_sname": "Pizzini",
                            "time": 18.0,
                            "time_to_display": "18'",
                            "goal_type": "E.C"
                        },
                        {
                            "player_name": "Facundo Altamira",
                            "player_sname": "Facundo Altamira",
                            "time": 28.0,
                            "time_to_display": "28'"
                        }
                    ]
                }
            ],
            "url_name": "velez-sarsfield-vs-godoy-cruz",
            "scores": [
                0.0,
                2.0
            ],
            "status": {
                "enum": 3,
                "name": "Finalizado",
                "short_name": "Final",
                "symbol_name": "Fin"
            },
            "start_time": "17-02-2025 21:30",
            "game_time": 90.0,
            "game_time_to_display": "",
            "game_time_status_to_display": "Final"
        }
    ]
}