-- MySQL dump 10.13  Distrib 8.0.30, for macos12 (arm64)
--
-- Host: localhost    Database: PRODE_DB
-- ------------------------------------------------------
-- Server version	8.0.30

/*!40101 SET @OLD_CHARACTER_SET_CLIENT=@@CHARACTER_SET_CLIENT */;
/*!40101 SET @OLD_CHARACTER_SET_RESULTS=@@CHARACTER_SET_RESULTS */;
/*!40101 SET @OLD_COLLATION_CONNECTION=@@COLLATION_CONNECTION */;
/*!50503 SET NAMES utf8mb4 */;
/*!40103 SET @OLD_TIME_ZONE=@@TIME_ZONE */;
/*!40103 SET TIME_ZONE='+00:00' */;
/*!40014 SET @OLD_UNIQUE_CHECKS=@@UNIQUE_CHECKS, UNIQUE_CHECKS=0 */;
/*!40014 SET @OLD_FOREIGN_KEY_CHECKS=@@FOREIGN_KEY_CHECKS, FOREIGN_KEY_CHECKS=0 */;
/*!40101 SET @OLD_SQL_MODE=@@SQL_MODE, SQL_MODE='NO_AUTO_VALUE_ON_ZERO' */;
/*!40111 SET @OLD_SQL_NOTES=@@SQL_NOTES, SQL_NOTES=0 */;

--
-- Table structure for table `dates`
--

DROP TABLE IF EXISTS `dates`;
/*!40101 SET @saved_cs_client     = @@character_set_client */;
/*!50503 SET character_set_client = utf8mb4 */;
CREATE TABLE `dates` (
  `id` int NOT NULL AUTO_INCREMENT,
  `number` int NOT NULL,
  `status` enum('Programada','En juego','Finalizada') NOT NULL,
  `date_begin` datetime NOT NULL,
  `date_end` datetime NOT NULL,
  PRIMARY KEY (`id`),
  UNIQUE KEY `number` (`number`)
) ENGINE=InnoDB AUTO_INCREMENT=17 DEFAULT CHARSET=utf8mb4 COLLATE=utf8mb4_0900_ai_ci;
/*!40101 SET character_set_client = @saved_cs_client */;

--
-- Dumping data for table `dates`
--

LOCK TABLES `dates` WRITE;
/*!40000 ALTER TABLE `dates` DISABLE KEYS */;
INSERT INTO `dates` VALUES (1,1,'Finalizada','2025-01-23 19:00:00','2025-01-27 00:00:00'),(2,2,'Finalizada','2025-01-27 20:00:00','2025-01-31 00:30:00'),(3,3,'Finalizada','2025-02-01 17:00:00','2025-03-22 20:00:00'),(4,4,'Finalizada','2025-02-06 17:00:00','2025-02-10 00:30:00'),(5,5,'Finalizada','2025-02-11 17:45:00','2025-02-14 01:15:00'),(6,6,'Finalizada','2025-02-14 20:00:00','2025-02-18 00:30:00'),(7,7,'Finalizada','2025-02-21 17:00:00','2025-03-21 00:00:00'),(8,8,'Finalizada','2025-02-28 20:00:00','2025-03-04 23:00:00'),(9,9,'Finalizada','2025-03-07 19:00:00','2025-03-11 00:15:00'),(10,10,'Finalizada','2025-03-14 19:00:00','2025-03-18 00:15:00'),(11,11,'Finalizada','2025-03-27 15:30:00','2025-03-30 22:30:00'),(12,12,'Finalizada','2025-04-04 19:00:00','2025-04-08 00:00:00'),(13,13,'Finalizada','2025-04-11 19:00:00','2025-04-15 23:00:00'),(14,14,'Programada','2025-07-11 19:00:00','2025-04-22 00:15:00'),(15,15,'Programada','2025-04-26 15:00:00','2025-04-29 22:00:00'),(16,16,'Programada','2025-05-04 11:00:00','2025-05-04 14:00:00');
/*!40000 ALTER TABLE `dates` ENABLE KEYS */;
UNLOCK TABLES;

--
-- Table structure for table `games`
--

DROP TABLE IF EXISTS `games`;
/*!40101 SET @saved_cs_client     = @@character_set_client */;
/*!50503 SET character_set_client = utf8mb4 */;
CREATE TABLE `games` (
  `id` varchar(20) NOT NULL,
  `id_date` int NOT NULL,
  `team1` varchar(100) DEFAULT NULL,
  `team2` varchar(100) DEFAULT NULL,
  `score` varchar(10) DEFAULT NULL,
  `result` enum('L','V','E') DEFAULT NULL,
  `img1` varchar(255) DEFAULT NULL,
  `img2` varchar(255) DEFAULT NULL,
  PRIMARY KEY (`id`),
  KEY `id_date` (`id_date`),
  CONSTRAINT `games_ibfk_1` FOREIGN KEY (`id_date`) REFERENCES `dates` (`id`)
) ENGINE=InnoDB DEFAULT CHARSET=utf8mb4 COLLATE=utf8mb4_0900_ai_ci;
/*!40101 SET character_set_client = @saved_cs_client */;

--
-- Dumping data for table `games`
--

LOCK TABLES `games` WRITE;
/*!40000 ALTER TABLE `games` DISABLE KEYS */;
INSERT INTO `games` VALUES ('edbjggj',16,'Talleres','Instituto',NULL,'E','jche','hchc'),('edbjgha',16,'Gimnasia','Platense',NULL,'E','iia','hcah'),('edbjghb',16,'River','Vélez',NULL,'E','igi','ihc'),('edbjghc',16,'Central','Independiente',NULL,'E','ihf','ihe'),('edbjghd',16,'Sarmiento','San Lorenzo',NULL,'E','hbbh','igf'),('edbjghe',16,'Riestra','Godoy Cruz',NULL,'E','bbjea','ihd'),('edbjghf',16,'Atl. Tucumán','Lanús',NULL,'E','gbfc','igj'),('edbjghg',16,'Tigre','Boca Jrs.',NULL,'E','iid','igg'),('edbjghh',16,'Argentinos','Estudiantes',NULL,'E','ihb','igh'),('edbjghi',16,'Unión','Belgrano',NULL,'E','hcag','fhid'),('edbjghj',16,'Huracán','Barracas',NULL,'E','iie','jafb'),('edbjgia',16,'Racing','Newell\'s',NULL,'E','ihg','ihh'),('edbjgib',16,'Ind. Rivadavia','Defensa',NULL,'E','hcch','hcbh'),('edbjgic',16,'Banfield','Central Córdoba',NULL,'E','ihi','beafh'),('edbjgid',15,'River','Boca Jrs.',NULL,'E','igi','igg'),('edbjgie',15,'Independiente','Riestra',NULL,'E','ihe','bbjea'),('edbjgif',15,'Godoy Cruz','Atl. Tucumán',NULL,'E','ihd','gbfc'),('edbjgig',15,'San Lorenzo','Central',NULL,'E','igf','ihf'),('edbjgih',15,'Instituto','Sarmiento',NULL,'E','hchc','hbbh'),('edbjgii',15,'Platense','Talleres',NULL,'E','hcah','jche'),('edbjgij',15,'Vélez','Gimnasia',NULL,'E','ihc','iia'),('edbjgja',15,'Central Córdoba','Ind. Rivadavia',NULL,'E','beafh','hcch'),('edbjgjb',15,'Defensa','Racing',NULL,'E','hcbh','ihg'),('edbjgjc',15,'Newell\'s','Huracán',NULL,'E','ihh','iie'),('edbjgjd',15,'Barracas','Unión',NULL,'E','jafb','hcag'),('edbjgje',15,'Belgrano','Argentinos',NULL,'E','fhid','ihb'),('edbjgjf',15,'Estudiantes','Tigre',NULL,'E','igh','iid'),('edbjgjg',14,'Lanús','Banfield','1 - 0','E','igj','ihi'),('edbjgjh',14,'Gimnasia','River','0 - 3','V','iia','igi'),('edbjgji',14,'Talleres','Vélez','0 - 1','V','jche','ihc'),('edbjgjj',14,'Sarmiento','Platense',NULL,'E','hbbh','hcah'),('edbjhaa',14,'Central','Instituto',NULL,'E','ihf','hchc'),('edbjhab',14,'Riestra','San Lorenzo',NULL,'E','bbjea','igf'),('edbjhac',14,'Atl. Tucumán','Independiente',NULL,'E','gbfc','ihe'),('edbjhad',14,'Boca Jrs.','Estudiantes',NULL,'E','igg','igh'),('edbjhae',14,'Tigre','Belgrano',NULL,'E','iid','fhid'),('edbjhaf',14,'Argentinos','Barracas',NULL,'E','ihb','jafb'),('edbjhag',14,'Unión','Newell\'s','1 - 1','E','hcag','ihh'),('edbjhah',14,'Huracán','Defensa',NULL,'E','iie','hcbh'),('edbjhai',14,'Racing','Central Córdoba','1 - 0','L','ihg','beafh'),('edbjhaj',13,'Gimnasia','Estudiantes','1 - 1','E','iia','igh'),('edbjhba',13,'Godoy Cruz','Lanús','0 - 0','E','ihd','igj'),('edbjhbb',13,'Instituto','Riestra','3 - 0','L','hchc','bbjea'),('edbjhbc',13,'San Lorenzo','Atl. Tucumán','1 - 0','L','igf','gbfc'),('edbjhbd',13,'Platense','Central','0 - 0','E','hcah','ihf'),('edbjhbe',13,'Vélez','Sarmiento','0 - 1','V','ihc','hbbh'),('edbjhbf',13,'River','Talleres','1 - 1','E','igi','jche'),('edbjhbg',13,'Banfield','Ind. Rivadavia','1 - 1','E','ihi','hcch'),('edbjhbh',13,'Central Córdoba','Huracán','1 - 2','V','beafh','iie'),('edbjhbi',13,'Newell\'s','Argentinos','0 - 0','E','ihh','ihb'),('edbjhbj',13,'Defensa','Unión','0 - 0','E','hcbh','hcag'),('edbjhca',13,'Barracas','Tigre','1 - 0','L','jafb','iid'),('edbjhcb',13,'Belgrano','Boca Jrs.','1 - 3','V','fhid','igg'),('edbjhcc',12,'Godoy Cruz','Ind. Rivadavia','1 - 1','E','ihd','hcch'),('edbjhcd',12,'Talleres','Gimnasia','2 - 0','L','jche','iia'),('edbjhce',12,'Sarmiento','River','1 - 1','E','hbbh','igi'),('edbjhcf',12,'Riestra','Platense','1 - 0','L','bbjea','hcah'),('edbjhcg',12,'Central','Vélez','2 - 1','L','ihf','ihc'),('edbjhch',12,'Atl. Tucumán','Instituto','3 - 2','L','gbfc','hchc'),('edbjhci',12,'Lanús','Independiente','1 - 1','E','igj','ihe'),('edbjhcj',12,'Estudiantes','Belgrano','0 - 1','V','igh','fhid'),('edbjhda',12,'Boca Jrs.','Barracas','1 - 0','L','igg','jafb'),('edbjhdb',12,'Argentinos','Defensa','4 - 1','L','ihb','hcbh'),('edbjhdc',12,'Unión','Central Córdoba','1 - 0','L','hcag','beafh'),('edbjhdd',12,'Racing','Banfield','4 - 1','L','ihg','ihi'),('edbjhde',12,'Tigre','Newell\'s','0 - 2','V','iid','ihh'),('edbjhdf',11,'Belgrano','Talleres','1 - 1','E','fhid','jche'),('edbjhdg',11,'Independiente','Godoy Cruz','4 - 0','L','ihe','ihd'),('edbjhdh',11,'San Lorenzo','Lanús','1 - 1','E','igf','igj'),('edbjhdi',11,'Platense','Atl. Tucumán','2 - 1','L','hcah','gbfc'),('edbjhdj',11,'Gimnasia','Sarmiento','0 - 0','E','iia','hbbh'),('edbjhea',11,'River','Central','2 - 2','E','igi','ihf'),('edbjheb',11,'Vélez','Riestra','0 - 1','V','ihc','bbjea'),('edbjhec',11,'Ind. Rivadavia','Racing','2 - 1','L','hcch','ihg'),('edbjhed',11,'Banfield','Huracán','0 - 0','E','ihi','iie'),('edbjhee',11,'Defensa','Tigre','1 - 2','V','hcbh','iid'),('edbjhef',11,'Central Córdoba','Argentinos','1 - 1','E','beafh','ihb'),('edbjheg',11,'Newell\'s','Boca Jrs.','2 - 0','L','ihh','igg'),('edbjheh',11,'Barracas','Estudiantes','2 - 1','L','jafb','igh'),('edbjhei',10,'Independiente','Racing','1 - 1','E','ihe','ihg'),('edbjhej',10,'Sarmiento','Talleres','0 - 0','E','hbbh','jche'),('edbjhfa',10,'Central','Gimnasia','2 - 1','L','ihf','iia'),('edbjhfb',10,'Riestra','River','0 - 0','E','bbjea','igi'),('edbjhfc',10,'Atl. Tucumán','Vélez','1 - 2','V','gbfc','ihc'),('edbjhfd',10,'Lanús','Instituto','4 - 1','L','igj','hchc'),('edbjhfe',10,'Godoy Cruz','San Lorenzo','0 - 0','E','ihd','igf'),('edbjhff',10,'Belgrano','Barracas','1 - 1','E','fhid','jafb'),('edbjhfg',10,'Estudiantes','Newell\'s','1 - 1','E','igh','ihh'),('edbjhfh',10,'Boca Jrs.','Defensa','4 - 0','L','igg','hcbh'),('edbjhfi',10,'Tigre','Central Córdoba','1 - 2','V','iid','beafh'),('edbjhfj',10,'Unión','Banfield','3 - 1','L','hcag','ihi'),('edbjhga',10,'Huracán','Ind. Rivadavia','2 - 0','L','iie','hcch'),('edbjhgb',9,'Talleres','Central','0 - 0','E','jche','ihf'),('edbjhgc',9,'Racing','Huracán','0 - 1','V','ihg','iie'),('edbjhgd',9,'Ind. Rivadavia','Unión','2 - 0','L','hcch','hcag'),('edbjhge',9,'Banfield','Argentinos','1 - 2','V','ihi','ihb'),('edbjhgf',9,'Central Córdoba','Boca Jrs.','0 - 3','V','beafh','igg'),('edbjhgg',9,'Defensa','Estudiantes','1 - 0','L','hcbh','igh'),('edbjhgh',9,'Sarmiento','Barracas','1 - 1','E','hbbh','jafb'),('edbjhgi',9,'San Lorenzo','Independiente','1 - 2','V','igf','ihe'),('edbjhgj',9,'Instituto','Godoy Cruz','1 - 1','E','hchc','ihd'),('edbjhha',9,'Newell\'s','Belgrano','0 - 0','E','ihh','fhid'),('edbjhhb',9,'Platense','Lanús','0 - 0','E','hcah','igj'),('edbjhhc',9,'Gimnasia','Riestra','1 - 1','E','iia','bbjea'),('edbjhhd',9,'River','Atl. Tucumán','1 - 0','L','igi','gbfc'),('edbjhhe',8,'Boca Jrs.','Central','1 - 0','L','igg','ihf'),('edbjhhf',8,'San Lorenzo','Racing','3 - 2','L','igf','ihg'),('edbjhhg',8,'Unión','Gimnasia','1 - 0','L','hcag','iia'),('edbjhhh',8,'Central Córdoba','Riestra','0 - 0','E','beafh','bbjea'),('edbjhhi',8,'Talleres','Tigre','1 - 2','V','jche','iid'),('edbjhhj',8,'Platense','Defensa','0 - 1','V','hcah','hcbh'),('edbjhia',8,'Argentinos','Instituto','2 - 0','L','ihb','hchc'),('edbjhib',8,'Atl. Tucumán','Newell\'s','1 - 2','V','gbfc','ihh'),('edbjhic',8,'Ind. Rivadavia','Lanús','1 - 1','E','hcch','igj'),('edbjhid',8,'Barracas','Godoy Cruz','1 - 2','V','jafb','ihd'),('edbjhie',8,'Vélez','Huracán','0 - 2','V','ihc','iie'),('edbjhif',8,'River','Estudiantes','0 - 2','V','igi','igh'),('edbjhig',8,'Banfield','Independiente','0 - 0','E','ihi','ihe'),('edbjhih',7,'Central','Sarmiento','1 - 0','L','ihf','hbbh'),('edbjhii',7,'Riestra','Talleres','0 - 0','E','bbjea','jche'),('edbjhij',7,'Huracán','San Lorenzo','2 - 0','L','iie','igf'),('edbjhja',7,'Atl. Tucumán','Gimnasia','0 - 1','V','gbfc','iia'),('edbjhjb',7,'Lanús','Vélez','0 - 0','E','igj','ihc'),('edbjhjc',7,'Godoy Cruz','Platense','1 - 1','E','ihd','hcah'),('edbjhjd',7,'Barracas','Newell\'s','2 - 0','L','jafb','ihh'),('edbjhje',7,'Independiente','Instituto','2 - 0','L','ihe','hchc'),('edbjhjf',7,'Belgrano','Defensa','2 - 0','L','fhid','hcbh'),('edbjhjg',7,'Estudiantes','Central Córdoba','3 - 2','L','igh','beafh'),('edbjhjh',7,'Tigre','Banfield','1 - 0','L','iid','ihi'),('edbjhji',7,'Argentinos','Ind. Rivadavia','0 - 0','E','ihb','hcch'),('edbjhjj',7,'Unión','Racing','0 - 1','V','hcag','ihg'),('edbjiaa',6,'Newell\'s','Central','1 - 2','V','ihh','ihf'),('edbjiab',6,'Instituto','San Lorenzo','0 - 1','V','hchc','igf'),('edbjiac',6,'Platense','Independiente','1 - 1','E','hcah','ihe'),('edbjiad',6,'Vélez','Godoy Cruz','0 - 2','V','ihc','ihd'),('edbjiae',6,'River','Lanús','1 - 0','L','igi','igj'),('edbjiaf',6,'Talleres','Atl. Tucumán','1 - 1','E','jche','gbfc'),('edbjiag',6,'Sarmiento','Riestra','2 - 1','L','hbbh','bbjea'),('edbjiah',6,'Huracán','Unión','1 - 0','L','iie','hcag'),('edbjiai',6,'Racing','Argentinos','2 - 3','V','ihg','ihb'),('edbjiaj',6,'Ind. Rivadavia','Tigre','1 - 4','V','hcch','iid'),('edbjiba',6,'Banfield','Boca Jrs.','0 - 1','V','ihi','igg'),('edbjibb',6,'Central Córdoba','Belgrano','4 - 0','L','beafh','fhid'),('edbjibc',6,'Defensa','Barracas','1 - 1','E','hcbh','jafb'),('edbjibd',5,'Unión','Instituto','0 - 0','E','hcag','hchc'),('edbjibe',5,'Riestra','Central','0 - 0','E','bbjea','ihf'),('edbjibf',5,'Atl. Tucumán','Sarmiento','5 - 0','L','gbfc','hbbh'),('edbjibg',5,'Lanús','Gimnasia','0 - 0','E','igj','iia'),('edbjibh',5,'Godoy Cruz','River','0 - 0','E','ihd','igi'),('edbjibi',5,'Independiente','Vélez','3 - 0','L','ihe','ihc'),('edbjibj',5,'San Lorenzo','Platense','2 - 1','L','igf','hcah'),('edbjica',5,'Newell\'s','Defensa','0 - 1','V','ihh','hcbh'),('edbjicb',5,'Estudiantes','Banfield','1 - 0','L','igh','ihi'),('edbjicc',5,'Barracas','Central Córdoba','3 - 3','E','jafb','beafh'),('edbjicd',5,'Boca Jrs.','Ind. Rivadavia','2 - 0','L','igg','hcch'),('edbjice',5,'Tigre','Racing','1 - 0','L','iid','ihg'),('edbjicf',5,'Argentinos','Huracán','1 - 1','E','ihb','iie'),('edbjicg',4,'Platense','Instituto','1 - 0','L','hcah','hchc'),('edbjich',4,'Riestra','Defensa','1 - 1','E','bbjea','hcbh'),('edbjici',4,'Vélez','San Lorenzo','0 - 0','E','ihc','igf'),('edbjicj',4,'River','Independiente','2 - 0','L','igi','ihe'),('edbjida',4,'Gimnasia','Godoy Cruz','3 - 0','L','iia','ihd'),('edbjidb',4,'Talleres','Lanús','0 - 1','V','jche','igj'),('edbjidc',4,'Huracán','Tigre','2 - 0','L','iie','iid'),('edbjidd',4,'Central','Atl. Tucumán','3 - 1','L','ihf','gbfc'),('edbjide',4,'Racing','Boca Jrs.','2 - 0','L','ihg','igg'),('edbjidf',4,'Unión','Argentinos','0 - 1','V','hcag','ihb'),('edbjidg',4,'Ind. Rivadavia','Estudiantes','2 - 2','E','hcch','igh'),('edbjidh',4,'Banfield','Belgrano','1 - 1','E','ihi','fhid'),('edbjidi',3,'Barracas','Banfield','1 - 0','L','jafb','ihi'),('edbjidj',4,'Central Córdoba','Newell\'s','2 - 0','L','beafh','ihh'),('edbjiea',3,'Belgrano','Ind. Rivadavia','0 - 3','V','fhid','hcch'),('edbjieb',3,'Boca Jrs.','Huracán','2 - 1','L','igg','iie'),('edbjiec',3,'Tigre','Unión','1 - 0','L','iid','hcag'),('edbjied',3,'Estudiantes','Racing','2 - 0','L','igh','ihg'),('edbjiee',3,'Argentinos','Platense','1 - 0','L','ihb','hcah'),('edbjief',3,'Atl. Tucumán','Riestra','0 - 3','V','gbfc','bbjea'),('edbjieg',3,'Lanús','Sarmiento','2 - 0','L','igj','hbbh'),('edbjieh',3,'Independiente','Gimnasia','2 - 0','L','ihe','iia'),('edbjiei',3,'Godoy Cruz','Talleres','0 - 0','E','ihd','jche'),('edbjiej',3,'Instituto','Vélez','2 - 0','L','hchc','ihc'),('edbjifa',3,'San Lorenzo','River','0 - 0','E','igf','igi'),('edbjifb',3,'Defensa','Central Córdoba','2 - 1','L','hcbh','beafh'),('edbjifc',2,'Central Córdoba','Atl. Tucumán','2 - 0','L','beafh','gbfc'),('edbjifd',2,'Vélez','Platense','0 - 1','V','ihc','hcah'),('edbjife',2,'River','Instituto','1 - 0','L','igi','hchc'),('edbjiff',2,'Gimnasia','San Lorenzo','0 - 2','V','iia','igf'),('edbjifg',2,'Talleres','Independiente','2 - 3','V','jche','ihe'),('edbjifh',2,'Sarmiento','Godoy Cruz','0 - 0','E','hbbh','ihd'),('edbjifi',2,'Central','Lanús','2 - 1','L','ihf','igj'),('edbjifj',2,'Argentinos','Tigre','1 - 0','L','ihb','iid'),('edbjiga',2,'Unión','Boca Jrs.','1 - 1','E','hcag','igg'),('edbjigb',2,'Huracán','Estudiantes','0 - 0','E','iie','igh'),('edbjigc',2,'Racing','Belgrano','4 - 0','L','ihg','fhid'),('edbjigd',2,'Ind. Rivadavia','Barracas','0 - 0','E','hcch','jafb'),('edbjige',2,'Banfield','Newell\'s','3 - 0','L','ihi','ihh'),('edbjigf',1,'Lanús','Riestra','0 - 2','V','igj','bbjea'),('edbjigg',1,'Godoy Cruz','Central','0 - 3','V','ihd','ihf'),('edbjigh',1,'Independiente','Sarmiento','2 - 1','L','ihe','hbbh'),('edbjigi',1,'San Lorenzo','Talleres','1 - 0','L','igf','jche'),('edbjigj',1,'Instituto','Gimnasia','3 - 0','L','hchc','iia'),('edbjiha',1,'Platense','River','1 - 1','E','hcah','igi'),('edbjihb',1,'Tigre','Vélez','3 - 0','L','iid','ihc'),('edbjihc',1,'Defensa','Banfield','0 - 1','V','hcbh','ihi'),('edbjihd',1,'Newell\'s','Ind. Rivadavia','0 - 1','V','ihh','hcch'),('edbjihe',1,'Barracas','Racing','1 - 3','V','jafb','ihg'),('edbjihf',1,'Belgrano','Huracán','1 - 1','E','fhid','iie'),('edbjihg',1,'Estudiantes','Unión','3 - 1','L','igh','hcag'),('edbjihh',1,'Boca Jrs.','Argentinos','0 - 0','E','igg','ihb'),('edcabjg',2,'Aldosivi','Defensa','0 - 5','V','hccd','hcbh'),('edcabjh',1,'San Martín','Atl. Tucumán','0 - 1','V','hcai','gbfc'),('edcabji',1,'Central Córdoba','Aldosivi','1 - 0','L','beafh','hccd'),('edcabjj',2,'Riestra','San Martín','0 - 0','E','bbjea','hcai'),('edcaccf',16,'San Martín','Aldosivi',NULL,'E','hcai','hccd'),('edcaccg',15,'Lanús','San Martín',NULL,'E','igj','hcai'),('edcacch',15,'Aldosivi','Banfield',NULL,'E','hccd','ihi'),('edcacci',14,'San Martín','Godoy Cruz',NULL,'E','hcai','ihd'),('edcaccj',14,'Ind. Rivadavia','Aldosivi',NULL,'E','hcch','hccd'),('edcacda',13,'Independiente','San Martín','2 - 0','L','ihe','hcai'),('edcacdb',13,'Aldosivi','Racing','0 - 2','V','hccd','ihg'),('edcacdc',12,'San Martín','San Lorenzo','0 - 1','V','hcai','igf'),('edcacdd',12,'Huracán','Aldosivi','3 - 3','E','iie','hccd'),('edcacde',11,'Instituto','San Martín','1 - 0','L','hchc','hcai'),('edcacdf',11,'Aldosivi','Unión','2 - 1','L','hccd','hcag'),('edcacdg',10,'San Martín','Platense','0 - 2','V','hcai','hcah'),('edcacdh',10,'Argentinos','Aldosivi','0 - 2','V','ihb','hccd'),('edcacdi',9,'Aldosivi','Tigre','0 - 2','V','hccd','iid'),('edcacdj',9,'Vélez','San Martín','1 - 0','L','ihc','hcai'),('edcacea',8,'San Martín','Belgrano','3 - 1','L','hcai','fhid'),('edcaceb',8,'Aldosivi','Sarmiento','2 - 2','E','hccd','hbbh'),('edcacec',7,'San Martín','River','0 - 2','V','hcai','igi'),('edcaced',7,'Boca Jrs.','Aldosivi','2 - 1','L','igg','hccd'),('edcacee',6,'Gimnasia','San Martín','1 - 0','L','iia','hcai'),('edcacef',6,'Aldosivi','Estudiantes','2 - 2','E','hccd','igh'),('edcaceg',5,'San Martín','Talleres','0 - 1','V','hcai','jche'),('edcaceh',5,'Belgrano','Aldosivi','2 - 0','L','fhid','hccd'),('edcacei',4,'Sarmiento','San Martín','1 - 1','E','hbbh','hcai'),('edcacej',4,'Aldosivi','Barracas','1 - 3','V','hccd','jafb'),('edcacfa',3,'San Martín','Central','0 - 0','E','hcai','ihf'),('edcacfb',3,'Newell\'s','Aldosivi','1 - 0','L','ihh','hccd');
/*!40000 ALTER TABLE `games` ENABLE KEYS */;
UNLOCK TABLES;

--
-- Table structure for table `jackpots`
--

DROP TABLE IF EXISTS `jackpots`;
/*!40101 SET @saved_cs_client     = @@character_set_client */;
/*!50503 SET character_set_client = utf8mb4 */;
CREATE TABLE `jackpots` (
  `id` int NOT NULL AUTO_INCREMENT,
  `total_credits` int NOT NULL DEFAULT '0',
  PRIMARY KEY (`id`)
) ENGINE=InnoDB AUTO_INCREMENT=2 DEFAULT CHARSET=utf8mb4 COLLATE=utf8mb4_0900_ai_ci;
/*!40101 SET character_set_client = @saved_cs_client */;

--
-- Dumping data for table `jackpots`
--

LOCK TABLES `jackpots` WRITE;
/*!40000 ALTER TABLE `jackpots` DISABLE KEYS */;
INSERT INTO `jackpots` VALUES (1,732);
/*!40000 ALTER TABLE `jackpots` ENABLE KEYS */;
UNLOCK TABLES;

--
-- Table structure for table `pools`
--

DROP TABLE IF EXISTS `pools`;
/*!40101 SET @saved_cs_client     = @@character_set_client */;
/*!50503 SET character_set_client = utf8mb4 */;
CREATE TABLE `pools` (
  `id` int NOT NULL AUTO_INCREMENT,
  `date_id` int NOT NULL,
  `credits` int NOT NULL DEFAULT '0',
  PRIMARY KEY (`id`),
  KEY `date_id` (`date_id`),
  CONSTRAINT `pools_ibfk_1` FOREIGN KEY (`date_id`) REFERENCES `dates` (`id`) ON DELETE CASCADE ON UPDATE CASCADE
) ENGINE=InnoDB AUTO_INCREMENT=16 DEFAULT CHARSET=utf8mb4 COLLATE=utf8mb4_0900_ai_ci;
/*!40101 SET character_set_client = @saved_cs_client */;

--
-- Dumping data for table `pools`
--

LOCK TABLES `pools` WRITE;
/*!40000 ALTER TABLE `pools` DISABLE KEYS */;
INSERT INTO `pools` VALUES (1,13,53),(2,14,53),(3,1,52),(4,2,52),(5,3,52),(6,4,52),(7,5,52),(8,6,52),(9,7,52),(10,8,52),(11,9,52),(12,10,52),(13,11,52),(14,12,52),(15,15,2);
/*!40000 ALTER TABLE `pools` ENABLE KEYS */;
UNLOCK TABLES;

--
-- Table structure for table `predictions`
--

DROP TABLE IF EXISTS `predictions`;
/*!40101 SET @saved_cs_client     = @@character_set_client */;
/*!50503 SET character_set_client = utf8mb4 */;
CREATE TABLE `predictions` (
  `id` int NOT NULL AUTO_INCREMENT,
  `user_id` varchar(100) NOT NULL,
  `game_id` varchar(20) NOT NULL,
  `prediction` enum('L','V','E') NOT NULL,
  PRIMARY KEY (`id`),
  UNIQUE KEY `unique_prediction` (`user_id`,`game_id`),
  KEY `game_id` (`game_id`),
  CONSTRAINT `predictions_ibfk_1` FOREIGN KEY (`user_id`) REFERENCES `users` (`id`),
  CONSTRAINT `predictions_ibfk_2` FOREIGN KEY (`game_id`) REFERENCES `games` (`id`)
) ENGINE=InnoDB AUTO_INCREMENT=10951 DEFAULT CHARSET=utf8mb4 COLLATE=utf8mb4_0900_ai_ci;
/*!40101 SET character_set_client = @saved_cs_client */;

--
-- Dumping data for table `predictions`
--

LOCK TABLES `predictions` WRITE;
/*!40000 ALTER TABLE `predictions` DISABLE KEYS */;
INSERT INTO `predictions` VALUES (1,'1','edbjigf','E'),(2,'1','edbjigg','E'),(3,'1','edbjigh','L'),(4,'1','edbjigi','E'),(5,'1','edbjigj','L'),(6,'1','edbjiha','L'),(7,'1','edbjihb','L'),(8,'1','edbjihc','V'),(9,'1','edbjihd','E'),(10,'1','edbjihe','L'),(11,'1','edbjihf','E'),(12,'1','edbjihg','E'),(13,'1','edbjihh','L'),(14,'1','edcabjh','E'),(15,'1','edcabji','V'),(16,'1','edbjifc','L'),(17,'1','edbjifd','V'),(18,'1','edbjife','V'),(19,'1','edbjiff','L'),(20,'1','edbjifg','E'),(21,'1','edbjifh','E'),(22,'1','edbjifi','V'),(23,'1','edbjifj','L'),(24,'1','edbjiga','V'),(25,'1','edbjigb','V'),(26,'1','edbjigc','E'),(27,'1','edbjigd','E'),(28,'1','edbjige','V'),(29,'1','edcabjg','E'),(30,'1','edcabjj','E'),(31,'1','edbjidi','V'),(32,'1','edbjiea','E'),(33,'1','edbjieb','E'),(34,'1','edbjiec','E'),(35,'1','edbjied','V'),(36,'1','edbjiee','L'),(37,'1','edbjief','L'),(38,'1','edbjieg','L'),(39,'1','edbjieh','L'),(40,'1','edbjiei','V'),(41,'1','edbjiej','V'),(42,'1','edbjifa','L'),(43,'1','edbjifb','E'),(44,'1','edcacfa','L'),(45,'1','edcacfb','E'),(46,'1','edbjicg','V'),(47,'1','edbjich','V'),(48,'1','edbjici','L'),(49,'1','edbjicj','E'),(50,'1','edbjida','V'),(51,'1','edbjidb','V'),(52,'1','edbjidc','V'),(53,'1','edbjidd','V'),(54,'1','edbjide','E'),(55,'1','edbjidf','E'),(56,'1','edbjidg','V'),(57,'1','edbjidh','E'),(58,'1','edbjidj','V'),(59,'1','edcacei','V'),(60,'1','edcacej','L'),(61,'1','edbjibd','V'),(62,'1','edbjibe','E'),(63,'1','edbjibf','E'),(64,'1','edbjibg','V'),(65,'1','edbjibh','L'),(66,'1','edbjibi','V'),(67,'1','edbjibj','E'),(68,'1','edbjica','V'),(69,'1','edbjicb','L'),(70,'1','edbjicc','E'),(71,'1','edbjicd','E'),(72,'1','edbjice','E'),(73,'1','edbjicf','E'),(74,'1','edcaceg','E'),(75,'1','edcaceh','V'),(76,'1','edbjiaa','V'),(77,'1','edbjiab','E'),(78,'1','edbjiac','E'),(79,'1','edbjiad','L'),(80,'1','edbjiae','V'),(81,'1','edbjiaf','E'),(82,'1','edbjiag','E'),(83,'1','edbjiah','E'),(84,'1','edbjiai','V'),(85,'1','edbjiaj','V'),(86,'1','edbjiba','E'),(87,'1','edbjibb','L'),(88,'1','edbjibc','E'),(89,'1','edcacee','L'),(90,'1','edcacef','E'),(91,'1','edbjhih','E'),(92,'1','edbjhii','V'),(93,'1','edbjhij','E'),(94,'1','edbjhja','L'),(95,'1','edbjhjb','V'),(96,'1','edbjhjc','E'),(97,'1','edbjhjd','L'),(98,'1','edbjhje','L'),(99,'1','edbjhjf','E'),(100,'1','edbjhjg','E'),(101,'1','edbjhjh','V'),(102,'1','edbjhji','L'),(103,'1','edbjhjj','V'),(104,'1','edcacec','V'),(105,'1','edcaced','E'),(106,'1','edbjhhe','L'),(107,'1','edbjhhf','E'),(108,'1','edbjhhg','V'),(109,'1','edbjhhh','V'),(110,'1','edbjhhi','V'),(111,'1','edbjhhj','V'),(112,'1','edbjhia','E'),(113,'1','edbjhib','L'),(114,'1','edbjhic','V'),(115,'1','edbjhid','V'),(116,'1','edbjhie','L'),(117,'1','edbjhif','E'),(118,'1','edbjhig','L'),(119,'1','edcacea','L'),(120,'1','edcaceb','L'),(121,'1','edbjhgb','V'),(122,'1','edbjhgc','L'),(123,'1','edbjhgd','V'),(124,'1','edbjhge','E'),(125,'1','edbjhgf','L'),(126,'1','edbjhgg','E'),(127,'1','edbjhgh','V'),(128,'1','edbjhgi','V'),(129,'1','edbjhgj','V'),(130,'1','edbjhha','L'),(131,'1','edbjhhb','E'),(132,'1','edbjhhc','V'),(133,'1','edbjhhd','L'),(134,'1','edcacdi','L'),(135,'1','edcacdj','L'),(136,'1','edbjhei','E'),(137,'1','edbjhej','L'),(138,'1','edbjhfa','E'),(139,'1','edbjhfb','L'),(140,'1','edbjhfc','E'),(141,'1','edbjhfd','L'),(142,'1','edbjhfe','V'),(143,'1','edbjhff','E'),(144,'1','edbjhfg','E'),(145,'1','edbjhfh','V'),(146,'1','edbjhfi','L'),(147,'1','edbjhfj','V'),(148,'1','edbjhga','L'),(149,'1','edcacdg','L'),(150,'1','edcacdh','V'),(151,'1','edbjhdf','V'),(152,'1','edbjhdg','L'),(153,'1','edbjhdh','L'),(154,'1','edbjhdi','L'),(155,'1','edbjhdj','V'),(156,'1','edbjhea','E'),(157,'1','edbjheb','E'),(158,'1','edbjhec','V'),(159,'1','edbjhed','L'),(160,'1','edbjhee','V'),(161,'1','edbjhef','V'),(162,'1','edbjheg','E'),(163,'1','edbjheh','V'),(164,'1','edcacde','V'),(165,'1','edcacdf','L'),(166,'1','edbjhcc','V'),(167,'1','edbjhcd','L'),(168,'1','edbjhce','V'),(169,'1','edbjhcf','E'),(170,'1','edbjhcg','L'),(171,'1','edbjhch','L'),(172,'1','edbjhci','L'),(173,'1','edbjhcj','V'),(174,'1','edbjhda','E'),(175,'1','edbjhdb','L'),(176,'1','edbjhdc','E'),(177,'1','edbjhdd','V'),(178,'1','edbjhde','L'),(179,'1','edcacdc','L'),(180,'1','edcacdd','E'),(181,'1','edbjhaj','L'),(182,'1','edbjhba','V'),(183,'1','edbjhbb','L'),(184,'1','edbjhbc','E'),(185,'1','edbjhbd','V'),(186,'1','edbjhbe','V'),(187,'1','edbjhbf','V'),(188,'1','edbjhbg','E'),(189,'1','edbjhbh','L'),(190,'1','edbjhbi','L'),(191,'1','edbjhbj','L'),(192,'1','edbjhca','V'),(193,'1','edbjhcb','L'),(194,'1','edcacda','V'),(195,'1','edcacdb','E'),(196,'1','edbjgjg','V'),(197,'1','edbjgjh','L'),(198,'1','edbjgji','E'),(199,'1','edbjgjj','V'),(200,'1','edbjhaa','E'),(201,'1','edbjhab','E'),(202,'1','edbjhac','V'),(203,'1','edbjhad','L'),(204,'1','edbjhae','E'),(205,'1','edbjhaf','V'),(206,'1','edbjhag','E'),(207,'1','edbjhah','E'),(208,'1','edbjhai','E'),(209,'1','edcacci','V'),(210,'1','edcaccj','L'),(211,'2','edbjigf','V'),(212,'2','edbjigg','V'),(213,'2','edbjigh','L'),(214,'2','edbjigi','L'),(215,'2','edbjigj','L'),(216,'2','edbjiha','V'),(217,'2','edbjihb','E'),(218,'2','edbjihc','V'),(219,'2','edbjihd','E'),(220,'2','edbjihe','V'),(221,'2','edbjihf','L'),(222,'2','edbjihg','V'),(223,'2','edbjihh','L'),(224,'2','edcabjh','V'),(225,'2','edcabji','L'),(226,'2','edbjifc','E'),(227,'2','edbjifd','V'),(228,'2','edbjife','E'),(229,'2','edbjiff','V'),(230,'2','edbjifg','V'),(231,'2','edbjifh','V'),(232,'2','edbjifi','E'),(233,'2','edbjifj','E'),(234,'2','edbjiga','L'),(235,'2','edbjigb','V'),(236,'2','edbjigc','L'),(237,'2','edbjigd','L'),(238,'2','edbjige','L'),(239,'2','edcabjg','L'),(240,'2','edcabjj','E'),(241,'2','edbjidi','V'),(242,'2','edbjiea','E'),(243,'2','edbjieb','V'),(244,'2','edbjiec','L'),(245,'2','edbjied','L'),(246,'2','edbjiee','E'),(247,'2','edbjief','L'),(248,'2','edbjieg','E'),(249,'2','edbjieh','E'),(250,'2','edbjiei','E'),(251,'2','edbjiej','V'),(252,'2','edbjifa','E'),(253,'2','edbjifb','V'),(254,'2','edcacfa','V'),(255,'2','edcacfb','V'),(256,'2','edbjicg','L'),(257,'2','edbjich','V'),(258,'2','edbjici','E'),(259,'2','edbjicj','E'),(260,'2','edbjida','E'),(261,'2','edbjidb','E'),(262,'2','edbjidc','E'),(263,'2','edbjidd','V'),(264,'2','edbjide','L'),(265,'2','edbjidf','V'),(266,'2','edbjidg','L'),(267,'2','edbjidh','E'),(268,'2','edbjidj','L'),(269,'2','edcacei','V'),(270,'2','edcacej','L'),(271,'2','edbjibd','V'),(272,'2','edbjibe','E'),(273,'2','edbjibf','V'),(274,'2','edbjibg','L'),(275,'2','edbjibh','E'),(276,'2','edbjibi','E'),(277,'2','edbjibj','V'),(278,'2','edbjica','V'),(279,'2','edbjicb','V'),(280,'2','edbjicc','L'),(281,'2','edbjicd','E'),(282,'2','edbjice','E'),(283,'2','edbjicf','E'),(284,'2','edcaceg','L'),(285,'2','edcaceh','V'),(286,'2','edbjiaa','E'),(287,'2','edbjiab','L'),(288,'2','edbjiac','V'),(289,'2','edbjiad','E'),(290,'2','edbjiae','E'),(291,'2','edbjiaf','E'),(292,'2','edbjiag','L'),(293,'2','edbjiah','E'),(294,'2','edbjiai','L'),(295,'2','edbjiaj','L'),(296,'2','edbjiba','V'),(297,'2','edbjibb','E'),(298,'2','edbjibc','L'),(299,'2','edcacee','E'),(300,'2','edcacef','V'),(301,'2','edbjhih','V'),(302,'2','edbjhii','L'),(303,'2','edbjhij','V'),(304,'2','edbjhja','E'),(305,'2','edbjhjb','L'),(306,'2','edbjhjc','E'),(307,'2','edbjhjd','L'),(308,'2','edbjhje','L'),(309,'2','edbjhjf','L'),(310,'2','edbjhjg','V'),(311,'2','edbjhjh','L'),(312,'2','edbjhji','E'),(313,'2','edbjhjj','L'),(314,'2','edcacec','L'),(315,'2','edcaced','L'),(316,'2','edbjhhe','E'),(317,'2','edbjhhf','E'),(318,'2','edbjhhg','V'),(319,'2','edbjhhh','V'),(320,'2','edbjhhi','L'),(321,'2','edbjhhj','L'),(322,'2','edbjhia','E'),(323,'2','edbjhib','L'),(324,'2','edbjhic','V'),(325,'2','edbjhid','L'),(326,'2','edbjhie','E'),(327,'2','edbjhif','L'),(328,'2','edbjhig','V'),(329,'2','edcacea','L'),(330,'2','edcaceb','L'),(331,'2','edbjhgb','V'),(332,'2','edbjhgc','V'),(333,'2','edbjhgd','V'),(334,'2','edbjhge','E'),(335,'2','edbjhgf','E'),(336,'2','edbjhgg','V'),(337,'2','edbjhgh','V'),(338,'2','edbjhgi','V'),(339,'2','edbjhgj','E'),(340,'2','edbjhha','E'),(341,'2','edbjhhb','V'),(342,'2','edbjhhc','L'),(343,'2','edbjhhd','V'),(344,'2','edcacdi','V'),(345,'2','edcacdj','E'),(346,'2','edbjhei','E'),(347,'2','edbjhej','V'),(348,'2','edbjhfa','L'),(349,'2','edbjhfb','L'),(350,'2','edbjhfc','V'),(351,'2','edbjhfd','L'),(352,'2','edbjhfe','E'),(353,'2','edbjhff','L'),(354,'2','edbjhfg','E'),(355,'2','edbjhfh','E'),(356,'2','edbjhfi','L'),(357,'2','edbjhfj','E'),(358,'2','edbjhga','V'),(359,'2','edcacdg','V'),(360,'2','edcacdh','V'),(361,'2','edbjhdf','L'),(362,'2','edbjhdg','V'),(363,'2','edbjhdh','E'),(364,'2','edbjhdi','E'),(365,'2','edbjhdj','L'),(366,'2','edbjhea','V'),(367,'2','edbjheb','V'),(368,'2','edbjhec','V'),(369,'2','edbjhed','L'),(370,'2','edbjhee','L'),(371,'2','edbjhef','E'),(372,'2','edbjheg','E'),(373,'2','edbjheh','V'),(374,'2','edcacde','L'),(375,'2','edcacdf','L'),(376,'2','edbjhcc','E'),(377,'2','edbjhcd','L'),(378,'2','edbjhce','L'),(379,'2','edbjhcf','E'),(380,'2','edbjhcg','V'),(381,'2','edbjhch','E'),(382,'2','edbjhci','E'),(383,'2','edbjhcj','E'),(384,'2','edbjhda','L'),(385,'2','edbjhdb','L'),(386,'2','edbjhdc','L'),(387,'2','edbjhdd','V'),(388,'2','edbjhde','L'),(389,'2','edcacdc','V'),(390,'2','edcacdd','E'),(391,'2','edbjhaj','V'),(392,'2','edbjhba','E'),(393,'2','edbjhbb','V'),(394,'2','edbjhbc','E'),(395,'2','edbjhbd','E'),(396,'2','edbjhbe','L'),(397,'2','edbjhbf','L'),(398,'2','edbjhbg','L'),(399,'2','edbjhbh','L'),(400,'2','edbjhbi','E'),(401,'2','edbjhbj','L'),(402,'2','edbjhca','L'),(403,'2','edbjhcb','L'),(404,'2','edcacda','E'),(405,'2','edcacdb','E'),(406,'2','edbjgjg','L'),(407,'2','edbjgjh','E'),(408,'2','edbjgji','E'),(409,'2','edbjgjj','L'),(410,'2','edbjhaa','V'),(411,'2','edbjhab','L'),(412,'2','edbjhac','V'),(413,'2','edbjhad','L'),(414,'2','edbjhae','L'),(415,'2','edbjhaf','V'),(416,'2','edbjhag','E'),(417,'2','edbjhah','V'),(418,'2','edbjhai','E'),(419,'2','edcacci','L'),(420,'2','edcaccj','E'),(421,'3','edbjigf','E'),(422,'3','edbjigg','V'),(423,'3','edbjigh','L'),(424,'3','edbjigi','V'),(425,'3','edbjigj','L'),(426,'3','edbjiha','V'),(427,'3','edbjihb','L'),(428,'3','edbjihc','E'),(429,'3','edbjihd','V'),(430,'3','edbjihe','V'),(431,'3','edbjihf','V'),(432,'3','edbjihg','V'),(433,'3','edbjihh','E'),(434,'3','edcabjh','L'),(435,'3','edcabji','V'),(436,'3','edbjifc','V'),(437,'3','edbjifd','V'),(438,'3','edbjife','E'),(439,'3','edbjiff','V'),(440,'3','edbjifg','E'),(441,'3','edbjifh','L'),(442,'3','edbjifi','V'),(443,'3','edbjifj','L'),(444,'3','edbjiga','L'),(445,'3','edbjigb','L'),(446,'3','edbjigc','V'),(447,'3','edbjigd','E'),(448,'3','edbjige','E'),(449,'3','edcabjg','E'),(450,'3','edcabjj','E'),(451,'3','edbjidi','V'),(452,'3','edbjiea','V'),(453,'3','edbjieb','E'),(454,'3','edbjiec','E'),(455,'3','edbjied','E'),(456,'3','edbjiee','E'),(457,'3','edbjief','V'),(458,'3','edbjieg','L'),(459,'3','edbjieh','L'),(460,'3','edbjiei','L'),(461,'3','edbjiej','L'),(462,'3','edbjifa','V'),(463,'3','edbjifb','L'),(464,'3','edcacfa','L'),(465,'3','edcacfb','L'),(466,'3','edbjicg','V'),(467,'3','edbjich','L'),(468,'3','edbjici','E'),(469,'3','edbjicj','E'),(470,'3','edbjida','E'),(471,'3','edbjidb','E'),(472,'3','edbjidc','V'),(473,'3','edbjidd','E'),(474,'3','edbjide','E'),(475,'3','edbjidf','V'),(476,'3','edbjidg','E'),(477,'3','edbjidh','V'),(478,'3','edbjidj','E'),(479,'3','edcacei','E'),(480,'3','edcacej','L'),(481,'3','edbjibd','V'),(482,'3','edbjibe','V'),(483,'3','edbjibf','L'),(484,'3','edbjibg','V'),(485,'3','edbjibh','L'),(486,'3','edbjibi','V'),(487,'3','edbjibj','V'),(488,'3','edbjica','E'),(489,'3','edbjicb','E'),(490,'3','edbjicc','L'),(491,'3','edbjicd','E'),(492,'3','edbjice','L'),(493,'3','edbjicf','V'),(494,'3','edcaceg','L'),(495,'3','edcaceh','E'),(496,'3','edbjiaa','E'),(497,'3','edbjiab','V'),(498,'3','edbjiac','V'),(499,'3','edbjiad','V'),(500,'3','edbjiae','E'),(501,'3','edbjiaf','L'),(502,'3','edbjiag','V'),(503,'3','edbjiah','L'),(504,'3','edbjiai','L'),(505,'3','edbjiaj','L'),(506,'3','edbjiba','L'),(507,'3','edbjibb','E'),(508,'3','edbjibc','E'),(509,'3','edcacee','E'),(510,'3','edcacef','L'),(511,'3','edbjhih','E'),(512,'3','edbjhii','L'),(513,'3','edbjhij','L'),(514,'3','edbjhja','L'),(515,'3','edbjhjb','L'),(516,'3','edbjhjc','L'),(517,'3','edbjhjd','E'),(518,'3','edbjhje','V'),(519,'3','edbjhjf','E'),(520,'3','edbjhjg','V'),(521,'3','edbjhjh','E'),(522,'3','edbjhji','E'),(523,'3','edbjhjj','L'),(524,'3','edcacec','E'),(525,'3','edcaced','E'),(526,'3','edbjhhe','V'),(527,'3','edbjhhf','E'),(528,'3','edbjhhg','L'),(529,'3','edbjhhh','V'),(530,'3','edbjhhi','L'),(531,'3','edbjhhj','L'),(532,'3','edbjhia','E'),(533,'3','edbjhib','V'),(534,'3','edbjhic','L'),(535,'3','edbjhid','V'),(536,'3','edbjhie','E'),(537,'3','edbjhif','E'),(538,'3','edbjhig','L'),(539,'3','edcacea','E'),(540,'3','edcaceb','L'),(541,'3','edbjhgb','L'),(542,'3','edbjhgc','L'),(543,'3','edbjhgd','V'),(544,'3','edbjhge','L'),(545,'3','edbjhgf','L'),(546,'3','edbjhgg','L'),(547,'3','edbjhgh','E'),(548,'3','edbjhgi','E'),(549,'3','edbjhgj','L'),(550,'3','edbjhha','L'),(551,'3','edbjhhb','V'),(552,'3','edbjhhc','E'),(553,'3','edbjhhd','L'),(554,'3','edcacdi','L'),(555,'3','edcacdj','E'),(556,'3','edbjhei','L'),(557,'3','edbjhej','E'),(558,'3','edbjhfa','L'),(559,'3','edbjhfb','L'),(560,'3','edbjhfc','E'),(561,'3','edbjhfd','L'),(562,'3','edbjhfe','V'),(563,'3','edbjhff','E'),(564,'3','edbjhfg','L'),(565,'3','edbjhfh','E'),(566,'3','edbjhfi','E'),(567,'3','edbjhfj','V'),(568,'3','edbjhga','L'),(569,'3','edcacdg','L'),(570,'3','edcacdh','L'),(571,'3','edbjhdf','L'),(572,'3','edbjhdg','E'),(573,'3','edbjhdh','V'),(574,'3','edbjhdi','E'),(575,'3','edbjhdj','E'),(576,'3','edbjhea','L'),(577,'3','edbjheb','E'),(578,'3','edbjhec','L'),(579,'3','edbjhed','L'),(580,'3','edbjhee','L'),(581,'3','edbjhef','V'),(582,'3','edbjheg','V'),(583,'3','edbjheh','E'),(584,'3','edcacde','L'),(585,'3','edcacdf','E'),(586,'3','edbjhcc','E'),(587,'3','edbjhcd','V'),(588,'3','edbjhce','V'),(589,'3','edbjhcf','V'),(590,'3','edbjhcg','L'),(591,'3','edbjhch','L'),(592,'3','edbjhci','L'),(593,'3','edbjhcj','E'),(594,'3','edbjhda','L'),(595,'3','edbjhdb','V'),(596,'3','edbjhdc','E'),(597,'3','edbjhdd','L'),(598,'3','edbjhde','E'),(599,'3','edcacdc','E'),(600,'3','edcacdd','V'),(601,'3','edbjhaj','L'),(602,'3','edbjhba','E'),(603,'3','edbjhbb','V'),(604,'3','edbjhbc','V'),(605,'3','edbjhbd','V'),(606,'3','edbjhbe','V'),(607,'3','edbjhbf','L'),(608,'3','edbjhbg','V'),(609,'3','edbjhbh','E'),(610,'3','edbjhbi','V'),(611,'3','edbjhbj','V'),(612,'3','edbjhca','L'),(613,'3','edbjhcb','L'),(614,'3','edcacda','E'),(615,'3','edcacdb','V'),(616,'3','edbjgjg','V'),(617,'3','edbjgjh','E'),(618,'3','edbjgji','V'),(619,'3','edbjgjj','E'),(620,'3','edbjhaa','V'),(621,'3','edbjhab','V'),(622,'3','edbjhac','E'),(623,'3','edbjhad','E'),(624,'3','edbjhae','E'),(625,'3','edbjhaf','L'),(626,'3','edbjhag','L'),(627,'3','edbjhah','L'),(628,'3','edbjhai','L'),(629,'3','edcacci','L'),(630,'3','edcaccj','V'),(631,'4','edbjigf','V'),(632,'4','edbjigg','L'),(633,'4','edbjigh','V'),(634,'4','edbjigi','V'),(635,'4','edbjigj','L'),(636,'4','edbjiha','L'),(637,'4','edbjihb','V'),(638,'4','edbjihc','E'),(639,'4','edbjihd','V'),(640,'4','edbjihe','V'),(641,'4','edbjihf','E'),(642,'4','edbjihg','V'),(643,'4','edbjihh','V'),(644,'4','edcabjh','E'),(645,'4','edcabji','L'),(646,'4','edbjifc','V'),(647,'4','edbjifd','L'),(648,'4','edbjife','L'),(649,'4','edbjiff','L'),(650,'4','edbjifg','V'),(651,'4','edbjifh','L'),(652,'4','edbjifi','E'),(653,'4','edbjifj','E'),(654,'4','edbjiga','L'),(655,'4','edbjigb','L'),(656,'4','edbjigc','L'),(657,'4','edbjigd','E'),(658,'4','edbjige','L'),(659,'4','edcabjg','V'),(660,'4','edcabjj','E'),(661,'4','edbjidi','V'),(662,'4','edbjiea','V'),(663,'4','edbjieb','L'),(664,'4','edbjiec','V'),(665,'4','edbjied','E'),(666,'4','edbjiee','V'),(667,'4','edbjief','V'),(668,'4','edbjieg','E'),(669,'4','edbjieh','E'),(670,'4','edbjiei','V'),(671,'4','edbjiej','V'),(672,'4','edbjifa','L'),(673,'4','edbjifb','L'),(674,'4','edcacfa','E'),(675,'4','edcacfb','L'),(676,'4','edbjicg','E'),(677,'4','edbjich','E'),(678,'4','edbjici','E'),(679,'4','edbjicj','V'),(680,'4','edbjida','E'),(681,'4','edbjidb','E'),(682,'4','edbjidc','V'),(683,'4','edbjidd','V'),(684,'4','edbjide','E'),(685,'4','edbjidf','L'),(686,'4','edbjidg','V'),(687,'4','edbjidh','L'),(688,'4','edbjidj','E'),(689,'4','edcacei','L'),(690,'4','edcacej','E'),(691,'4','edbjibd','V'),(692,'4','edbjibe','E'),(693,'4','edbjibf','L'),(694,'4','edbjibg','L'),(695,'4','edbjibh','V'),(696,'4','edbjibi','V'),(697,'4','edbjibj','L'),(698,'4','edbjica','E'),(699,'4','edbjicb','E'),(700,'4','edbjicc','L'),(701,'4','edbjicd','E'),(702,'4','edbjice','V'),(703,'4','edbjicf','L'),(704,'4','edcaceg','V'),(705,'4','edcaceh','E'),(706,'4','edbjiaa','L'),(707,'4','edbjiab','E'),(708,'4','edbjiac','L'),(709,'4','edbjiad','V'),(710,'4','edbjiae','V'),(711,'4','edbjiaf','L'),(712,'4','edbjiag','E'),(713,'4','edbjiah','E'),(714,'4','edbjiai','V'),(715,'4','edbjiaj','L'),(716,'4','edbjiba','E'),(717,'4','edbjibb','E'),(718,'4','edbjibc','L'),(719,'4','edcacee','E'),(720,'4','edcacef','V'),(721,'4','edbjhih','V'),(722,'4','edbjhii','E'),(723,'4','edbjhij','V'),(724,'4','edbjhja','E'),(725,'4','edbjhjb','L'),(726,'4','edbjhjc','V'),(727,'4','edbjhjd','V'),(728,'4','edbjhje','V'),(729,'4','edbjhjf','E'),(730,'4','edbjhjg','E'),(731,'4','edbjhjh','L'),(732,'4','edbjhji','V'),(733,'4','edbjhjj','E'),(734,'4','edcacec','V'),(735,'4','edcaced','L'),(736,'4','edbjhhe','E'),(737,'4','edbjhhf','L'),(738,'4','edbjhhg','L'),(739,'4','edbjhhh','E'),(740,'4','edbjhhi','E'),(741,'4','edbjhhj','L'),(742,'4','edbjhia','E'),(743,'4','edbjhib','V'),(744,'4','edbjhic','E'),(745,'4','edbjhid','E'),(746,'4','edbjhie','V'),(747,'4','edbjhif','L'),(748,'4','edbjhig','L'),(749,'4','edcacea','V'),(750,'4','edcaceb','E'),(751,'4','edbjhgb','V'),(752,'4','edbjhgc','V'),(753,'4','edbjhgd','L'),(754,'4','edbjhge','V'),(755,'4','edbjhgf','L'),(756,'4','edbjhgg','L'),(757,'4','edbjhgh','L'),(758,'4','edbjhgi','E'),(759,'4','edbjhgj','V'),(760,'4','edbjhha','V'),(761,'4','edbjhhb','E'),(762,'4','edbjhhc','E'),(763,'4','edbjhhd','E'),(764,'4','edcacdi','E'),(765,'4','edcacdj','V'),(766,'4','edbjhei','L'),(767,'4','edbjhej','V'),(768,'4','edbjhfa','E'),(769,'4','edbjhfb','L'),(770,'4','edbjhfc','L'),(771,'4','edbjhfd','L'),(772,'4','edbjhfe','V'),(773,'4','edbjhff','L'),(774,'4','edbjhfg','L'),(775,'4','edbjhfh','L'),(776,'4','edbjhfi','L'),(777,'4','edbjhfj','V'),(778,'4','edbjhga','V'),(779,'4','edcacdg','E'),(780,'4','edcacdh','L'),(781,'4','edbjhdf','E'),(782,'4','edbjhdg','L'),(783,'4','edbjhdh','E'),(784,'4','edbjhdi','V'),(785,'4','edbjhdj','E'),(786,'4','edbjhea','E'),(787,'4','edbjheb','E'),(788,'4','edbjhec','E'),(789,'4','edbjhed','E'),(790,'4','edbjhee','V'),(791,'4','edbjhef','V'),(792,'4','edbjheg','L'),(793,'4','edbjheh','V'),(794,'4','edcacde','E'),(795,'4','edcacdf','V'),(796,'4','edbjhcc','V'),(797,'4','edbjhcd','V'),(798,'4','edbjhce','E'),(799,'4','edbjhcf','V'),(800,'4','edbjhcg','L'),(801,'4','edbjhch','V'),(802,'4','edbjhci','L'),(803,'4','edbjhcj','V'),(804,'4','edbjhda','L'),(805,'4','edbjhdb','E'),(806,'4','edbjhdc','E'),(807,'4','edbjhdd','V'),(808,'4','edbjhde','E'),(809,'4','edcacdc','V'),(810,'4','edcacdd','V'),(811,'4','edbjhaj','V'),(812,'4','edbjhba','L'),(813,'4','edbjhbb','E'),(814,'4','edbjhbc','L'),(815,'4','edbjhbd','E'),(816,'4','edbjhbe','V'),(817,'4','edbjhbf','E'),(818,'4','edbjhbg','E'),(819,'4','edbjhbh','V'),(820,'4','edbjhbi','E'),(821,'4','edbjhbj','E'),(822,'4','edbjhca','L'),(823,'4','edbjhcb','E'),(824,'4','edcacda','V'),(825,'4','edcacdb','V'),(826,'4','edbjgjg','V'),(827,'4','edbjgjh','L'),(828,'4','edbjgji','E'),(829,'4','edbjgjj','L'),(830,'4','edbjhaa','E'),(831,'4','edbjhab','V'),(832,'4','edbjhac','V'),(833,'4','edbjhad','V'),(834,'4','edbjhae','L'),(835,'4','edbjhaf','V'),(836,'4','edbjhag','V'),(837,'4','edbjhah','E'),(838,'4','edbjhai','E'),(839,'4','edcacci','E'),(840,'4','edcaccj','E'),(841,'5','edbjigf','V'),(842,'5','edbjigg','E'),(843,'5','edbjigh','L'),(844,'5','edbjigi','V'),(845,'5','edbjigj','E'),(846,'5','edbjiha','V'),(847,'5','edbjihb','E'),(848,'5','edbjihc','L'),(849,'5','edbjihd','E'),(850,'5','edbjihe','L'),(851,'5','edbjihf','E'),(852,'5','edbjihg','L'),(853,'5','edbjihh','E'),(854,'5','edcabjh','L'),(855,'5','edcabji','V'),(856,'5','edbjifc','L'),(857,'5','edbjifd','E'),(858,'5','edbjife','L'),(859,'5','edbjiff','E'),(860,'5','edbjifg','L'),(861,'5','edbjifh','L'),(862,'5','edbjifi','V'),(863,'5','edbjifj','E'),(864,'5','edbjiga','E'),(865,'5','edbjigb','V'),(866,'5','edbjigc','L'),(867,'5','edbjigd','E'),(868,'5','edbjige','V'),(869,'5','edcabjg','E'),(870,'5','edcabjj','E'),(871,'5','edbjidi','E'),(872,'5','edbjiea','E'),(873,'5','edbjieb','L'),(874,'5','edbjiec','L'),(875,'5','edbjied','E'),(876,'5','edbjiee','V'),(877,'5','edbjief','V'),(878,'5','edbjieg','L'),(879,'5','edbjieh','V'),(880,'5','edbjiei','L'),(881,'5','edbjiej','L'),(882,'5','edbjifa','V'),(883,'5','edbjifb','V'),(884,'5','edcacfa','V'),(885,'5','edcacfb','E'),(886,'5','edbjicg','L'),(887,'5','edbjich','V'),(888,'5','edbjici','L'),(889,'5','edbjicj','V'),(890,'5','edbjida','E'),(891,'5','edbjidb','L'),(892,'5','edbjidc','V'),(893,'5','edbjidd','V'),(894,'5','edbjide','V'),(895,'5','edbjidf','E'),(896,'5','edbjidg','E'),(897,'5','edbjidh','L'),(898,'5','edbjidj','E'),(899,'5','edcacei','V'),(900,'5','edcacej','V'),(901,'5','edbjibd','E'),(902,'5','edbjibe','L'),(903,'5','edbjibf','E'),(904,'5','edbjibg','V'),(905,'5','edbjibh','V'),(906,'5','edbjibi','E'),(907,'5','edbjibj','E'),(908,'5','edbjica','L'),(909,'5','edbjicb','E'),(910,'5','edbjicc','V'),(911,'5','edbjicd','E'),(912,'5','edbjice','L'),(913,'5','edbjicf','L'),(914,'5','edcaceg','L'),(915,'5','edcaceh','L'),(916,'5','edbjiaa','E'),(917,'5','edbjiab','E'),(918,'5','edbjiac','V'),(919,'5','edbjiad','V'),(920,'5','edbjiae','V'),(921,'5','edbjiaf','V'),(922,'5','edbjiag','V'),(923,'5','edbjiah','L'),(924,'5','edbjiai','V'),(925,'5','edbjiaj','V'),(926,'5','edbjiba','V'),(927,'5','edbjibb','L'),(928,'5','edbjibc','V'),(929,'5','edcacee','E'),(930,'5','edcacef','L'),(931,'5','edbjhih','L'),(932,'5','edbjhii','V'),(933,'5','edbjhij','V'),(934,'5','edbjhja','L'),(935,'5','edbjhjb','V'),(936,'5','edbjhjc','L'),(937,'5','edbjhjd','L'),(938,'5','edbjhje','V'),(939,'5','edbjhjf','E'),(940,'5','edbjhjg','E'),(941,'5','edbjhjh','V'),(942,'5','edbjhji','V'),(943,'5','edbjhjj','L'),(944,'5','edcacec','V'),(945,'5','edcaced','V'),(946,'5','edbjhhe','E'),(947,'5','edbjhhf','L'),(948,'5','edbjhhg','L'),(949,'5','edbjhhh','V'),(950,'5','edbjhhi','L'),(951,'5','edbjhhj','L'),(952,'5','edbjhia','E'),(953,'5','edbjhib','L'),(954,'5','edbjhic','L'),(955,'5','edbjhid','V'),(956,'5','edbjhie','E'),(957,'5','edbjhif','L'),(958,'5','edbjhig','E'),(959,'5','edcacea','L'),(960,'5','edcaceb','L'),(961,'5','edbjhgb','V'),(962,'5','edbjhgc','L'),(963,'5','edbjhgd','E'),(964,'5','edbjhge','V'),(965,'5','edbjhgf','L'),(966,'5','edbjhgg','E'),(967,'5','edbjhgh','L'),(968,'5','edbjhgi','L'),(969,'5','edbjhgj','L'),(970,'5','edbjhha','E'),(971,'5','edbjhhb','E'),(972,'5','edbjhhc','E'),(973,'5','edbjhhd','V'),(974,'5','edcacdi','L'),(975,'5','edcacdj','L'),(976,'5','edbjhei','L'),(977,'5','edbjhej','E'),(978,'5','edbjhfa','V'),(979,'5','edbjhfb','L'),(980,'5','edbjhfc','E'),(981,'5','edbjhfd','E'),(982,'5','edbjhfe','E'),(983,'5','edbjhff','E'),(984,'5','edbjhfg','E'),(985,'5','edbjhfh','V'),(986,'5','edbjhfi','V'),(987,'5','edbjhfj','V'),(988,'5','edbjhga','V'),(989,'5','edcacdg','E'),(990,'5','edcacdh','L'),(991,'5','edbjhdf','V'),(992,'5','edbjhdg','E'),(993,'5','edbjhdh','L'),(994,'5','edbjhdi','L'),(995,'5','edbjhdj','V'),(996,'5','edbjhea','E'),(997,'5','edbjheb','V'),(998,'5','edbjhec','L'),(999,'5','edbjhed','E'),(1000,'5','edbjhee','E'),(1001,'5','edbjhef','V'),(1002,'5','edbjheg','E'),(1003,'5','edbjheh','E'),(1004,'5','edcacde','E'),(1005,'5','edcacdf','V'),(1006,'5','edbjhcc','E'),(1007,'5','edbjhcd','E'),(1008,'5','edbjhce','V'),(1009,'5','edbjhcf','V'),(1010,'5','edbjhcg','L'),(1011,'5','edbjhch','E'),(1012,'5','edbjhci','E'),(1013,'5','edbjhcj','L'),(1014,'5','edbjhda','V'),(1015,'5','edbjhdb','V'),(1016,'5','edbjhdc','L'),(1017,'5','edbjhdd','V'),(1018,'5','edbjhde','V'),(1019,'5','edcacdc','E'),(1020,'5','edcacdd','V'),(1021,'5','edbjhaj','E'),(1022,'5','edbjhba','V'),(1023,'5','edbjhbb','L'),(1024,'5','edbjhbc','L'),(1025,'5','edbjhbd','L'),(1026,'5','edbjhbe','V'),(1027,'5','edbjhbf','E'),(1028,'5','edbjhbg','E'),(1029,'5','edbjhbh','E'),(1030,'5','edbjhbi','E'),(1031,'5','edbjhbj','E'),(1032,'5','edbjhca','E'),(1033,'5','edbjhcb','E'),(1034,'5','edcacda','L'),(1035,'5','edcacdb','V'),(1036,'5','edbjgjg','L'),(1037,'5','edbjgjh','L'),(1038,'5','edbjgji','L'),(1039,'5','edbjgjj','L'),(1040,'5','edbjhaa','E'),(1041,'5','edbjhab','V'),(1042,'5','edbjhac','E'),(1043,'5','edbjhad','L'),(1044,'5','edbjhae','E'),(1045,'5','edbjhaf','E'),(1046,'5','edbjhag','V'),(1047,'5','edbjhah','V'),(1048,'5','edbjhai','V'),(1049,'5','edcacci','V'),(1050,'5','edcaccj','L'),(1051,'6','edbjigf','E'),(1052,'6','edbjigg','V'),(1053,'6','edbjigh','V'),(1054,'6','edbjigi','E'),(1055,'6','edbjigj','V'),(1056,'6','edbjiha','V'),(1057,'6','edbjihb','V'),(1058,'6','edbjihc','E'),(1059,'6','edbjihd','V'),(1060,'6','edbjihe','L'),(1061,'6','edbjihf','L'),(1062,'6','edbjihg','V'),(1063,'6','edbjihh','L'),(1064,'6','edcabjh','V'),(1065,'6','edcabji','L'),(1066,'6','edbjifc','E'),(1067,'6','edbjifd','E'),(1068,'6','edbjife','V'),(1069,'6','edbjiff','V'),(1070,'6','edbjifg','L'),(1071,'6','edbjifh','L'),(1072,'6','edbjifi','L'),(1073,'6','edbjifj','L'),(1074,'6','edbjiga','E'),(1075,'6','edbjigb','V'),(1076,'6','edbjigc','E'),(1077,'6','edbjigd','L'),(1078,'6','edbjige','E'),(1079,'6','edcabjg','V'),(1080,'6','edcabjj','V'),(1081,'6','edbjidi','V'),(1082,'6','edbjiea','V'),(1083,'6','edbjieb','V'),(1084,'6','edbjiec','V'),(1085,'6','edbjied','V'),(1086,'6','edbjiee','E'),(1087,'6','edbjief','L'),(1088,'6','edbjieg','V'),(1089,'6','edbjieh','V'),(1090,'6','edbjiei','E'),(1091,'6','edbjiej','L'),(1092,'6','edbjifa','V'),(1093,'6','edbjifb','V'),(1094,'6','edcacfa','L'),(1095,'6','edcacfb','E'),(1096,'6','edbjicg','E'),(1097,'6','edbjich','E'),(1098,'6','edbjici','L'),(1099,'6','edbjicj','L'),(1100,'6','edbjida','V'),(1101,'6','edbjidb','E'),(1102,'6','edbjidc','E'),(1103,'6','edbjidd','L'),(1104,'6','edbjide','L'),(1105,'6','edbjidf','E'),(1106,'6','edbjidg','E'),(1107,'6','edbjidh','V'),(1108,'6','edbjidj','E'),(1109,'6','edcacei','E'),(1110,'6','edcacej','L'),(1111,'6','edbjibd','L'),(1112,'6','edbjibe','E'),(1113,'6','edbjibf','V'),(1114,'6','edbjibg','E'),(1115,'6','edbjibh','E'),(1116,'6','edbjibi','V'),(1117,'6','edbjibj','L'),(1118,'6','edbjica','L'),(1119,'6','edbjicb','E'),(1120,'6','edbjicc','V'),(1121,'6','edbjicd','E'),(1122,'6','edbjice','L'),(1123,'6','edbjicf','L'),(1124,'6','edcaceg','E'),(1125,'6','edcaceh','V'),(1126,'6','edbjiaa','L'),(1127,'6','edbjiab','E'),(1128,'6','edbjiac','L'),(1129,'6','edbjiad','L'),(1130,'6','edbjiae','V'),(1131,'6','edbjiaf','V'),(1132,'6','edbjiag','E'),(1133,'6','edbjiah','V'),(1134,'6','edbjiai','V'),(1135,'6','edbjiaj','V'),(1136,'6','edbjiba','L'),(1137,'6','edbjibb','V'),(1138,'6','edbjibc','E'),(1139,'6','edcacee','E'),(1140,'6','edcacef','E'),(1141,'6','edbjhih','L'),(1142,'6','edbjhii','E'),(1143,'6','edbjhij','L'),(1144,'6','edbjhja','V'),(1145,'6','edbjhjb','L'),(1146,'6','edbjhjc','E'),(1147,'6','edbjhjd','E'),(1148,'6','edbjhje','V'),(1149,'6','edbjhjf','L'),(1150,'6','edbjhjg','E'),(1151,'6','edbjhjh','E'),(1152,'6','edbjhji','E'),(1153,'6','edbjhjj','V'),(1154,'6','edcacec','E'),(1155,'6','edcaced','E'),(1156,'6','edbjhhe','E'),(1157,'6','edbjhhf','L'),(1158,'6','edbjhhg','E'),(1159,'6','edbjhhh','L'),(1160,'6','edbjhhi','E'),(1161,'6','edbjhhj','L'),(1162,'6','edbjhia','V'),(1163,'6','edbjhib','E'),(1164,'6','edbjhic','V'),(1165,'6','edbjhid','E'),(1166,'6','edbjhie','V'),(1167,'6','edbjhif','E'),(1168,'6','edbjhig','V'),(1169,'6','edcacea','L'),(1170,'6','edcaceb','L'),(1171,'6','edbjhgb','V'),(1172,'6','edbjhgc','L'),(1173,'6','edbjhgd','V'),(1174,'6','edbjhge','L'),(1175,'6','edbjhgf','L'),(1176,'6','edbjhgg','L'),(1177,'6','edbjhgh','L'),(1178,'6','edbjhgi','L'),(1179,'6','edbjhgj','E'),(1180,'6','edbjhha','L'),(1181,'6','edbjhhb','E'),(1182,'6','edbjhhc','E'),(1183,'6','edbjhhd','L'),(1184,'6','edcacdi','V'),(1185,'6','edcacdj','V'),(1186,'6','edbjhei','L'),(1187,'6','edbjhej','V'),(1188,'6','edbjhfa','V'),(1189,'6','edbjhfb','E'),(1190,'6','edbjhfc','E'),(1191,'6','edbjhfd','V'),(1192,'6','edbjhfe','L'),(1193,'6','edbjhff','E'),(1194,'6','edbjhfg','L'),(1195,'6','edbjhfh','E'),(1196,'6','edbjhfi','L'),(1197,'6','edbjhfj','L'),(1198,'6','edbjhga','E'),(1199,'6','edcacdg','E'),(1200,'6','edcacdh','L'),(1201,'6','edbjhdf','E'),(1202,'6','edbjhdg','V'),(1203,'6','edbjhdh','E'),(1204,'6','edbjhdi','V'),(1205,'6','edbjhdj','E'),(1206,'6','edbjhea','E'),(1207,'6','edbjheb','V'),(1208,'6','edbjhec','V'),(1209,'6','edbjhed','L'),(1210,'6','edbjhee','E'),(1211,'6','edbjhef','E'),(1212,'6','edbjheg','V'),(1213,'6','edbjheh','L'),(1214,'6','edcacde','V'),(1215,'6','edcacdf','L'),(1216,'6','edbjhcc','V'),(1217,'6','edbjhcd','V'),(1218,'6','edbjhce','V'),(1219,'6','edbjhcf','E'),(1220,'6','edbjhcg','L'),(1221,'6','edbjhch','V'),(1222,'6','edbjhci','E'),(1223,'6','edbjhcj','L'),(1224,'6','edbjhda','E'),(1225,'6','edbjhdb','L'),(1226,'6','edbjhdc','L'),(1227,'6','edbjhdd','V'),(1228,'6','edbjhde','E'),(1229,'6','edcacdc','V'),(1230,'6','edcacdd','L'),(1231,'6','edbjhaj','E'),(1232,'6','edbjhba','L'),(1233,'6','edbjhbb','V'),(1234,'6','edbjhbc','E'),(1235,'6','edbjhbd','E'),(1236,'6','edbjhbe','E'),(1237,'6','edbjhbf','E'),(1238,'6','edbjhbg','E'),(1239,'6','edbjhbh','E'),(1240,'6','edbjhbi','L'),(1241,'6','edbjhbj','L'),(1242,'6','edbjhca','L'),(1243,'6','edbjhcb','E'),(1244,'6','edcacda','V'),(1245,'6','edcacdb','E'),(1246,'6','edbjgjg','L'),(1247,'6','edbjgjh','V'),(1248,'6','edbjgji','V'),(1249,'6','edbjgjj','V'),(1250,'6','edbjhaa','E'),(1251,'6','edbjhab','E'),(1252,'6','edbjhac','V'),(1253,'6','edbjhad','E'),(1254,'6','edbjhae','L'),(1255,'6','edbjhaf','V'),(1256,'6','edbjhag','L'),(1257,'6','edbjhah','L'),(1258,'6','edbjhai','V'),(1259,'6','edcacci','L'),(1260,'6','edcaccj','V'),(1261,'7','edbjigf','E'),(1262,'7','edbjigg','V'),(1263,'7','edbjigh','L'),(1264,'7','edbjigi','E'),(1265,'7','edbjigj','L'),(1266,'7','edbjiha','V'),(1267,'7','edbjihb','E'),(1268,'7','edbjihc','V'),(1269,'7','edbjihd','L'),(1270,'7','edbjihe','E'),(1271,'7','edbjihf','V'),(1272,'7','edbjihg','L'),(1273,'7','edbjihh','V'),(1274,'7','edcabjh','L'),(1275,'7','edcabji','L'),(1276,'7','edbjifc','E'),(1277,'7','edbjifd','E'),(1278,'7','edbjife','L'),(1279,'7','edbjiff','E'),(1280,'7','edbjifg','V'),(1281,'7','edbjifh','L'),(1282,'7','edbjifi','V'),(1283,'7','edbjifj','L'),(1284,'7','edbjiga','V'),(1285,'7','edbjigb','L'),(1286,'7','edbjigc','E'),(1287,'7','edbjigd','L'),(1288,'7','edbjige','L'),(1289,'7','edcabjg','L'),(1290,'7','edcabjj','E'),(1291,'7','edbjidi','E'),(1292,'7','edbjiea','V'),(1293,'7','edbjieb','L'),(1294,'7','edbjiec','E'),(1295,'7','edbjied','V'),(1296,'7','edbjiee','L'),(1297,'7','edbjief','L'),(1298,'7','edbjieg','L'),(1299,'7','edbjieh','V'),(1300,'7','edbjiei','V'),(1301,'7','edbjiej','E'),(1302,'7','edbjifa','E'),(1303,'7','edbjifb','V'),(1304,'7','edcacfa','E'),(1305,'7','edcacfb','L'),(1306,'7','edbjicg','E'),(1307,'7','edbjich','L'),(1308,'7','edbjici','L'),(1309,'7','edbjicj','E'),(1310,'7','edbjida','L'),(1311,'7','edbjidb','V'),(1312,'7','edbjidc','V'),(1313,'7','edbjidd','E'),(1314,'7','edbjide','V'),(1315,'7','edbjidf','L'),(1316,'7','edbjidg','V'),(1317,'7','edbjidh','V'),(1318,'7','edbjidj','V'),(1319,'7','edcacei','V'),(1320,'7','edcacej','V'),(1321,'7','edbjibd','E'),(1322,'7','edbjibe','V'),(1323,'7','edbjibf','V'),(1324,'7','edbjibg','E'),(1325,'7','edbjibh','V'),(1326,'7','edbjibi','V'),(1327,'7','edbjibj','E'),(1328,'7','edbjica','E'),(1329,'7','edbjicb','V'),(1330,'7','edbjicc','E'),(1331,'7','edbjicd','L'),(1332,'7','edbjice','L'),(1333,'7','edbjicf','E'),(1334,'7','edcaceg','L'),(1335,'7','edcaceh','V'),(1336,'7','edbjiaa','L'),(1337,'7','edbjiab','V'),(1338,'7','edbjiac','V'),(1339,'7','edbjiad','E'),(1340,'7','edbjiae','V'),(1341,'7','edbjiaf','L'),(1342,'7','edbjiag','E'),(1343,'7','edbjiah','E'),(1344,'7','edbjiai','L'),(1345,'7','edbjiaj','E'),(1346,'7','edbjiba','E'),(1347,'7','edbjibb','L'),(1348,'7','edbjibc','V'),(1349,'7','edcacee','V'),(1350,'7','edcacef','L'),(1351,'7','edbjhih','L'),(1352,'7','edbjhii','E'),(1353,'7','edbjhij','V'),(1354,'7','edbjhja','V'),(1355,'7','edbjhjb','L'),(1356,'7','edbjhjc','E'),(1357,'7','edbjhjd','E'),(1358,'7','edbjhje','L'),(1359,'7','edbjhjf','E'),(1360,'7','edbjhjg','E'),(1361,'7','edbjhjh','V'),(1362,'7','edbjhji','V'),(1363,'7','edbjhjj','V'),(1364,'7','edcacec','E'),(1365,'7','edcaced','E'),(1366,'7','edbjhhe','V'),(1367,'7','edbjhhf','V'),(1368,'7','edbjhhg','E'),(1369,'7','edbjhhh','E'),(1370,'7','edbjhhi','L'),(1371,'7','edbjhhj','V'),(1372,'7','edbjhia','E'),(1373,'7','edbjhib','E'),(1374,'7','edbjhic','L'),(1375,'7','edbjhid','V'),(1376,'7','edbjhie','E'),(1377,'7','edbjhif','E'),(1378,'7','edbjhig','E'),(1379,'7','edcacea','L'),(1380,'7','edcaceb','L'),(1381,'7','edbjhgb','V'),(1382,'7','edbjhgc','L'),(1383,'7','edbjhgd','E'),(1384,'7','edbjhge','V'),(1385,'7','edbjhgf','L'),(1386,'7','edbjhgg','V'),(1387,'7','edbjhgh','L'),(1388,'7','edbjhgi','V'),(1389,'7','edbjhgj','L'),(1390,'7','edbjhha','L'),(1391,'7','edbjhhb','V'),(1392,'7','edbjhhc','E'),(1393,'7','edbjhhd','E'),(1394,'7','edcacdi','E'),(1395,'7','edcacdj','E'),(1396,'7','edbjhei','V'),(1397,'7','edbjhej','V'),(1398,'7','edbjhfa','L'),(1399,'7','edbjhfb','E'),(1400,'7','edbjhfc','L'),(1401,'7','edbjhfd','E'),(1402,'7','edbjhfe','L'),(1403,'7','edbjhff','L'),(1404,'7','edbjhfg','L'),(1405,'7','edbjhfh','V'),(1406,'7','edbjhfi','L'),(1407,'7','edbjhfj','V'),(1408,'7','edbjhga','L'),(1409,'7','edcacdg','E'),(1410,'7','edcacdh','E'),(1411,'7','edbjhdf','E'),(1412,'7','edbjhdg','V'),(1413,'7','edbjhdh','E'),(1414,'7','edbjhdi','V'),(1415,'7','edbjhdj','E'),(1416,'7','edbjhea','L'),(1417,'7','edbjheb','L'),(1418,'7','edbjhec','V'),(1419,'7','edbjhed','E'),(1420,'7','edbjhee','E'),(1421,'7','edbjhef','L'),(1422,'7','edbjheg','L'),(1423,'7','edbjheh','E'),(1424,'7','edcacde','E'),(1425,'7','edcacdf','E'),(1426,'7','edbjhcc','V'),(1427,'7','edbjhcd','E'),(1428,'7','edbjhce','V'),(1429,'7','edbjhcf','E'),(1430,'7','edbjhcg','L'),(1431,'7','edbjhch','L'),(1432,'7','edbjhci','V'),(1433,'7','edbjhcj','V'),(1434,'7','edbjhda','V'),(1435,'7','edbjhdb','V'),(1436,'7','edbjhdc','E'),(1437,'7','edbjhdd','E'),(1438,'7','edbjhde','L'),(1439,'7','edcacdc','L'),(1440,'7','edcacdd','V'),(1441,'7','edbjhaj','V'),(1442,'7','edbjhba','E'),(1443,'7','edbjhbb','V'),(1444,'7','edbjhbc','E'),(1445,'7','edbjhbd','V'),(1446,'7','edbjhbe','L'),(1447,'7','edbjhbf','E'),(1448,'7','edbjhbg','E'),(1449,'7','edbjhbh','E'),(1450,'7','edbjhbi','V'),(1451,'7','edbjhbj','E'),(1452,'7','edbjhca','L'),(1453,'7','edbjhcb','E'),(1454,'7','edcacda','E'),(1455,'7','edcacdb','V'),(1456,'7','edbjgjg','E'),(1457,'7','edbjgjh','E'),(1458,'7','edbjgji','L'),(1459,'7','edbjgjj','L'),(1460,'7','edbjhaa','L'),(1461,'7','edbjhab','L'),(1462,'7','edbjhac','E'),(1463,'7','edbjhad','E'),(1464,'7','edbjhae','L'),(1465,'7','edbjhaf','L'),(1466,'7','edbjhag','L'),(1467,'7','edbjhah','E'),(1468,'7','edbjhai','E'),(1469,'7','edcacci','L'),(1470,'7','edcaccj','V'),(1471,'8','edbjigf','V'),(1472,'8','edbjigg','L'),(1473,'8','edbjigh','L'),(1474,'8','edbjigi','L'),(1475,'8','edbjigj','L'),(1476,'8','edbjiha','L'),(1477,'8','edbjihb','L'),(1478,'8','edbjihc','E'),(1479,'8','edbjihd','E'),(1480,'8','edbjihe','V'),(1481,'8','edbjihf','V'),(1482,'8','edbjihg','V'),(1483,'8','edbjihh','V'),(1484,'8','edcabjh','E'),(1485,'8','edcabji','V'),(1486,'8','edbjifc','L'),(1487,'8','edbjifd','L'),(1488,'8','edbjife','V'),(1489,'8','edbjiff','V'),(1490,'8','edbjifg','L'),(1491,'8','edbjifh','L'),(1492,'8','edbjifi','E'),(1493,'8','edbjifj','V'),(1494,'8','edbjiga','E'),(1495,'8','edbjigb','L'),(1496,'8','edbjigc','V'),(1497,'8','edbjigd','L'),(1498,'8','edbjige','L'),(1499,'8','edcabjg','V'),(1500,'8','edcabjj','L'),(1501,'8','edbjidi','V'),(1502,'8','edbjiea','L'),(1503,'8','edbjieb','E'),(1504,'8','edbjiec','L'),(1505,'8','edbjied','E'),(1506,'8','edbjiee','L'),(1507,'8','edbjief','E'),(1508,'8','edbjieg','E'),(1509,'8','edbjieh','L'),(1510,'8','edbjiei','L'),(1511,'8','edbjiej','E'),(1512,'8','edbjifa','E'),(1513,'8','edbjifb','E'),(1514,'8','edcacfa','E'),(1515,'8','edcacfb','L'),(1516,'8','edbjicg','V'),(1517,'8','edbjich','E'),(1518,'8','edbjici','E'),(1519,'8','edbjicj','E'),(1520,'8','edbjida','V'),(1521,'8','edbjidb','E'),(1522,'8','edbjidc','E'),(1523,'8','edbjidd','L'),(1524,'8','edbjide','V'),(1525,'8','edbjidf','V'),(1526,'8','edbjidg','E'),(1527,'8','edbjidh','L'),(1528,'8','edbjidj','L'),(1529,'8','edcacei','E'),(1530,'8','edcacej','V'),(1531,'8','edbjibd','E'),(1532,'8','edbjibe','L'),(1533,'8','edbjibf','E'),(1534,'8','edbjibg','V'),(1535,'8','edbjibh','L'),(1536,'8','edbjibi','L'),(1537,'8','edbjibj','V'),(1538,'8','edbjica','V'),(1539,'8','edbjicb','E'),(1540,'8','edbjicc','L'),(1541,'8','edbjicd','E'),(1542,'8','edbjice','L'),(1543,'8','edbjicf','V'),(1544,'8','edcaceg','V'),(1545,'8','edcaceh','V'),(1546,'8','edbjiaa','V'),(1547,'8','edbjiab','E'),(1548,'8','edbjiac','V'),(1549,'8','edbjiad','L'),(1550,'8','edbjiae','E'),(1551,'8','edbjiaf','L'),(1552,'8','edbjiag','L'),(1553,'8','edbjiah','E'),(1554,'8','edbjiai','E'),(1555,'8','edbjiaj','L'),(1556,'8','edbjiba','L'),(1557,'8','edbjibb','E'),(1558,'8','edbjibc','L'),(1559,'8','edcacee','E'),(1560,'8','edcacef','V'),(1561,'8','edbjhih','L'),(1562,'8','edbjhii','L'),(1563,'8','edbjhij','L'),(1564,'8','edbjhja','V'),(1565,'8','edbjhjb','L'),(1566,'8','edbjhjc','V'),(1567,'8','edbjhjd','V'),(1568,'8','edbjhje','E'),(1569,'8','edbjhjf','L'),(1570,'8','edbjhjg','L'),(1571,'8','edbjhjh','L'),(1572,'8','edbjhji','L'),(1573,'8','edbjhjj','E'),(1574,'8','edcacec','V'),(1575,'8','edcaced','L'),(1576,'8','edbjhhe','V'),(1577,'8','edbjhhf','L'),(1578,'8','edbjhhg','E'),(1579,'8','edbjhhh','V'),(1580,'8','edbjhhi','E'),(1581,'8','edbjhhj','L'),(1582,'8','edbjhia','L'),(1583,'8','edbjhib','L'),(1584,'8','edbjhic','E'),(1585,'8','edbjhid','E'),(1586,'8','edbjhie','E'),(1587,'8','edbjhif','L'),(1588,'8','edbjhig','L'),(1589,'8','edcacea','E'),(1590,'8','edcaceb','L'),(1591,'8','edbjhgb','L'),(1592,'8','edbjhgc','V'),(1593,'8','edbjhgd','E'),(1594,'8','edbjhge','V'),(1595,'8','edbjhgf','L'),(1596,'8','edbjhgg','L'),(1597,'8','edbjhgh','L'),(1598,'8','edbjhgi','L'),(1599,'8','edbjhgj','L'),(1600,'8','edbjhha','V'),(1601,'8','edbjhhb','V'),(1602,'8','edbjhhc','E'),(1603,'8','edbjhhd','E'),(1604,'8','edcacdi','E'),(1605,'8','edcacdj','L'),(1606,'8','edbjhei','V'),(1607,'8','edbjhej','E'),(1608,'8','edbjhfa','V'),(1609,'8','edbjhfb','E'),(1610,'8','edbjhfc','L'),(1611,'8','edbjhfd','V'),(1612,'8','edbjhfe','V'),(1613,'8','edbjhff','E'),(1614,'8','edbjhfg','L'),(1615,'8','edbjhfh','L'),(1616,'8','edbjhfi','L'),(1617,'8','edbjhfj','L'),(1618,'8','edbjhga','E'),(1619,'8','edcacdg','V'),(1620,'8','edcacdh','E'),(1621,'8','edbjhdf','L'),(1622,'8','edbjhdg','L'),(1623,'8','edbjhdh','E'),(1624,'8','edbjhdi','V'),(1625,'8','edbjhdj','L'),(1626,'8','edbjhea','L'),(1627,'8','edbjheb','V'),(1628,'8','edbjhec','E'),(1629,'8','edbjhed','V'),(1630,'8','edbjhee','V'),(1631,'8','edbjhef','L'),(1632,'8','edbjheg','V'),(1633,'8','edbjheh','V'),(1634,'8','edcacde','E'),(1635,'8','edcacdf','L'),(1636,'8','edbjhcc','V'),(1637,'8','edbjhcd','L'),(1638,'8','edbjhce','E'),(1639,'8','edbjhcf','V'),(1640,'8','edbjhcg','V'),(1641,'8','edbjhch','E'),(1642,'8','edbjhci','V'),(1643,'8','edbjhcj','L'),(1644,'8','edbjhda','V'),(1645,'8','edbjhdb','E'),(1646,'8','edbjhdc','E'),(1647,'8','edbjhdd','L'),(1648,'8','edbjhde','V'),(1649,'8','edcacdc','L'),(1650,'8','edcacdd','E'),(1651,'8','edbjhaj','V'),(1652,'8','edbjhba','V'),(1653,'8','edbjhbb','V'),(1654,'8','edbjhbc','E'),(1655,'8','edbjhbd','V'),(1656,'8','edbjhbe','E'),(1657,'8','edbjhbf','L'),(1658,'8','edbjhbg','V'),(1659,'8','edbjhbh','E'),(1660,'8','edbjhbi','V'),(1661,'8','edbjhbj','E'),(1662,'8','edbjhca','E'),(1663,'8','edbjhcb','E'),(1664,'8','edcacda','L'),(1665,'8','edcacdb','L'),(1666,'8','edbjgjg','L'),(1667,'8','edbjgjh','V'),(1668,'8','edbjgji','E'),(1669,'8','edbjgjj','E'),(1670,'8','edbjhaa','L'),(1671,'8','edbjhab','V'),(1672,'8','edbjhac','E'),(1673,'8','edbjhad','E'),(1674,'8','edbjhae','E'),(1675,'8','edbjhaf','E'),(1676,'8','edbjhag','V'),(1677,'8','edbjhah','L'),(1678,'8','edbjhai','L'),(1679,'8','edcacci','L'),(1680,'8','edcaccj','E'),(1681,'9','edbjigf','E'),(1682,'9','edbjigg','V'),(1683,'9','edbjigh','E'),(1684,'9','edbjigi','L'),(1685,'9','edbjigj','E'),(1686,'9','edbjiha','V'),(1687,'9','edbjihb','V'),(1688,'9','edbjihc','L'),(1689,'9','edbjihd','V'),(1690,'9','edbjihe','E'),(1691,'9','edbjihf','E'),(1692,'9','edbjihg','E'),(1693,'9','edbjihh','V'),(1694,'9','edcabjh','L'),(1695,'9','edcabji','E'),(1696,'9','edbjifc','L'),(1697,'9','edbjifd','V'),(1698,'9','edbjife','L'),(1699,'9','edbjiff','L'),(1700,'9','edbjifg','V'),(1701,'9','edbjifh','L'),(1702,'9','edbjifi','L'),(1703,'9','edbjifj','V'),(1704,'9','edbjiga','V'),(1705,'9','edbjigb','L'),(1706,'9','edbjigc','L'),(1707,'9','edbjigd','E'),(1708,'9','edbjige','E'),(1709,'9','edcabjg','V'),(1710,'9','edcabjj','V'),(1711,'9','edbjidi','V'),(1712,'9','edbjiea','V'),(1713,'9','edbjieb','V'),(1714,'9','edbjiec','V'),(1715,'9','edbjied','L'),(1716,'9','edbjiee','V'),(1717,'9','edbjief','E'),(1718,'9','edbjieg','L'),(1719,'9','edbjieh','V'),(1720,'9','edbjiei','E'),(1721,'9','edbjiej','E'),(1722,'9','edbjifa','E'),(1723,'9','edbjifb','V'),(1724,'9','edcacfa','E'),(1725,'9','edcacfb','L'),(1726,'9','edbjicg','L'),(1727,'9','edbjich','E'),(1728,'9','edbjici','E'),(1729,'9','edbjicj','V'),(1730,'9','edbjida','V'),(1731,'9','edbjidb','E'),(1732,'9','edbjidc','L'),(1733,'9','edbjidd','V'),(1734,'9','edbjide','V'),(1735,'9','edbjidf','V'),(1736,'9','edbjidg','E'),(1737,'9','edbjidh','V'),(1738,'9','edbjidj','L'),(1739,'9','edcacei','V'),(1740,'9','edcacej','V'),(1741,'9','edbjibd','E'),(1742,'9','edbjibe','E'),(1743,'9','edbjibf','V'),(1744,'9','edbjibg','V'),(1745,'9','edbjibh','L'),(1746,'9','edbjibi','E'),(1747,'9','edbjibj','V'),(1748,'9','edbjica','E'),(1749,'9','edbjicb','L'),(1750,'9','edbjicc','V'),(1751,'9','edbjicd','L'),(1752,'9','edbjice','L'),(1753,'9','edbjicf','E'),(1754,'9','edcaceg','V'),(1755,'9','edcaceh','L'),(1756,'9','edbjiaa','L'),(1757,'9','edbjiab','V'),(1758,'9','edbjiac','V'),(1759,'9','edbjiad','L'),(1760,'9','edbjiae','E'),(1761,'9','edbjiaf','L'),(1762,'9','edbjiag','L'),(1763,'9','edbjiah','L'),(1764,'9','edbjiai','V'),(1765,'9','edbjiaj','L'),(1766,'9','edbjiba','E'),(1767,'9','edbjibb','E'),(1768,'9','edbjibc','L'),(1769,'9','edcacee','E'),(1770,'9','edcacef','E'),(1771,'9','edbjhih','L'),(1772,'9','edbjhii','E'),(1773,'9','edbjhij','V'),(1774,'9','edbjhja','L'),(1775,'9','edbjhjb','V'),(1776,'9','edbjhjc','E'),(1777,'9','edbjhjd','V'),(1778,'9','edbjhje','V'),(1779,'9','edbjhjf','E'),(1780,'9','edbjhjg','L'),(1781,'9','edbjhjh','L'),(1782,'9','edbjhji','L'),(1783,'9','edbjhjj','L'),(1784,'9','edcacec','L'),(1785,'9','edcaced','E'),(1786,'9','edbjhhe','V'),(1787,'9','edbjhhf','V'),(1788,'9','edbjhhg','E'),(1789,'9','edbjhhh','E'),(1790,'9','edbjhhi','L'),(1791,'9','edbjhhj','L'),(1792,'9','edbjhia','V'),(1793,'9','edbjhib','E'),(1794,'9','edbjhic','L'),(1795,'9','edbjhid','V'),(1796,'9','edbjhie','E'),(1797,'9','edbjhif','E'),(1798,'9','edbjhig','L'),(1799,'9','edcacea','L'),(1800,'9','edcaceb','L'),(1801,'9','edbjhgb','E'),(1802,'9','edbjhgc','L'),(1803,'9','edbjhgd','V'),(1804,'9','edbjhge','E'),(1805,'9','edbjhgf','E'),(1806,'9','edbjhgg','L'),(1807,'9','edbjhgh','L'),(1808,'9','edbjhgi','E'),(1809,'9','edbjhgj','L'),(1810,'9','edbjhha','L'),(1811,'9','edbjhhb','E'),(1812,'9','edbjhhc','L'),(1813,'9','edbjhhd','E'),(1814,'9','edcacdi','E'),(1815,'9','edcacdj','E'),(1816,'9','edbjhei','L'),(1817,'9','edbjhej','E'),(1818,'9','edbjhfa','L'),(1819,'9','edbjhfb','L'),(1820,'9','edbjhfc','E'),(1821,'9','edbjhfd','L'),(1822,'9','edbjhfe','E'),(1823,'9','edbjhff','E'),(1824,'9','edbjhfg','L'),(1825,'9','edbjhfh','L'),(1826,'9','edbjhfi','E'),(1827,'9','edbjhfj','V'),(1828,'9','edbjhga','V'),(1829,'9','edcacdg','L'),(1830,'9','edcacdh','L'),(1831,'9','edbjhdf','V'),(1832,'9','edbjhdg','L'),(1833,'9','edbjhdh','E'),(1834,'9','edbjhdi','L'),(1835,'9','edbjhdj','L'),(1836,'9','edbjhea','E'),(1837,'9','edbjheb','V'),(1838,'9','edbjhec','E'),(1839,'9','edbjhed','E'),(1840,'9','edbjhee','E'),(1841,'9','edbjhef','V'),(1842,'9','edbjheg','L'),(1843,'9','edbjheh','E'),(1844,'9','edcacde','L'),(1845,'9','edcacdf','L'),(1846,'9','edbjhcc','E'),(1847,'9','edbjhcd','V'),(1848,'9','edbjhce','E'),(1849,'9','edbjhcf','E'),(1850,'9','edbjhcg','E'),(1851,'9','edbjhch','V'),(1852,'9','edbjhci','L'),(1853,'9','edbjhcj','V'),(1854,'9','edbjhda','L'),(1855,'9','edbjhdb','E'),(1856,'9','edbjhdc','V'),(1857,'9','edbjhdd','V'),(1858,'9','edbjhde','E'),(1859,'9','edcacdc','V'),(1860,'9','edcacdd','E'),(1861,'9','edbjhaj','V'),(1862,'9','edbjhba','L'),(1863,'9','edbjhbb','L'),(1864,'9','edbjhbc','V'),(1865,'9','edbjhbd','L'),(1866,'9','edbjhbe','E'),(1867,'9','edbjhbf','E'),(1868,'9','edbjhbg','L'),(1869,'9','edbjhbh','V'),(1870,'9','edbjhbi','L'),(1871,'9','edbjhbj','E'),(1872,'9','edbjhca','V'),(1873,'9','edbjhcb','V'),(1874,'9','edcacda','L'),(1875,'9','edcacdb','L'),(1876,'9','edbjgjg','E'),(1877,'9','edbjgjh','V'),(1878,'9','edbjgji','E'),(1879,'9','edbjgjj','V'),(1880,'9','edbjhaa','V'),(1881,'9','edbjhab','E'),(1882,'9','edbjhac','E'),(1883,'9','edbjhad','L'),(1884,'9','edbjhae','V'),(1885,'9','edbjhaf','E'),(1886,'9','edbjhag','L'),(1887,'9','edbjhah','E'),(1888,'9','edbjhai','V'),(1889,'9','edcacci','E'),(1890,'9','edcaccj','E'),(1891,'10','edbjigf','E'),(1892,'10','edbjigg','L'),(1893,'10','edbjigh','V'),(1894,'10','edbjigi','E'),(1895,'10','edbjigj','L'),(1896,'10','edbjiha','V'),(1897,'10','edbjihb','L'),(1898,'10','edbjihc','L'),(1899,'10','edbjihd','L'),(1900,'10','edbjihe','L'),(1901,'10','edbjihf','L'),(1902,'10','edbjihg','E'),(1903,'10','edbjihh','V'),(1904,'10','edcabjh','E'),(1905,'10','edcabji','V'),(1906,'10','edbjifc','V'),(1907,'10','edbjifd','E'),(1908,'10','edbjife','E'),(1909,'10','edbjiff','L'),(1910,'10','edbjifg','E'),(1911,'10','edbjifh','V'),(1912,'10','edbjifi','V'),(1913,'10','edbjifj','L'),(1914,'10','edbjiga','V'),(1915,'10','edbjigb','V'),(1916,'10','edbjigc','L'),(1917,'10','edbjigd','E'),(1918,'10','edbjige','E'),(1919,'10','edcabjg','V'),(1920,'10','edcabjj','L'),(1921,'10','edbjidi','E'),(1922,'10','edbjiea','V'),(1923,'10','edbjieb','V'),(1924,'10','edbjiec','E'),(1925,'10','edbjied','E'),(1926,'10','edbjiee','E'),(1927,'10','edbjief','L'),(1928,'10','edbjieg','E'),(1929,'10','edbjieh','E'),(1930,'10','edbjiei','V'),(1931,'10','edbjiej','E'),(1932,'10','edbjifa','V'),(1933,'10','edbjifb','V'),(1934,'10','edcacfa','E'),(1935,'10','edcacfb','E'),(1936,'10','edbjicg','E'),(1937,'10','edbjich','L'),(1938,'10','edbjici','E'),(1939,'10','edbjicj','L'),(1940,'10','edbjida','V'),(1941,'10','edbjidb','E'),(1942,'10','edbjidc','V'),(1943,'10','edbjidd','L'),(1944,'10','edbjide','L'),(1945,'10','edbjidf','E'),(1946,'10','edbjidg','E'),(1947,'10','edbjidh','L'),(1948,'10','edbjidj','V'),(1949,'10','edcacei','E'),(1950,'10','edcacej','V'),(1951,'10','edbjibd','E'),(1952,'10','edbjibe','L'),(1953,'10','edbjibf','V'),(1954,'10','edbjibg','E'),(1955,'10','edbjibh','V'),(1956,'10','edbjibi','E'),(1957,'10','edbjibj','L'),(1958,'10','edbjica','L'),(1959,'10','edbjicb','L'),(1960,'10','edbjicc','V'),(1961,'10','edbjicd','L'),(1962,'10','edbjice','L'),(1963,'10','edbjicf','V'),(1964,'10','edcaceg','E'),(1965,'10','edcaceh','E'),(1966,'10','edbjiaa','V'),(1967,'10','edbjiab','E'),(1968,'10','edbjiac','E'),(1969,'10','edbjiad','L'),(1970,'10','edbjiae','E'),(1971,'10','edbjiaf','V'),(1972,'10','edbjiag','E'),(1973,'10','edbjiah','V'),(1974,'10','edbjiai','V'),(1975,'10','edbjiaj','V'),(1976,'10','edbjiba','L'),(1977,'10','edbjibb','E'),(1978,'10','edbjibc','V'),(1979,'10','edcacee','E'),(1980,'10','edcacef','E'),(1981,'10','edbjhih','V'),(1982,'10','edbjhii','V'),(1983,'10','edbjhij','E'),(1984,'10','edbjhja','E'),(1985,'10','edbjhjb','E'),(1986,'10','edbjhjc','V'),(1987,'10','edbjhjd','L'),(1988,'10','edbjhje','V'),(1989,'10','edbjhjf','L'),(1990,'10','edbjhjg','E'),(1991,'10','edbjhjh','V'),(1992,'10','edbjhji','V'),(1993,'10','edbjhjj','L'),(1994,'10','edcacec','E'),(1995,'10','edcaced','V'),(1996,'10','edbjhhe','E'),(1997,'10','edbjhhf','E'),(1998,'10','edbjhhg','L'),(1999,'10','edbjhhh','L'),(2000,'10','edbjhhi','V'),(2001,'10','edbjhhj','V'),(2002,'10','edbjhia','E'),(2003,'10','edbjhib','L'),(2004,'10','edbjhic','V'),(2005,'10','edbjhid','E'),(2006,'10','edbjhie','L'),(2007,'10','edbjhif','V'),(2008,'10','edbjhig','E'),(2009,'10','edcacea','V'),(2010,'10','edcaceb','L'),(2011,'10','edbjhgb','V'),(2012,'10','edbjhgc','L'),(2013,'10','edbjhgd','E'),(2014,'10','edbjhge','E'),(2015,'10','edbjhgf','V'),(2016,'10','edbjhgg','V'),(2017,'10','edbjhgh','E'),(2018,'10','edbjhgi','L'),(2019,'10','edbjhgj','L'),(2020,'10','edbjhha','E'),(2021,'10','edbjhhb','V'),(2022,'10','edbjhhc','V'),(2023,'10','edbjhhd','V'),(2024,'10','edcacdi','V'),(2025,'10','edcacdj','E'),(2026,'10','edbjhei','L'),(2027,'10','edbjhej','V'),(2028,'10','edbjhfa','E'),(2029,'10','edbjhfb','E'),(2030,'10','edbjhfc','E'),(2031,'10','edbjhfd','E'),(2032,'10','edbjhfe','V'),(2033,'10','edbjhff','V'),(2034,'10','edbjhfg','L'),(2035,'10','edbjhfh','E'),(2036,'10','edbjhfi','V'),(2037,'10','edbjhfj','E'),(2038,'10','edbjhga','E'),(2039,'10','edcacdg','V'),(2040,'10','edcacdh','E'),(2041,'10','edbjhdf','L'),(2042,'10','edbjhdg','L'),(2043,'10','edbjhdh','E'),(2044,'10','edbjhdi','L'),(2045,'10','edbjhdj','E'),(2046,'10','edbjhea','V'),(2047,'10','edbjheb','E'),(2048,'10','edbjhec','E'),(2049,'10','edbjhed','V'),(2050,'10','edbjhee','V'),(2051,'10','edbjhef','V'),(2052,'10','edbjheg','L'),(2053,'10','edbjheh','L'),(2054,'10','edcacde','V'),(2055,'10','edcacdf','L'),(2056,'10','edbjhcc','E'),(2057,'10','edbjhcd','E'),(2058,'10','edbjhce','E'),(2059,'10','edbjhcf','V'),(2060,'10','edbjhcg','E'),(2061,'10','edbjhch','L'),(2062,'10','edbjhci','L'),(2063,'10','edbjhcj','E'),(2064,'10','edbjhda','E'),(2065,'10','edbjhdb','V'),(2066,'10','edbjhdc','E'),(2067,'10','edbjhdd','E'),(2068,'10','edbjhde','E'),(2069,'10','edcacdc','V'),(2070,'10','edcacdd','V'),(2071,'10','edbjhaj','L'),(2072,'10','edbjhba','L'),(2073,'10','edbjhbb','L'),(2074,'10','edbjhbc','L'),(2075,'10','edbjhbd','L'),(2076,'10','edbjhbe','V'),(2077,'10','edbjhbf','E'),(2078,'10','edbjhbg','E'),(2079,'10','edbjhbh','E'),(2080,'10','edbjhbi','V'),(2081,'10','edbjhbj','L'),(2082,'10','edbjhca','L'),(2083,'10','edbjhcb','L'),(2084,'10','edcacda','E'),(2085,'10','edcacdb','E'),(2086,'10','edbjgjg','L'),(2087,'10','edbjgjh','V'),(2088,'10','edbjgji','L'),(2089,'10','edbjgjj','V'),(2090,'10','edbjhaa','E'),(2091,'10','edbjhab','L'),(2092,'10','edbjhac','V'),(2093,'10','edbjhad','L'),(2094,'10','edbjhae','V'),(2095,'10','edbjhaf','L'),(2096,'10','edbjhag','V'),(2097,'10','edbjhah','V'),(2098,'10','edbjhai','E'),(2099,'10','edcacci','E'),(2100,'10','edcaccj','E'),(2101,'11','edbjigf','L'),(2102,'11','edbjigg','V'),(2103,'11','edbjigh','V'),(2104,'11','edbjigi','E'),(2105,'11','edbjigj','E'),(2106,'11','edbjiha','E'),(2107,'11','edbjihb','L'),(2108,'11','edbjihc','L'),(2109,'11','edbjihd','E'),(2110,'11','edbjihe','E'),(2111,'11','edbjihf','E'),(2112,'11','edbjihg','E'),(2113,'11','edbjihh','L'),(2114,'11','edcabjh','E'),(2115,'11','edcabji','L'),(2116,'11','edbjifc','E'),(2117,'11','edbjifd','V'),(2118,'11','edbjife','L'),(2119,'11','edbjiff','E'),(2120,'11','edbjifg','E'),(2121,'11','edbjifh','L'),(2122,'11','edbjifi','L'),(2123,'11','edbjifj','V'),(2124,'11','edbjiga','E'),(2125,'11','edbjigb','V'),(2126,'11','edbjigc','L'),(2127,'11','edbjigd','V'),(2128,'11','edbjige','V'),(2129,'11','edcabjg','V'),(2130,'11','edcabjj','E'),(2131,'11','edbjidi','E'),(2132,'11','edbjiea','E'),(2133,'11','edbjieb','V'),(2134,'11','edbjiec','E'),(2135,'11','edbjied','L'),(2136,'11','edbjiee','E'),(2137,'11','edbjief','V'),(2138,'11','edbjieg','L'),(2139,'11','edbjieh','V'),(2140,'11','edbjiei','V'),(2141,'11','edbjiej','E'),(2142,'11','edbjifa','L'),(2143,'11','edbjifb','L'),(2144,'11','edcacfa','E'),(2145,'11','edcacfb','E'),(2146,'11','edbjicg','V'),(2147,'11','edbjich','E'),(2148,'11','edbjici','L'),(2149,'11','edbjicj','L'),(2150,'11','edbjida','L'),(2151,'11','edbjidb','E'),(2152,'11','edbjidc','E'),(2153,'11','edbjidd','L'),(2154,'11','edbjide','E'),(2155,'11','edbjidf','E'),(2156,'11','edbjidg','V'),(2157,'11','edbjidh','L'),(2158,'11','edbjidj','E'),(2159,'11','edcacei','V'),(2160,'11','edcacej','V'),(2161,'11','edbjibd','E'),(2162,'11','edbjibe','E'),(2163,'11','edbjibf','V'),(2164,'11','edbjibg','V'),(2165,'11','edbjibh','L'),(2166,'11','edbjibi','V'),(2167,'11','edbjibj','V'),(2168,'11','edbjica','V'),(2169,'11','edbjicb','L'),(2170,'11','edbjicc','E'),(2171,'11','edbjicd','L'),(2172,'11','edbjice','V'),(2173,'11','edbjicf','V'),(2174,'11','edcaceg','V'),(2175,'11','edcaceh','L'),(2176,'11','edbjiaa','V'),(2177,'11','edbjiab','V'),(2178,'11','edbjiac','L'),(2179,'11','edbjiad','E'),(2180,'11','edbjiae','E'),(2181,'11','edbjiaf','E'),(2182,'11','edbjiag','V'),(2183,'11','edbjiah','V'),(2184,'11','edbjiai','L'),(2185,'11','edbjiaj','E'),(2186,'11','edbjiba','V'),(2187,'11','edbjibb','L'),(2188,'11','edbjibc','V'),(2189,'11','edcacee','L'),(2190,'11','edcacef','L'),(2191,'11','edbjhih','V'),(2192,'11','edbjhii','E'),(2193,'11','edbjhij','E'),(2194,'11','edbjhja','E'),(2195,'11','edbjhjb','V'),(2196,'11','edbjhjc','L'),(2197,'11','edbjhjd','L'),(2198,'11','edbjhje','E'),(2199,'11','edbjhjf','L'),(2200,'11','edbjhjg','L'),(2201,'11','edbjhjh','V'),(2202,'11','edbjhji','L'),(2203,'11','edbjhjj','L'),(2204,'11','edcacec','V'),(2205,'11','edcaced','V'),(2206,'11','edbjhhe','E'),(2207,'11','edbjhhf','L'),(2208,'11','edbjhhg','V'),(2209,'11','edbjhhh','E'),(2210,'11','edbjhhi','L'),(2211,'11','edbjhhj','V'),(2212,'11','edbjhia','V'),(2213,'11','edbjhib','E'),(2214,'11','edbjhic','L'),(2215,'11','edbjhid','V'),(2216,'11','edbjhie','E'),(2217,'11','edbjhif','V'),(2218,'11','edbjhig','L'),(2219,'11','edcacea','L'),(2220,'11','edcaceb','E'),(2221,'11','edbjhgb','E'),(2222,'11','edbjhgc','L'),(2223,'11','edbjhgd','E'),(2224,'11','edbjhge','V'),(2225,'11','edbjhgf','E'),(2226,'11','edbjhgg','V'),(2227,'11','edbjhgh','L'),(2228,'11','edbjhgi','L'),(2229,'11','edbjhgj','E'),(2230,'11','edbjhha','L'),(2231,'11','edbjhhb','L'),(2232,'11','edbjhhc','L'),(2233,'11','edbjhhd','E'),(2234,'11','edcacdi','E'),(2235,'11','edcacdj','E'),(2236,'11','edbjhei','E'),(2237,'11','edbjhej','L'),(2238,'11','edbjhfa','V'),(2239,'11','edbjhfb','L'),(2240,'11','edbjhfc','V'),(2241,'11','edbjhfd','E'),(2242,'11','edbjhfe','E'),(2243,'11','edbjhff','V'),(2244,'11','edbjhfg','L'),(2245,'11','edbjhfh','L'),(2246,'11','edbjhfi','E'),(2247,'11','edbjhfj','L'),(2248,'11','edbjhga','E'),(2249,'11','edcacdg','V'),(2250,'11','edcacdh','V'),(2251,'11','edbjhdf','L'),(2252,'11','edbjhdg','L'),(2253,'11','edbjhdh','L'),(2254,'11','edbjhdi','E'),(2255,'11','edbjhdj','E'),(2256,'11','edbjhea','V'),(2257,'11','edbjheb','L'),(2258,'11','edbjhec','E'),(2259,'11','edbjhed','E'),(2260,'11','edbjhee','V'),(2261,'11','edbjhef','L'),(2262,'11','edbjheg','V'),(2263,'11','edbjheh','L'),(2264,'11','edcacde','L'),(2265,'11','edcacdf','V'),(2266,'11','edbjhcc','E'),(2267,'11','edbjhcd','E'),(2268,'11','edbjhce','E'),(2269,'11','edbjhcf','V'),(2270,'11','edbjhcg','V'),(2271,'11','edbjhch','E'),(2272,'11','edbjhci','E'),(2273,'11','edbjhcj','V'),(2274,'11','edbjhda','L'),(2275,'11','edbjhdb','E'),(2276,'11','edbjhdc','L'),(2277,'11','edbjhdd','L'),(2278,'11','edbjhde','V'),(2279,'11','edcacdc','E'),(2280,'11','edcacdd','V'),(2281,'11','edbjhaj','E'),(2282,'11','edbjhba','V'),(2283,'11','edbjhbb','L'),(2284,'11','edbjhbc','E'),(2285,'11','edbjhbd','L'),(2286,'11','edbjhbe','E'),(2287,'11','edbjhbf','L'),(2288,'11','edbjhbg','L'),(2289,'11','edbjhbh','L'),(2290,'11','edbjhbi','V'),(2291,'11','edbjhbj','V'),(2292,'11','edbjhca','E'),(2293,'11','edbjhcb','E'),(2294,'11','edcacda','E'),(2295,'11','edcacdb','V'),(2296,'11','edbjgjg','E'),(2297,'11','edbjgjh','L'),(2298,'11','edbjgji','L'),(2299,'11','edbjgjj','V'),(2300,'11','edbjhaa','L'),(2301,'11','edbjhab','E'),(2302,'11','edbjhac','V'),(2303,'11','edbjhad','V'),(2304,'11','edbjhae','V'),(2305,'11','edbjhaf','L'),(2306,'11','edbjhag','E'),(2307,'11','edbjhah','L'),(2308,'11','edbjhai','V'),(2309,'11','edcacci','V'),(2310,'11','edcaccj','E'),(2311,'12','edbjigf','E'),(2312,'12','edbjigg','V'),(2313,'12','edbjigh','V'),(2314,'12','edbjigi','L'),(2315,'12','edbjigj','L'),(2316,'12','edbjiha','V'),(2317,'12','edbjihb','V'),(2318,'12','edbjihc','E'),(2319,'12','edbjihd','E'),(2320,'12','edbjihe','L'),(2321,'12','edbjihf','L'),(2322,'12','edbjihg','L'),(2323,'12','edbjihh','E'),(2324,'12','edcabjh','E'),(2325,'12','edcabji','E'),(2326,'12','edbjifc','E'),(2327,'12','edbjifd','V'),(2328,'12','edbjife','V'),(2329,'12','edbjiff','E'),(2330,'12','edbjifg','V'),(2331,'12','edbjifh','E'),(2332,'12','edbjifi','L'),(2333,'12','edbjifj','E'),(2334,'12','edbjiga','V'),(2335,'12','edbjigb','V'),(2336,'12','edbjigc','L'),(2337,'12','edbjigd','L'),(2338,'12','edbjige','L'),(2339,'12','edcabjg','V'),(2340,'12','edcabjj','L'),(2341,'12','edbjidi','E'),(2342,'12','edbjiea','E'),(2343,'12','edbjieb','V'),(2344,'12','edbjiec','E'),(2345,'12','edbjied','E'),(2346,'12','edbjiee','V'),(2347,'12','edbjief','L'),(2348,'12','edbjieg','V'),(2349,'12','edbjieh','L'),(2350,'12','edbjiei','V'),(2351,'12','edbjiej','V'),(2352,'12','edbjifa','L'),(2353,'12','edbjifb','V'),(2354,'12','edcacfa','L'),(2355,'12','edcacfb','L'),(2356,'12','edbjicg','V'),(2357,'12','edbjich','V'),(2358,'12','edbjici','L'),(2359,'12','edbjicj','E'),(2360,'12','edbjida','E'),(2361,'12','edbjidb','E'),(2362,'12','edbjidc','E'),(2363,'12','edbjidd','L'),(2364,'12','edbjide','L'),(2365,'12','edbjidf','L'),(2366,'12','edbjidg','E'),(2367,'12','edbjidh','V'),(2368,'12','edbjidj','V'),(2369,'12','edcacei','V'),(2370,'12','edcacej','V'),(2371,'12','edbjibd','V'),(2372,'12','edbjibe','V'),(2373,'12','edbjibf','L'),(2374,'12','edbjibg','E'),(2375,'12','edbjibh','V'),(2376,'12','edbjibi','V'),(2377,'12','edbjibj','V'),(2378,'12','edbjica','E'),(2379,'12','edbjicb','L'),(2380,'12','edbjicc','E'),(2381,'12','edbjicd','E'),(2382,'12','edbjice','V'),(2383,'12','edbjicf','E'),(2384,'12','edcaceg','L'),(2385,'12','edcaceh','L'),(2386,'12','edbjiaa','V'),(2387,'12','edbjiab','V'),(2388,'12','edbjiac','L'),(2389,'12','edbjiad','V'),(2390,'12','edbjiae','V'),(2391,'12','edbjiaf','E'),(2392,'12','edbjiag','E'),(2393,'12','edbjiah','V'),(2394,'12','edbjiai','V'),(2395,'12','edbjiaj','L'),(2396,'12','edbjiba','E'),(2397,'12','edbjibb','L'),(2398,'12','edbjibc','E'),(2399,'12','edcacee','V'),(2400,'12','edcacef','V'),(2401,'12','edbjhih','V'),(2402,'12','edbjhii','L'),(2403,'12','edbjhij','L'),(2404,'12','edbjhja','E'),(2405,'12','edbjhjb','E'),(2406,'12','edbjhjc','L'),(2407,'12','edbjhjd','L'),(2408,'12','edbjhje','L'),(2409,'12','edbjhjf','L'),(2410,'12','edbjhjg','E'),(2411,'12','edbjhjh','L'),(2412,'12','edbjhji','E'),(2413,'12','edbjhjj','V'),(2414,'12','edcacec','L'),(2415,'12','edcaced','V'),(2416,'12','edbjhhe','E'),(2417,'12','edbjhhf','E'),(2418,'12','edbjhhg','E'),(2419,'12','edbjhhh','E'),(2420,'12','edbjhhi','E'),(2421,'12','edbjhhj','E'),(2422,'12','edbjhia','E'),(2423,'12','edbjhib','E'),(2424,'12','edbjhic','V'),(2425,'12','edbjhid','V'),(2426,'12','edbjhie','E'),(2427,'12','edbjhif','V'),(2428,'12','edbjhig','L'),(2429,'12','edcacea','E'),(2430,'12','edcaceb','E'),(2431,'12','edbjhgb','L'),(2432,'12','edbjhgc','L'),(2433,'12','edbjhgd','E'),(2434,'12','edbjhge','L'),(2435,'12','edbjhgf','E'),(2436,'12','edbjhgg','L'),(2437,'12','edbjhgh','L'),(2438,'12','edbjhgi','V'),(2439,'12','edbjhgj','E'),(2440,'12','edbjhha','L'),(2441,'12','edbjhhb','L'),(2442,'12','edbjhhc','L'),(2443,'12','edbjhhd','V'),(2444,'12','edcacdi','L'),(2445,'12','edcacdj','V'),(2446,'12','edbjhei','L'),(2447,'12','edbjhej','E'),(2448,'12','edbjhfa','E'),(2449,'12','edbjhfb','V'),(2450,'12','edbjhfc','V'),(2451,'12','edbjhfd','V'),(2452,'12','edbjhfe','E'),(2453,'12','edbjhff','L'),(2454,'12','edbjhfg','L'),(2455,'12','edbjhfh','L'),(2456,'12','edbjhfi','L'),(2457,'12','edbjhfj','V'),(2458,'12','edbjhga','E'),(2459,'12','edcacdg','L'),(2460,'12','edcacdh','L'),(2461,'12','edbjhdf','L'),(2462,'12','edbjhdg','E'),(2463,'12','edbjhdh','E'),(2464,'12','edbjhdi','E'),(2465,'12','edbjhdj','V'),(2466,'12','edbjhea','E'),(2467,'12','edbjheb','E'),(2468,'12','edbjhec','E'),(2469,'12','edbjhed','L'),(2470,'12','edbjhee','E'),(2471,'12','edbjhef','L'),(2472,'12','edbjheg','L'),(2473,'12','edbjheh','L'),(2474,'12','edcacde','V'),(2475,'12','edcacdf','V'),(2476,'12','edbjhcc','V'),(2477,'12','edbjhcd','E'),(2478,'12','edbjhce','L'),(2479,'12','edbjhcf','E'),(2480,'12','edbjhcg','L'),(2481,'12','edbjhch','E'),(2482,'12','edbjhci','E'),(2483,'12','edbjhcj','E'),(2484,'12','edbjhda','V'),(2485,'12','edbjhdb','V'),(2486,'12','edbjhdc','L'),(2487,'12','edbjhdd','E'),(2488,'12','edbjhde','V'),(2489,'12','edcacdc','E'),(2490,'12','edcacdd','L'),(2491,'12','edbjhaj','L'),(2492,'12','edbjhba','L'),(2493,'12','edbjhbb','V'),(2494,'12','edbjhbc','V'),(2495,'12','edbjhbd','V'),(2496,'12','edbjhbe','L'),(2497,'12','edbjhbf','L'),(2498,'12','edbjhbg','V'),(2499,'12','edbjhbh','L'),(2500,'12','edbjhbi','V'),(2501,'12','edbjhbj','E'),(2502,'12','edbjhca','V'),(2503,'12','edbjhcb','V'),(2504,'12','edcacda','L'),(2505,'12','edcacdb','L'),(2506,'12','edbjgjg','V'),(2507,'12','edbjgjh','E'),(2508,'12','edbjgji','V'),(2509,'12','edbjgjj','L'),(2510,'12','edbjhaa','E'),(2511,'12','edbjhab','L'),(2512,'12','edbjhac','E'),(2513,'12','edbjhad','L'),(2514,'12','edbjhae','V'),(2515,'12','edbjhaf','V'),(2516,'12','edbjhag','L'),(2517,'12','edbjhah','E'),(2518,'12','edbjhai','V'),(2519,'12','edcacci','L'),(2520,'12','edcaccj','E'),(2521,'13','edbjigf','E'),(2522,'13','edbjigg','E'),(2523,'13','edbjigh','V'),(2524,'13','edbjigi','E'),(2525,'13','edbjigj','V'),(2526,'13','edbjiha','L'),(2527,'13','edbjihb','E'),(2528,'13','edbjihc','L'),(2529,'13','edbjihd','L'),(2530,'13','edbjihe','L'),(2531,'13','edbjihf','L'),(2532,'13','edbjihg','E'),(2533,'13','edbjihh','L'),(2534,'13','edcabjh','V'),(2535,'13','edcabji','V'),(2536,'13','edbjifc','E'),(2537,'13','edbjifd','L'),(2538,'13','edbjife','L'),(2539,'13','edbjiff','V'),(2540,'13','edbjifg','E'),(2541,'13','edbjifh','E'),(2542,'13','edbjifi','L'),(2543,'13','edbjifj','V'),(2544,'13','edbjiga','V'),(2545,'13','edbjigb','E'),(2546,'13','edbjigc','E'),(2547,'13','edbjigd','V'),(2548,'13','edbjige','V'),(2549,'13','edcabjg','V'),(2550,'13','edcabjj','L'),(2551,'13','edbjidi','E'),(2552,'13','edbjiea','E'),(2553,'13','edbjieb','L'),(2554,'13','edbjiec','V'),(2555,'13','edbjied','E'),(2556,'13','edbjiee','L'),(2557,'13','edbjief','L'),(2558,'13','edbjieg','E'),(2559,'13','edbjieh','E'),(2560,'13','edbjiei','L'),(2561,'13','edbjiej','L'),(2562,'13','edbjifa','V'),(2563,'13','edbjifb','V'),(2564,'13','edcacfa','E'),(2565,'13','edcacfb','V'),(2566,'13','edbjicg','L'),(2567,'13','edbjich','V'),(2568,'13','edbjici','L'),(2569,'13','edbjicj','V'),(2570,'13','edbjida','V'),(2571,'13','edbjidb','V'),(2572,'13','edbjidc','V'),(2573,'13','edbjidd','L'),(2574,'13','edbjide','L'),(2575,'13','edbjidf','E'),(2576,'13','edbjidg','V'),(2577,'13','edbjidh','V'),(2578,'13','edbjidj','E'),(2579,'13','edcacei','V'),(2580,'13','edcacej','L'),(2581,'13','edbjibd','L'),(2582,'13','edbjibe','L'),(2583,'13','edbjibf','E'),(2584,'13','edbjibg','L'),(2585,'13','edbjibh','E'),(2586,'13','edbjibi','V'),(2587,'13','edbjibj','V'),(2588,'13','edbjica','E'),(2589,'13','edbjicb','V'),(2590,'13','edbjicc','E'),(2591,'13','edbjicd','L'),(2592,'13','edbjice','E'),(2593,'13','edbjicf','L'),(2594,'13','edcaceg','E'),(2595,'13','edcaceh','V'),(2596,'13','edbjiaa','L'),(2597,'13','edbjiab','L'),(2598,'13','edbjiac','E'),(2599,'13','edbjiad','E'),(2600,'13','edbjiae','V'),(2601,'13','edbjiaf','L'),(2602,'13','edbjiag','E'),(2603,'13','edbjiah','V'),(2604,'13','edbjiai','E'),(2605,'13','edbjiaj','E'),(2606,'13','edbjiba','E'),(2607,'13','edbjibb','E'),(2608,'13','edbjibc','V'),(2609,'13','edcacee','E'),(2610,'13','edcacef','L'),(2611,'13','edbjhih','E'),(2612,'13','edbjhii','L'),(2613,'13','edbjhij','V'),(2614,'13','edbjhja','L'),(2615,'13','edbjhjb','E'),(2616,'13','edbjhjc','L'),(2617,'13','edbjhjd','E'),(2618,'13','edbjhje','V'),(2619,'13','edbjhjf','E'),(2620,'13','edbjhjg','L'),(2621,'13','edbjhjh','V'),(2622,'13','edbjhji','V'),(2623,'13','edbjhjj','V'),(2624,'13','edcacec','L'),(2625,'13','edcaced','L'),(2626,'13','edbjhhe','E'),(2627,'13','edbjhhf','L'),(2628,'13','edbjhhg','L'),(2629,'13','edbjhhh','E'),(2630,'13','edbjhhi','L'),(2631,'13','edbjhhj','V'),(2632,'13','edbjhia','E'),(2633,'13','edbjhib','L'),(2634,'13','edbjhic','L'),(2635,'13','edbjhid','V'),(2636,'13','edbjhie','E'),(2637,'13','edbjhif','L'),(2638,'13','edbjhig','E'),(2639,'13','edcacea','V'),(2640,'13','edcaceb','L'),(2641,'13','edbjhgb','L'),(2642,'13','edbjhgc','V'),(2643,'13','edbjhgd','V'),(2644,'13','edbjhge','E'),(2645,'13','edbjhgf','E'),(2646,'13','edbjhgg','E'),(2647,'13','edbjhgh','V'),(2648,'13','edbjhgi','L'),(2649,'13','edbjhgj','E'),(2650,'13','edbjhha','L'),(2651,'13','edbjhhb','E'),(2652,'13','edbjhhc','V'),(2653,'13','edbjhhd','L'),(2654,'13','edcacdi','L'),(2655,'13','edcacdj','V'),(2656,'13','edbjhei','E'),(2657,'13','edbjhej','L'),(2658,'13','edbjhfa','V'),(2659,'13','edbjhfb','E'),(2660,'13','edbjhfc','E'),(2661,'13','edbjhfd','V'),(2662,'13','edbjhfe','L'),(2663,'13','edbjhff','V'),(2664,'13','edbjhfg','L'),(2665,'13','edbjhfh','L'),(2666,'13','edbjhfi','L'),(2667,'13','edbjhfj','V'),(2668,'13','edbjhga','L'),(2669,'13','edcacdg','V'),(2670,'13','edcacdh','E'),(2671,'13','edbjhdf','L'),(2672,'13','edbjhdg','L'),(2673,'13','edbjhdh','E'),(2674,'13','edbjhdi','L'),(2675,'13','edbjhdj','V'),(2676,'13','edbjhea','V'),(2677,'13','edbjheb','V'),(2678,'13','edbjhec','V'),(2679,'13','edbjhed','L'),(2680,'13','edbjhee','E'),(2681,'13','edbjhef','L'),(2682,'13','edbjheg','L'),(2683,'13','edbjheh','V'),(2684,'13','edcacde','V'),(2685,'13','edcacdf','L'),(2686,'13','edbjhcc','L'),(2687,'13','edbjhcd','V'),(2688,'13','edbjhce','E'),(2689,'13','edbjhcf','E'),(2690,'13','edbjhcg','E'),(2691,'13','edbjhch','L'),(2692,'13','edbjhci','E'),(2693,'13','edbjhcj','L'),(2694,'13','edbjhda','V'),(2695,'13','edbjhdb','L'),(2696,'13','edbjhdc','E'),(2697,'13','edbjhdd','E'),(2698,'13','edbjhde','V'),(2699,'13','edcacdc','L'),(2700,'13','edcacdd','L'),(2701,'13','edbjhaj','L'),(2702,'13','edbjhba','V'),(2703,'13','edbjhbb','V'),(2704,'13','edbjhbc','V'),(2705,'13','edbjhbd','V'),(2706,'13','edbjhbe','E'),(2707,'13','edbjhbf','V'),(2708,'13','edbjhbg','L'),(2709,'13','edbjhbh','L'),(2710,'13','edbjhbi','L'),(2711,'13','edbjhbj','L'),(2712,'13','edbjhca','E'),(2713,'13','edbjhcb','V'),(2714,'13','edcacda','E'),(2715,'13','edcacdb','V'),(2716,'13','edbjgjg','L'),(2717,'13','edbjgjh','V'),(2718,'13','edbjgji','E'),(2719,'13','edbjgjj','L'),(2720,'13','edbjhaa','E'),(2721,'13','edbjhab','L'),(2722,'13','edbjhac','L'),(2723,'13','edbjhad','E'),(2724,'13','edbjhae','V'),(2725,'13','edbjhaf','V'),(2726,'13','edbjhag','E'),(2727,'13','edbjhah','L'),(2728,'13','edbjhai','E'),(2729,'13','edcacci','V'),(2730,'13','edcaccj','V'),(2731,'14','edbjigf','V'),(2732,'14','edbjigg','V'),(2733,'14','edbjigh','L'),(2734,'14','edbjigi','L'),(2735,'14','edbjigj','E'),(2736,'14','edbjiha','V'),(2737,'14','edbjihb','L'),(2738,'14','edbjihc','V'),(2739,'14','edbjihd','E'),(2740,'14','edbjihe','L'),(2741,'14','edbjihf','E'),(2742,'14','edbjihg','E'),(2743,'14','edbjihh','V'),(2744,'14','edcabjh','E'),(2745,'14','edcabji','V'),(2746,'14','edbjifc','V'),(2747,'14','edbjifd','E'),(2748,'14','edbjife','V'),(2749,'14','edbjiff','E'),(2750,'14','edbjifg','L'),(2751,'14','edbjifh','V'),(2752,'14','edbjifi','V'),(2753,'14','edbjifj','V'),(2754,'14','edbjiga','E'),(2755,'14','edbjigb','E'),(2756,'14','edbjigc','L'),(2757,'14','edbjigd','L'),(2758,'14','edbjige','L'),(2759,'14','edcabjg','V'),(2760,'14','edcabjj','E'),(2761,'14','edbjidi','E'),(2762,'14','edbjiea','E'),(2763,'14','edbjieb','L'),(2764,'14','edbjiec','E'),(2765,'14','edbjied','L'),(2766,'14','edbjiee','E'),(2767,'14','edbjief','V'),(2768,'14','edbjieg','L'),(2769,'14','edbjieh','E'),(2770,'14','edbjiei','V'),(2771,'14','edbjiej','L'),(2772,'14','edbjifa','L'),(2773,'14','edbjifb','E'),(2774,'14','edcacfa','V'),(2775,'14','edcacfb','L'),(2776,'14','edbjicg','L'),(2777,'14','edbjich','L'),(2778,'14','edbjici','V'),(2779,'14','edbjicj','E'),(2780,'14','edbjida','L'),(2781,'14','edbjidb','L'),(2782,'14','edbjidc','L'),(2783,'14','edbjidd','L'),(2784,'14','edbjide','E'),(2785,'14','edbjidf','L'),(2786,'14','edbjidg','V'),(2787,'14','edbjidh','V'),(2788,'14','edbjidj','V'),(2789,'14','edcacei','E'),(2790,'14','edcacej','V'),(2791,'14','edbjibd','V'),(2792,'14','edbjibe','E'),(2793,'14','edbjibf','E'),(2794,'14','edbjibg','E'),(2795,'14','edbjibh','V'),(2796,'14','edbjibi','E'),(2797,'14','edbjibj','V'),(2798,'14','edbjica','V'),(2799,'14','edbjicb','L'),(2800,'14','edbjicc','E'),(2801,'14','edbjicd','L'),(2802,'14','edbjice','V'),(2803,'14','edbjicf','V'),(2804,'14','edcaceg','E'),(2805,'14','edcaceh','V'),(2806,'14','edbjiaa','V'),(2807,'14','edbjiab','V'),(2808,'14','edbjiac','V'),(2809,'14','edbjiad','V'),(2810,'14','edbjiae','L'),(2811,'14','edbjiaf','E'),(2812,'14','edbjiag','V'),(2813,'14','edbjiah','E'),(2814,'14','edbjiai','E'),(2815,'14','edbjiaj','L'),(2816,'14','edbjiba','L'),(2817,'14','edbjibb','V'),(2818,'14','edbjibc','E'),(2819,'14','edcacee','L'),(2820,'14','edcacef','E'),(2821,'14','edbjhih','V'),(2822,'14','edbjhii','V'),(2823,'14','edbjhij','L'),(2824,'14','edbjhja','L'),(2825,'14','edbjhjb','E'),(2826,'14','edbjhjc','L'),(2827,'14','edbjhjd','V'),(2828,'14','edbjhje','V'),(2829,'14','edbjhjf','E'),(2830,'14','edbjhjg','L'),(2831,'14','edbjhjh','L'),(2832,'14','edbjhji','V'),(2833,'14','edbjhjj','E'),(2834,'14','edcacec','V'),(2835,'14','edcaced','L'),(2836,'14','edbjhhe','V'),(2837,'14','edbjhhf','E'),(2838,'14','edbjhhg','E'),(2839,'14','edbjhhh','L'),(2840,'14','edbjhhi','L'),(2841,'14','edbjhhj','L'),(2842,'14','edbjhia','L'),(2843,'14','edbjhib','E'),(2844,'14','edbjhic','V'),(2845,'14','edbjhid','L'),(2846,'14','edbjhie','L'),(2847,'14','edbjhif','L'),(2848,'14','edbjhig','V'),(2849,'14','edcacea','L'),(2850,'14','edcaceb','V'),(2851,'14','edbjhgb','L'),(2852,'14','edbjhgc','E'),(2853,'14','edbjhgd','E'),(2854,'14','edbjhge','V'),(2855,'14','edbjhgf','V'),(2856,'14','edbjhgg','E'),(2857,'14','edbjhgh','E'),(2858,'14','edbjhgi','E'),(2859,'14','edbjhgj','L'),(2860,'14','edbjhha','V'),(2861,'14','edbjhhb','E'),(2862,'14','edbjhhc','V'),(2863,'14','edbjhhd','V'),(2864,'14','edcacdi','E'),(2865,'14','edcacdj','V'),(2866,'14','edbjhei','E'),(2867,'14','edbjhej','E'),(2868,'14','edbjhfa','E'),(2869,'14','edbjhfb','V'),(2870,'14','edbjhfc','L'),(2871,'14','edbjhfd','E'),(2872,'14','edbjhfe','E'),(2873,'14','edbjhff','E'),(2874,'14','edbjhfg','L'),(2875,'14','edbjhfh','V'),(2876,'14','edbjhfi','L'),(2877,'14','edbjhfj','V'),(2878,'14','edbjhga','L'),(2879,'14','edcacdg','V'),(2880,'14','edcacdh','V'),(2881,'14','edbjhdf','E'),(2882,'14','edbjhdg','V'),(2883,'14','edbjhdh','E'),(2884,'14','edbjhdi','L'),(2885,'14','edbjhdj','V'),(2886,'14','edbjhea','V'),(2887,'14','edbjheb','E'),(2888,'14','edbjhec','E'),(2889,'14','edbjhed','E'),(2890,'14','edbjhee','L'),(2891,'14','edbjhef','E'),(2892,'14','edbjheg','V'),(2893,'14','edbjheh','L'),(2894,'14','edcacde','V'),(2895,'14','edcacdf','V'),(2896,'14','edbjhcc','V'),(2897,'14','edbjhcd','L'),(2898,'14','edbjhce','L'),(2899,'14','edbjhcf','V'),(2900,'14','edbjhcg','V'),(2901,'14','edbjhch','L'),(2902,'14','edbjhci','V'),(2903,'14','edbjhcj','L'),(2904,'14','edbjhda','V'),(2905,'14','edbjhdb','L'),(2906,'14','edbjhdc','E'),(2907,'14','edbjhdd','E'),(2908,'14','edbjhde','L'),(2909,'14','edcacdc','L'),(2910,'14','edcacdd','V'),(2911,'14','edbjhaj','V'),(2912,'14','edbjhba','L'),(2913,'14','edbjhbb','V'),(2914,'14','edbjhbc','L'),(2915,'14','edbjhbd','V'),(2916,'14','edbjhbe','L'),(2917,'14','edbjhbf','V'),(2918,'14','edbjhbg','V'),(2919,'14','edbjhbh','E'),(2920,'14','edbjhbi','V'),(2921,'14','edbjhbj','E'),(2922,'14','edbjhca','V'),(2923,'14','edbjhcb','E'),(2924,'14','edcacda','L'),(2925,'14','edcacdb','V'),(2926,'14','edbjgjg','L'),(2927,'14','edbjgjh','V'),(2928,'14','edbjgji','L'),(2929,'14','edbjgjj','L'),(2930,'14','edbjhaa','E'),(2931,'14','edbjhab','E'),(2932,'14','edbjhac','L'),(2933,'14','edbjhad','L'),(2934,'14','edbjhae','V'),(2935,'14','edbjhaf','E'),(2936,'14','edbjhag','V'),(2937,'14','edbjhah','V'),(2938,'14','edbjhai','L'),(2939,'14','edcacci','E'),(2940,'14','edcaccj','L'),(2941,'15','edbjigf','L'),(2942,'15','edbjigg','V'),(2943,'15','edbjigh','L'),(2944,'15','edbjigi','V'),(2945,'15','edbjigj','E'),(2946,'15','edbjiha','E'),(2947,'15','edbjihb','L'),(2948,'15','edbjihc','E'),(2949,'15','edbjihd','L'),(2950,'15','edbjihe','L'),(2951,'15','edbjihf','L'),(2952,'15','edbjihg','V'),(2953,'15','edbjihh','L'),(2954,'15','edcabjh','V'),(2955,'15','edcabji','L'),(2956,'15','edbjifc','E'),(2957,'15','edbjifd','V'),(2958,'15','edbjife','E'),(2959,'15','edbjiff','E'),(2960,'15','edbjifg','V'),(2961,'15','edbjifh','E'),(2962,'15','edbjifi','E'),(2963,'15','edbjifj','E'),(2964,'15','edbjiga','L'),(2965,'15','edbjigb','E'),(2966,'15','edbjigc','L'),(2967,'15','edbjigd','V'),(2968,'15','edbjige','V'),(2969,'15','edcabjg','L'),(2970,'15','edcabjj','L'),(2971,'15','edbjidi','L'),(2972,'15','edbjiea','L'),(2973,'15','edbjieb','V'),(2974,'15','edbjiec','V'),(2975,'15','edbjied','V'),(2976,'15','edbjiee','L'),(2977,'15','edbjief','E'),(2978,'15','edbjieg','L'),(2979,'15','edbjieh','V'),(2980,'15','edbjiei','L'),(2981,'15','edbjiej','V'),(2982,'15','edbjifa','E'),(2983,'15','edbjifb','V'),(2984,'15','edcacfa','V'),(2985,'15','edcacfb','E'),(2986,'15','edbjicg','L'),(2987,'15','edbjich','L'),(2988,'15','edbjici','L'),(2989,'15','edbjicj','E'),(2990,'15','edbjida','V'),(2991,'15','edbjidb','E'),(2992,'15','edbjidc','E'),(2993,'15','edbjidd','V'),(2994,'15','edbjide','L'),(2995,'15','edbjidf','V'),(2996,'15','edbjidg','E'),(2997,'15','edbjidh','L'),(2998,'15','edbjidj','V'),(2999,'15','edcacei','V'),(3000,'15','edcacej','L'),(3001,'15','edbjibd','E'),(3002,'15','edbjibe','L'),(3003,'15','edbjibf','E'),(3004,'15','edbjibg','V'),(3005,'15','edbjibh','V'),(3006,'15','edbjibi','L'),(3007,'15','edbjibj','L'),(3008,'15','edbjica','V'),(3009,'15','edbjicb','L'),(3010,'15','edbjicc','V'),(3011,'15','edbjicd','E'),(3012,'15','edbjice','E'),(3013,'15','edbjicf','L'),(3014,'15','edcaceg','L'),(3015,'15','edcaceh','V'),(3016,'15','edbjiaa','E'),(3017,'15','edbjiab','E'),(3018,'15','edbjiac','L'),(3019,'15','edbjiad','E'),(3020,'15','edbjiae','L'),(3021,'15','edbjiaf','V'),(3022,'15','edbjiag','V'),(3023,'15','edbjiah','E'),(3024,'15','edbjiai','L'),(3025,'15','edbjiaj','V'),(3026,'15','edbjiba','V'),(3027,'15','edbjibb','V'),(3028,'15','edbjibc','E'),(3029,'15','edcacee','E'),(3030,'15','edcacef','E'),(3031,'15','edbjhih','L'),(3032,'15','edbjhii','V'),(3033,'15','edbjhij','V'),(3034,'15','edbjhja','L'),(3035,'15','edbjhjb','L'),(3036,'15','edbjhjc','E'),(3037,'15','edbjhjd','L'),(3038,'15','edbjhje','E'),(3039,'15','edbjhjf','V'),(3040,'15','edbjhjg','E'),(3041,'15','edbjhjh','V'),(3042,'15','edbjhji','V'),(3043,'15','edbjhjj','E'),(3044,'15','edcacec','L'),(3045,'15','edcaced','L'),(3046,'15','edbjhhe','E'),(3047,'15','edbjhhf','E'),(3048,'15','edbjhhg','V'),(3049,'15','edbjhhh','V'),(3050,'15','edbjhhi','L'),(3051,'15','edbjhhj','E'),(3052,'15','edbjhia','L'),(3053,'15','edbjhib','L'),(3054,'15','edbjhic','L'),(3055,'15','edbjhid','E'),(3056,'15','edbjhie','E'),(3057,'15','edbjhif','V'),(3058,'15','edbjhig','V'),(3059,'15','edcacea','V'),(3060,'15','edcaceb','L'),(3061,'15','edbjhgb','V'),(3062,'15','edbjhgc','L'),(3063,'15','edbjhgd','V'),(3064,'15','edbjhge','L'),(3065,'15','edbjhgf','V'),(3066,'15','edbjhgg','E'),(3067,'15','edbjhgh','E'),(3068,'15','edbjhgi','V'),(3069,'15','edbjhgj','E'),(3070,'15','edbjhha','L'),(3071,'15','edbjhhb','V'),(3072,'15','edbjhhc','L'),(3073,'15','edbjhhd','E'),(3074,'15','edcacdi','L'),(3075,'15','edcacdj','E'),(3076,'15','edbjhei','E'),(3077,'15','edbjhej','V'),(3078,'15','edbjhfa','V'),(3079,'15','edbjhfb','V'),(3080,'15','edbjhfc','E'),(3081,'15','edbjhfd','L'),(3082,'15','edbjhfe','E'),(3083,'15','edbjhff','L'),(3084,'15','edbjhfg','V'),(3085,'15','edbjhfh','L'),(3086,'15','edbjhfi','L'),(3087,'15','edbjhfj','V'),(3088,'15','edbjhga','V'),(3089,'15','edcacdg','E'),(3090,'15','edcacdh','E'),(3091,'15','edbjhdf','E'),(3092,'15','edbjhdg','V'),(3093,'15','edbjhdh','V'),(3094,'15','edbjhdi','E'),(3095,'15','edbjhdj','V'),(3096,'15','edbjhea','L'),(3097,'15','edbjheb','L'),(3098,'15','edbjhec','E'),(3099,'15','edbjhed','L'),(3100,'15','edbjhee','E'),(3101,'15','edbjhef','L'),(3102,'15','edbjheg','E'),(3103,'15','edbjheh','E'),(3104,'15','edcacde','V'),(3105,'15','edcacdf','E'),(3106,'15','edbjhcc','V'),(3107,'15','edbjhcd','E'),(3108,'15','edbjhce','V'),(3109,'15','edbjhcf','L'),(3110,'15','edbjhcg','V'),(3111,'15','edbjhch','V'),(3112,'15','edbjhci','V'),(3113,'15','edbjhcj','E'),(3114,'15','edbjhda','V'),(3115,'15','edbjhdb','L'),(3116,'15','edbjhdc','E'),(3117,'15','edbjhdd','V'),(3118,'15','edbjhde','E'),(3119,'15','edcacdc','E'),(3120,'15','edcacdd','E'),(3121,'15','edbjhaj','V'),(3122,'15','edbjhba','E'),(3123,'15','edbjhbb','L'),(3124,'15','edbjhbc','E'),(3125,'15','edbjhbd','L'),(3126,'15','edbjhbe','L'),(3127,'15','edbjhbf','V'),(3128,'15','edbjhbg','V'),(3129,'15','edbjhbh','L'),(3130,'15','edbjhbi','L'),(3131,'15','edbjhbj','E'),(3132,'15','edbjhca','V'),(3133,'15','edbjhcb','L'),(3134,'15','edcacda','V'),(3135,'15','edcacdb','V'),(3136,'15','edbjgjg','E'),(3137,'15','edbjgjh','L'),(3138,'15','edbjgji','L'),(3139,'15','edbjgjj','E'),(3140,'15','edbjhaa','E'),(3141,'15','edbjhab','E'),(3142,'15','edbjhac','E'),(3143,'15','edbjhad','L'),(3144,'15','edbjhae','V'),(3145,'15','edbjhaf','L'),(3146,'15','edbjhag','E'),(3147,'15','edbjhah','V'),(3148,'15','edbjhai','V'),(3149,'15','edcacci','V'),(3150,'15','edcaccj','V'),(3151,'16','edbjigf','V'),(3152,'16','edbjigg','V'),(3153,'16','edbjigh','L'),(3154,'16','edbjigi','V'),(3155,'16','edbjigj','L'),(3156,'16','edbjiha','V'),(3157,'16','edbjihb','V'),(3158,'16','edbjihc','V'),(3159,'16','edbjihd','L'),(3160,'16','edbjihe','L'),(3161,'16','edbjihf','L'),(3162,'16','edbjihg','E'),(3163,'16','edbjihh','V'),(3164,'16','edcabjh','L'),(3165,'16','edcabji','L'),(3166,'16','edbjifc','V'),(3167,'16','edbjifd','L'),(3168,'16','edbjife','L'),(3169,'16','edbjiff','V'),(3170,'16','edbjifg','L'),(3171,'16','edbjifh','V'),(3172,'16','edbjifi','L'),(3173,'16','edbjifj','E'),(3174,'16','edbjiga','V'),(3175,'16','edbjigb','V'),(3176,'16','edbjigc','E'),(3177,'16','edbjigd','L'),(3178,'16','edbjige','V'),(3179,'16','edcabjg','E'),(3180,'16','edcabjj','L'),(3181,'16','edbjidi','V'),(3182,'16','edbjiea','V'),(3183,'16','edbjieb','E'),(3184,'16','edbjiec','V'),(3185,'16','edbjied','V'),(3186,'16','edbjiee','E'),(3187,'16','edbjief','V'),(3188,'16','edbjieg','L'),(3189,'16','edbjieh','L'),(3190,'16','edbjiei','L'),(3191,'16','edbjiej','V'),(3192,'16','edbjifa','V'),(3193,'16','edbjifb','L'),(3194,'16','edcacfa','E'),(3195,'16','edcacfb','L'),(3196,'16','edbjicg','V'),(3197,'16','edbjich','V'),(3198,'16','edbjici','L'),(3199,'16','edbjicj','L'),(3200,'16','edbjida','V'),(3201,'16','edbjidb','L'),(3202,'16','edbjidc','E'),(3203,'16','edbjidd','V'),(3204,'16','edbjide','E'),(3205,'16','edbjidf','E'),(3206,'16','edbjidg','L'),(3207,'16','edbjidh','L'),(3208,'16','edbjidj','E'),(3209,'16','edcacei','V'),(3210,'16','edcacej','L'),(3211,'16','edbjibd','L'),(3212,'16','edbjibe','E'),(3213,'16','edbjibf','L'),(3214,'16','edbjibg','E'),(3215,'16','edbjibh','L'),(3216,'16','edbjibi','V'),(3217,'16','edbjibj','L'),(3218,'16','edbjica','V'),(3219,'16','edbjicb','V'),(3220,'16','edbjicc','E'),(3221,'16','edbjicd','L'),(3222,'16','edbjice','L'),(3223,'16','edbjicf','L'),(3224,'16','edcaceg','L'),(3225,'16','edcaceh','E'),(3226,'16','edbjiaa','V'),(3227,'16','edbjiab','L'),(3228,'16','edbjiac','E'),(3229,'16','edbjiad','V'),(3230,'16','edbjiae','L'),(3231,'16','edbjiaf','E'),(3232,'16','edbjiag','L'),(3233,'16','edbjiah','L'),(3234,'16','edbjiai','E'),(3235,'16','edbjiaj','E'),(3236,'16','edbjiba','V'),(3237,'16','edbjibb','V'),(3238,'16','edbjibc','E'),(3239,'16','edcacee','L'),(3240,'16','edcacef','V'),(3241,'16','edbjhih','E'),(3242,'16','edbjhii','E'),(3243,'16','edbjhij','L'),(3244,'16','edbjhja','E'),(3245,'16','edbjhjb','V'),(3246,'16','edbjhjc','L'),(3247,'16','edbjhjd','E'),(3248,'16','edbjhje','L'),(3249,'16','edbjhjf','V'),(3250,'16','edbjhjg','V'),(3251,'16','edbjhjh','E'),(3252,'16','edbjhji','V'),(3253,'16','edbjhjj','V'),(3254,'16','edcacec','V'),(3255,'16','edcaced','E'),(3256,'16','edbjhhe','V'),(3257,'16','edbjhhf','V'),(3258,'16','edbjhhg','E'),(3259,'16','edbjhhh','V'),(3260,'16','edbjhhi','E'),(3261,'16','edbjhhj','E'),(3262,'16','edbjhia','E'),(3263,'16','edbjhib','V'),(3264,'16','edbjhic','V'),(3265,'16','edbjhid','L'),(3266,'16','edbjhie','V'),(3267,'16','edbjhif','L'),(3268,'16','edbjhig','E'),(3269,'16','edcacea','L'),(3270,'16','edcaceb','E'),(3271,'16','edbjhgb','E'),(3272,'16','edbjhgc','E'),(3273,'16','edbjhgd','V'),(3274,'16','edbjhge','L'),(3275,'16','edbjhgf','L'),(3276,'16','edbjhgg','E'),(3277,'16','edbjhgh','E'),(3278,'16','edbjhgi','E'),(3279,'16','edbjhgj','L'),(3280,'16','edbjhha','L'),(3281,'16','edbjhhb','V'),(3282,'16','edbjhhc','L'),(3283,'16','edbjhhd','E'),(3284,'16','edcacdi','E'),(3285,'16','edcacdj','E'),(3286,'16','edbjhei','V'),(3287,'16','edbjhej','E'),(3288,'16','edbjhfa','V'),(3289,'16','edbjhfb','V'),(3290,'16','edbjhfc','E'),(3291,'16','edbjhfd','E'),(3292,'16','edbjhfe','V'),(3293,'16','edbjhff','L'),(3294,'16','edbjhfg','E'),(3295,'16','edbjhfh','V'),(3296,'16','edbjhfi','V'),(3297,'16','edbjhfj','V'),(3298,'16','edbjhga','L'),(3299,'16','edcacdg','V'),(3300,'16','edcacdh','E'),(3301,'16','edbjhdf','L'),(3302,'16','edbjhdg','L'),(3303,'16','edbjhdh','V'),(3304,'16','edbjhdi','L'),(3305,'16','edbjhdj','E'),(3306,'16','edbjhea','V'),(3307,'16','edbjheb','L'),(3308,'16','edbjhec','L'),(3309,'16','edbjhed','L'),(3310,'16','edbjhee','V'),(3311,'16','edbjhef','E'),(3312,'16','edbjheg','L'),(3313,'16','edbjheh','L'),(3314,'16','edcacde','L'),(3315,'16','edcacdf','L'),(3316,'16','edbjhcc','E'),(3317,'16','edbjhcd','V'),(3318,'16','edbjhce','L'),(3319,'16','edbjhcf','E'),(3320,'16','edbjhcg','V'),(3321,'16','edbjhch','L'),(3322,'16','edbjhci','E'),(3323,'16','edbjhcj','L'),(3324,'16','edbjhda','L'),(3325,'16','edbjhdb','V'),(3326,'16','edbjhdc','E'),(3327,'16','edbjhdd','L'),(3328,'16','edbjhde','V'),(3329,'16','edcacdc','V'),(3330,'16','edcacdd','L'),(3331,'16','edbjhaj','V'),(3332,'16','edbjhba','L'),(3333,'16','edbjhbb','V'),(3334,'16','edbjhbc','E'),(3335,'16','edbjhbd','V'),(3336,'16','edbjhbe','E'),(3337,'16','edbjhbf','V'),(3338,'16','edbjhbg','V'),(3339,'16','edbjhbh','L'),(3340,'16','edbjhbi','V'),(3341,'16','edbjhbj','E'),(3342,'16','edbjhca','V'),(3343,'16','edbjhcb','E'),(3344,'16','edcacda','L'),(3345,'16','edcacdb','V'),(3346,'16','edbjgjg','V'),(3347,'16','edbjgjh','L'),(3348,'16','edbjgji','V'),(3349,'16','edbjgjj','V'),(3350,'16','edbjhaa','E'),(3351,'16','edbjhab','V'),(3352,'16','edbjhac','E'),(3353,'16','edbjhad','V'),(3354,'16','edbjhae','V'),(3355,'16','edbjhaf','E'),(3356,'16','edbjhag','L'),(3357,'16','edbjhah','L'),(3358,'16','edbjhai','V'),(3359,'16','edcacci','V'),(3360,'16','edcaccj','V'),(3361,'17','edbjigf','L'),(3362,'17','edbjigg','V'),(3363,'17','edbjigh','L'),(3364,'17','edbjigi','L'),(3365,'17','edbjigj','V'),(3366,'17','edbjiha','E'),(3367,'17','edbjihb','V'),(3368,'17','edbjihc','L'),(3369,'17','edbjihd','E'),(3370,'17','edbjihe','L'),(3371,'17','edbjihf','V'),(3372,'17','edbjihg','V'),(3373,'17','edbjihh','V'),(3374,'17','edcabjh','L'),(3375,'17','edcabji','E'),(3376,'17','edbjifc','V'),(3377,'17','edbjifd','E'),(3378,'17','edbjife','V'),(3379,'17','edbjiff','E'),(3380,'17','edbjifg','L'),(3381,'17','edbjifh','L'),(3382,'17','edbjifi','V'),(3383,'17','edbjifj','E'),(3384,'17','edbjiga','V'),(3385,'17','edbjigb','E'),(3386,'17','edbjigc','E'),(3387,'17','edbjigd','E'),(3388,'17','edbjige','V'),(3389,'17','edcabjg','L'),(3390,'17','edcabjj','V'),(3391,'17','edbjidi','V'),(3392,'17','edbjiea','E'),(3393,'17','edbjieb','V'),(3394,'17','edbjiec','E'),(3395,'17','edbjied','V'),(3396,'17','edbjiee','E'),(3397,'17','edbjief','V'),(3398,'17','edbjieg','E'),(3399,'17','edbjieh','V'),(3400,'17','edbjiei','V'),(3401,'17','edbjiej','E'),(3402,'17','edbjifa','E'),(3403,'17','edbjifb','V'),(3404,'17','edcacfa','L'),(3405,'17','edcacfb','L'),(3406,'17','edbjicg','V'),(3407,'17','edbjich','L'),(3408,'17','edbjici','L'),(3409,'17','edbjicj','V'),(3410,'17','edbjida','L'),(3411,'17','edbjidb','E'),(3412,'17','edbjidc','E'),(3413,'17','edbjidd','V'),(3414,'17','edbjide','L'),(3415,'17','edbjidf','L'),(3416,'17','edbjidg','V'),(3417,'17','edbjidh','E'),(3418,'17','edbjidj','L'),(3419,'17','edcacei','L'),(3420,'17','edcacej','E'),(3421,'17','edbjibd','V'),(3422,'17','edbjibe','L'),(3423,'17','edbjibf','V'),(3424,'17','edbjibg','E'),(3425,'17','edbjibh','E'),(3426,'17','edbjibi','E'),(3427,'17','edbjibj','E'),(3428,'17','edbjica','E'),(3429,'17','edbjicb','V'),(3430,'17','edbjicc','E'),(3431,'17','edbjicd','E'),(3432,'17','edbjice','V'),(3433,'17','edbjicf','V'),(3434,'17','edcaceg','E'),(3435,'17','edcaceh','L'),(3436,'17','edbjiaa','E'),(3437,'17','edbjiab','L'),(3438,'17','edbjiac','E'),(3439,'17','edbjiad','V'),(3440,'17','edbjiae','V'),(3441,'17','edbjiaf','V'),(3442,'17','edbjiag','E'),(3443,'17','edbjiah','V'),(3444,'17','edbjiai','V'),(3445,'17','edbjiaj','L'),(3446,'17','edbjiba','L'),(3447,'17','edbjibb','E'),(3448,'17','edbjibc','E'),(3449,'17','edcacee','L'),(3450,'17','edcacef','L'),(3451,'17','edbjhih','V'),(3452,'17','edbjhii','V'),(3453,'17','edbjhij','V'),(3454,'17','edbjhja','E'),(3455,'17','edbjhjb','V'),(3456,'17','edbjhjc','L'),(3457,'17','edbjhjd','L'),(3458,'17','edbjhje','E'),(3459,'17','edbjhjf','E'),(3460,'17','edbjhjg','E'),(3461,'17','edbjhjh','L'),(3462,'17','edbjhji','V'),(3463,'17','edbjhjj','E'),(3464,'17','edcacec','E'),(3465,'17','edcaced','V'),(3466,'17','edbjhhe','L'),(3467,'17','edbjhhf','L'),(3468,'17','edbjhhg','L'),(3469,'17','edbjhhh','V'),(3470,'17','edbjhhi','L'),(3471,'17','edbjhhj','E'),(3472,'17','edbjhia','L'),(3473,'17','edbjhib','E'),(3474,'17','edbjhic','E'),(3475,'17','edbjhid','E'),(3476,'17','edbjhie','V'),(3477,'17','edbjhif','E'),(3478,'17','edbjhig','L'),(3479,'17','edcacea','V'),(3480,'17','edcaceb','E'),(3481,'17','edbjhgb','E'),(3482,'17','edbjhgc','E'),(3483,'17','edbjhgd','E'),(3484,'17','edbjhge','V'),(3485,'17','edbjhgf','L'),(3486,'17','edbjhgg','E'),(3487,'17','edbjhgh','L'),(3488,'17','edbjhgi','L'),(3489,'17','edbjhgj','L'),(3490,'17','edbjhha','E'),(3491,'17','edbjhhb','L'),(3492,'17','edbjhhc','V'),(3493,'17','edbjhhd','L'),(3494,'17','edcacdi','L'),(3495,'17','edcacdj','E'),(3496,'17','edbjhei','V'),(3497,'17','edbjhej','E'),(3498,'17','edbjhfa','L'),(3499,'17','edbjhfb','L'),(3500,'17','edbjhfc','V'),(3501,'17','edbjhfd','V'),(3502,'17','edbjhfe','L'),(3503,'17','edbjhff','E'),(3504,'17','edbjhfg','L'),(3505,'17','edbjhfh','L'),(3506,'17','edbjhfi','E'),(3507,'17','edbjhfj','E'),(3508,'17','edbjhga','V'),(3509,'17','edcacdg','L'),(3510,'17','edcacdh','E'),(3511,'17','edbjhdf','V'),(3512,'17','edbjhdg','V'),(3513,'17','edbjhdh','V'),(3514,'17','edbjhdi','V'),(3515,'17','edbjhdj','L'),(3516,'17','edbjhea','L'),(3517,'17','edbjheb','L'),(3518,'17','edbjhec','V'),(3519,'17','edbjhed','E'),(3520,'17','edbjhee','L'),(3521,'17','edbjhef','V'),(3522,'17','edbjheg','L'),(3523,'17','edbjheh','L'),(3524,'17','edcacde','V'),(3525,'17','edcacdf','V'),(3526,'17','edbjhcc','E'),(3527,'17','edbjhcd','L'),(3528,'17','edbjhce','V'),(3529,'17','edbjhcf','E'),(3530,'17','edbjhcg','L'),(3531,'17','edbjhch','E'),(3532,'17','edbjhci','V'),(3533,'17','edbjhcj','L'),(3534,'17','edbjhda','L'),(3535,'17','edbjhdb','E'),(3536,'17','edbjhdc','V'),(3537,'17','edbjhdd','L'),(3538,'17','edbjhde','V'),(3539,'17','edcacdc','E'),(3540,'17','edcacdd','V'),(3541,'17','edbjhaj','L'),(3542,'17','edbjhba','V'),(3543,'17','edbjhbb','L'),(3544,'17','edbjhbc','E'),(3545,'17','edbjhbd','L'),(3546,'17','edbjhbe','E'),(3547,'17','edbjhbf','V'),(3548,'17','edbjhbg','L'),(3549,'17','edbjhbh','E'),(3550,'17','edbjhbi','E'),(3551,'17','edbjhbj','V'),(3552,'17','edbjhca','L'),(3553,'17','edbjhcb','V'),(3554,'17','edcacda','L'),(3555,'17','edcacdb','E'),(3556,'17','edbjgjg','V'),(3557,'17','edbjgjh','E'),(3558,'17','edbjgji','L'),(3559,'17','edbjgjj','L'),(3560,'17','edbjhaa','L'),(3561,'17','edbjhab','E'),(3562,'17','edbjhac','E'),(3563,'17','edbjhad','V'),(3564,'17','edbjhae','E'),(3565,'17','edbjhaf','L'),(3566,'17','edbjhag','L'),(3567,'17','edbjhah','L'),(3568,'17','edbjhai','E'),(3569,'17','edcacci','V'),(3570,'17','edcaccj','E'),(3571,'18','edbjigf','L'),(3572,'18','edbjigg','V'),(3573,'18','edbjigh','E'),(3574,'18','edbjigi','L'),(3575,'18','edbjigj','E'),(3576,'18','edbjiha','L'),(3577,'18','edbjihb','V'),(3578,'18','edbjihc','E'),(3579,'18','edbjihd','E'),(3580,'18','edbjihe','L'),(3581,'18','edbjihf','V'),(3582,'18','edbjihg','V'),(3583,'18','edbjihh','L'),(3584,'18','edcabjh','E'),(3585,'18','edcabji','V'),(3586,'18','edbjifc','V'),(3587,'18','edbjifd','V'),(3588,'18','edbjife','V'),(3589,'18','edbjiff','E'),(3590,'18','edbjifg','V'),(3591,'18','edbjifh','V'),(3592,'18','edbjifi','L'),(3593,'18','edbjifj','V'),(3594,'18','edbjiga','L'),(3595,'18','edbjigb','L'),(3596,'18','edbjigc','V'),(3597,'18','edbjigd','V'),(3598,'18','edbjige','L'),(3599,'18','edcabjg','E'),(3600,'18','edcabjj','E'),(3601,'18','edbjidi','L'),(3602,'18','edbjiea','V'),(3603,'18','edbjieb','L'),(3604,'18','edbjiec','L'),(3605,'18','edbjied','E'),(3606,'18','edbjiee','L'),(3607,'18','edbjief','E'),(3608,'18','edbjieg','E'),(3609,'18','edbjieh','V'),(3610,'18','edbjiei','E'),(3611,'18','edbjiej','V'),(3612,'18','edbjifa','E'),(3613,'18','edbjifb','E'),(3614,'18','edcacfa','L'),(3615,'18','edcacfb','V'),(3616,'18','edbjicg','V'),(3617,'18','edbjich','E'),(3618,'18','edbjici','E'),(3619,'18','edbjicj','V'),(3620,'18','edbjida','E'),(3621,'18','edbjidb','V'),(3622,'18','edbjidc','V'),(3623,'18','edbjidd','V'),(3624,'18','edbjide','V'),(3625,'18','edbjidf','V'),(3626,'18','edbjidg','L'),(3627,'18','edbjidh','L'),(3628,'18','edbjidj','E'),(3629,'18','edcacei','E'),(3630,'18','edcacej','V'),(3631,'18','edbjibd','E'),(3632,'18','edbjibe','L'),(3633,'18','edbjibf','V'),(3634,'18','edbjibg','E'),(3635,'18','edbjibh','V'),(3636,'18','edbjibi','E'),(3637,'18','edbjibj','L'),(3638,'18','edbjica','E'),(3639,'18','edbjicb','V'),(3640,'18','edbjicc','L'),(3641,'18','edbjicd','E'),(3642,'18','edbjice','V'),(3643,'18','edbjicf','E'),(3644,'18','edcaceg','V'),(3645,'18','edcaceh','V'),(3646,'18','edbjiaa','L'),(3647,'18','edbjiab','V'),(3648,'18','edbjiac','E'),(3649,'18','edbjiad','V'),(3650,'18','edbjiae','V'),(3651,'18','edbjiaf','E'),(3652,'18','edbjiag','V'),(3653,'18','edbjiah','L'),(3654,'18','edbjiai','E'),(3655,'18','edbjiaj','E'),(3656,'18','edbjiba','E'),(3657,'18','edbjibb','L'),(3658,'18','edbjibc','E'),(3659,'18','edcacee','V'),(3660,'18','edcacef','L'),(3661,'18','edbjhih','V'),(3662,'18','edbjhii','L'),(3663,'18','edbjhij','L'),(3664,'18','edbjhja','V'),(3665,'18','edbjhjb','V'),(3666,'18','edbjhjc','E'),(3667,'18','edbjhjd','L'),(3668,'18','edbjhje','E'),(3669,'18','edbjhjf','V'),(3670,'18','edbjhjg','L'),(3671,'18','edbjhjh','V'),(3672,'18','edbjhji','V'),(3673,'18','edbjhjj','V'),(3674,'18','edcacec','L'),(3675,'18','edcaced','E'),(3676,'18','edbjhhe','E'),(3677,'18','edbjhhf','E'),(3678,'18','edbjhhg','E'),(3679,'18','edbjhhh','V'),(3680,'18','edbjhhi','E'),(3681,'18','edbjhhj','E'),(3682,'18','edbjhia','V'),(3683,'18','edbjhib','E'),(3684,'18','edbjhic','L'),(3685,'18','edbjhid','E'),(3686,'18','edbjhie','E'),(3687,'18','edbjhif','L'),(3688,'18','edbjhig','L'),(3689,'18','edcacea','E'),(3690,'18','edcaceb','E'),(3691,'18','edbjhgb','V'),(3692,'18','edbjhgc','L'),(3693,'18','edbjhgd','V'),(3694,'18','edbjhge','E'),(3695,'18','edbjhgf','V'),(3696,'18','edbjhgg','E'),(3697,'18','edbjhgh','E'),(3698,'18','edbjhgi','E'),(3699,'18','edbjhgj','L'),(3700,'18','edbjhha','L'),(3701,'18','edbjhhb','V'),(3702,'18','edbjhhc','E'),(3703,'18','edbjhhd','L'),(3704,'18','edcacdi','E'),(3705,'18','edcacdj','L'),(3706,'18','edbjhei','E'),(3707,'18','edbjhej','V'),(3708,'18','edbjhfa','V'),(3709,'18','edbjhfb','L'),(3710,'18','edbjhfc','V'),(3711,'18','edbjhfd','E'),(3712,'18','edbjhfe','E'),(3713,'18','edbjhff','V'),(3714,'18','edbjhfg','E'),(3715,'18','edbjhfh','L'),(3716,'18','edbjhfi','E'),(3717,'18','edbjhfj','V'),(3718,'18','edbjhga','E'),(3719,'18','edcacdg','V'),(3720,'18','edcacdh','L'),(3721,'18','edbjhdf','L'),(3722,'18','edbjhdg','L'),(3723,'18','edbjhdh','V'),(3724,'18','edbjhdi','V'),(3725,'18','edbjhdj','E'),(3726,'18','edbjhea','E'),(3727,'18','edbjheb','E'),(3728,'18','edbjhec','E'),(3729,'18','edbjhed','E'),(3730,'18','edbjhee','L'),(3731,'18','edbjhef','V'),(3732,'18','edbjheg','E'),(3733,'18','edbjheh','V'),(3734,'18','edcacde','E'),(3735,'18','edcacdf','L'),(3736,'18','edbjhcc','V'),(3737,'18','edbjhcd','L'),(3738,'18','edbjhce','L'),(3739,'18','edbjhcf','V'),(3740,'18','edbjhcg','V'),(3741,'18','edbjhch','V'),(3742,'18','edbjhci','V'),(3743,'18','edbjhcj','V'),(3744,'18','edbjhda','L'),(3745,'18','edbjhdb','L'),(3746,'18','edbjhdc','L'),(3747,'18','edbjhdd','L'),(3748,'18','edbjhde','L'),(3749,'18','edcacdc','V'),(3750,'18','edcacdd','V'),(3751,'18','edbjhaj','L'),(3752,'18','edbjhba','E'),(3753,'18','edbjhbb','L'),(3754,'18','edbjhbc','E'),(3755,'18','edbjhbd','V'),(3756,'18','edbjhbe','E'),(3757,'18','edbjhbf','L'),(3758,'18','edbjhbg','E'),(3759,'18','edbjhbh','L'),(3760,'18','edbjhbi','V'),(3761,'18','edbjhbj','E'),(3762,'18','edbjhca','E'),(3763,'18','edbjhcb','E'),(3764,'18','edcacda','V'),(3765,'18','edcacdb','V'),(3766,'18','edbjgjg','E'),(3767,'18','edbjgjh','L'),(3768,'18','edbjgji','E'),(3769,'18','edbjgjj','L'),(3770,'18','edbjhaa','L'),(3771,'18','edbjhab','L'),(3772,'18','edbjhac','V'),(3773,'18','edbjhad','E'),(3774,'18','edbjhae','L'),(3775,'18','edbjhaf','V'),(3776,'18','edbjhag','V'),(3777,'18','edbjhah','E'),(3778,'18','edbjhai','L'),(3779,'18','edcacci','V'),(3780,'18','edcaccj','L'),(3781,'19','edbjigf','E'),(3782,'19','edbjigg','V'),(3783,'19','edbjigh','L'),(3784,'19','edbjigi','V'),(3785,'19','edbjigj','V'),(3786,'19','edbjiha','V'),(3787,'19','edbjihb','V'),(3788,'19','edbjihc','E'),(3789,'19','edbjihd','E'),(3790,'19','edbjihe','V'),(3791,'19','edbjihf','L'),(3792,'19','edbjihg','V'),(3793,'19','edbjihh','E'),(3794,'19','edcabjh','E'),(3795,'19','edcabji','V'),(3796,'19','edbjifc','V'),(3797,'19','edbjifd','L'),(3798,'19','edbjife','V'),(3799,'19','edbjiff','L'),(3800,'19','edbjifg','E'),(3801,'19','edbjifh','L'),(3802,'19','edbjifi','E'),(3803,'19','edbjifj','L'),(3804,'19','edbjiga','E'),(3805,'19','edbjigb','V'),(3806,'19','edbjigc','L'),(3807,'19','edbjigd','E'),(3808,'19','edbjige','L'),(3809,'19','edcabjg','E'),(3810,'19','edcabjj','L'),(3811,'19','edbjidi','L'),(3812,'19','edbjiea','V'),(3813,'19','edbjieb','E'),(3814,'19','edbjiec','V'),(3815,'19','edbjied','V'),(3816,'19','edbjiee','L'),(3817,'19','edbjief','V'),(3818,'19','edbjieg','V'),(3819,'19','edbjieh','V'),(3820,'19','edbjiei','E'),(3821,'19','edbjiej','L'),(3822,'19','edbjifa','L'),(3823,'19','edbjifb','E'),(3824,'19','edcacfa','E'),(3825,'19','edcacfb','E'),(3826,'19','edbjicg','L'),(3827,'19','edbjich','V'),(3828,'19','edbjici','V'),(3829,'19','edbjicj','L'),(3830,'19','edbjida','E'),(3831,'19','edbjidb','V'),(3832,'19','edbjidc','E'),(3833,'19','edbjidd','E'),(3834,'19','edbjide','E'),(3835,'19','edbjidf','E'),(3836,'19','edbjidg','E'),(3837,'19','edbjidh','V'),(3838,'19','edbjidj','V'),(3839,'19','edcacei','V'),(3840,'19','edcacej','L'),(3841,'19','edbjibd','E'),(3842,'19','edbjibe','L'),(3843,'19','edbjibf','E'),(3844,'19','edbjibg','E'),(3845,'19','edbjibh','L'),(3846,'19','edbjibi','V'),(3847,'19','edbjibj','L'),(3848,'19','edbjica','L'),(3849,'19','edbjicb','V'),(3850,'19','edbjicc','E'),(3851,'19','edbjicd','E'),(3852,'19','edbjice','L'),(3853,'19','edbjicf','E'),(3854,'19','edcaceg','E'),(3855,'19','edcaceh','E'),(3856,'19','edbjiaa','L'),(3857,'19','edbjiab','V'),(3858,'19','edbjiac','E'),(3859,'19','edbjiad','V'),(3860,'19','edbjiae','L'),(3861,'19','edbjiaf','L'),(3862,'19','edbjiag','L'),(3863,'19','edbjiah','V'),(3864,'19','edbjiai','L'),(3865,'19','edbjiaj','E'),(3866,'19','edbjiba','V'),(3867,'19','edbjibb','E'),(3868,'19','edbjibc','E'),(3869,'19','edcacee','E'),(3870,'19','edcacef','L'),(3871,'19','edbjhih','L'),(3872,'19','edbjhii','V'),(3873,'19','edbjhij','E'),(3874,'19','edbjhja','E'),(3875,'19','edbjhjb','V'),(3876,'19','edbjhjc','E'),(3877,'19','edbjhjd','V'),(3878,'19','edbjhje','L'),(3879,'19','edbjhjf','E'),(3880,'19','edbjhjg','V'),(3881,'19','edbjhjh','V'),(3882,'19','edbjhji','V'),(3883,'19','edbjhjj','L'),(3884,'19','edcacec','L'),(3885,'19','edcaced','E'),(3886,'19','edbjhhe','E'),(3887,'19','edbjhhf','L'),(3888,'19','edbjhhg','L'),(3889,'19','edbjhhh','V'),(3890,'19','edbjhhi','V'),(3891,'19','edbjhhj','E'),(3892,'19','edbjhia','E'),(3893,'19','edbjhib','L'),(3894,'19','edbjhic','L'),(3895,'19','edbjhid','L'),(3896,'19','edbjhie','E'),(3897,'19','edbjhif','V'),(3898,'19','edbjhig','E'),(3899,'19','edcacea','E'),(3900,'19','edcaceb','V'),(3901,'19','edbjhgb','V'),(3902,'19','edbjhgc','L'),(3903,'19','edbjhgd','V'),(3904,'19','edbjhge','V'),(3905,'19','edbjhgf','E'),(3906,'19','edbjhgg','V'),(3907,'19','edbjhgh','V'),(3908,'19','edbjhgi','E'),(3909,'19','edbjhgj','E'),(3910,'19','edbjhha','L'),(3911,'19','edbjhhb','L'),(3912,'19','edbjhhc','L'),(3913,'19','edbjhhd','V'),(3914,'19','edcacdi','E'),(3915,'19','edcacdj','L'),(3916,'19','edbjhei','E'),(3917,'19','edbjhej','E'),(3918,'19','edbjhfa','V'),(3919,'19','edbjhfb','E'),(3920,'19','edbjhfc','E'),(3921,'19','edbjhfd','L'),(3922,'19','edbjhfe','E'),(3923,'19','edbjhff','E'),(3924,'19','edbjhfg','L'),(3925,'19','edbjhfh','V'),(3926,'19','edbjhfi','E'),(3927,'19','edbjhfj','L'),(3928,'19','edbjhga','E'),(3929,'19','edcacdg','E'),(3930,'19','edcacdh','L'),(3931,'19','edbjhdf','E'),(3932,'19','edbjhdg','V'),(3933,'19','edbjhdh','L'),(3934,'19','edbjhdi','V'),(3935,'19','edbjhdj','L'),(3936,'19','edbjhea','L'),(3937,'19','edbjheb','V'),(3938,'19','edbjhec','E'),(3939,'19','edbjhed','E'),(3940,'19','edbjhee','E'),(3941,'19','edbjhef','E'),(3942,'19','edbjheg','E'),(3943,'19','edbjheh','L'),(3944,'19','edcacde','E'),(3945,'19','edcacdf','V'),(3946,'19','edbjhcc','E'),(3947,'19','edbjhcd','V'),(3948,'19','edbjhce','L'),(3949,'19','edbjhcf','V'),(3950,'19','edbjhcg','E'),(3951,'19','edbjhch','E'),(3952,'19','edbjhci','V'),(3953,'19','edbjhcj','L'),(3954,'19','edbjhda','L'),(3955,'19','edbjhdb','V'),(3956,'19','edbjhdc','E'),(3957,'19','edbjhdd','E'),(3958,'19','edbjhde','L'),(3959,'19','edcacdc','V'),(3960,'19','edcacdd','L'),(3961,'19','edbjhaj','V'),(3962,'19','edbjhba','E'),(3963,'19','edbjhbb','L'),(3964,'19','edbjhbc','V'),(3965,'19','edbjhbd','V'),(3966,'19','edbjhbe','L'),(3967,'19','edbjhbf','E'),(3968,'19','edbjhbg','L'),(3969,'19','edbjhbh','V'),(3970,'19','edbjhbi','L'),(3971,'19','edbjhbj','V'),(3972,'19','edbjhca','L'),(3973,'19','edbjhcb','V'),(3974,'19','edcacda','V'),(3975,'19','edcacdb','L'),(3976,'19','edbjgjg','L'),(3977,'19','edbjgjh','V'),(3978,'19','edbjgji','E'),(3979,'19','edbjgjj','V'),(3980,'19','edbjhaa','E'),(3981,'19','edbjhab','L'),(3982,'19','edbjhac','V'),(3983,'19','edbjhad','L'),(3984,'19','edbjhae','E'),(3985,'19','edbjhaf','V'),(3986,'19','edbjhag','L'),(3987,'19','edbjhah','E'),(3988,'19','edbjhai','V'),(3989,'19','edcacci','L'),(3990,'19','edcaccj','V'),(3991,'20','edbjigf','L'),(3992,'20','edbjigg','E'),(3993,'20','edbjigh','L'),(3994,'20','edbjigi','L'),(3995,'20','edbjigj','L'),(3996,'20','edbjiha','E'),(3997,'20','edbjihb','E'),(3998,'20','edbjihc','E'),(3999,'20','edbjihd','V'),(4000,'20','edbjihe','V'),(4001,'20','edbjihf','V'),(4002,'20','edbjihg','L'),(4003,'20','edbjihh','V'),(4004,'20','edcabjh','V'),(4005,'20','edcabji','L'),(4006,'20','edbjifc','E'),(4007,'20','edbjifd','V'),(4008,'20','edbjife','E'),(4009,'20','edbjiff','E'),(4010,'20','edbjifg','V'),(4011,'20','edbjifh','E'),(4012,'20','edbjifi','V'),(4013,'20','edbjifj','E'),(4014,'20','edbjiga','E'),(4015,'20','edbjigb','L'),(4016,'20','edbjigc','V'),(4017,'20','edbjigd','V'),(4018,'20','edbjige','E'),(4019,'20','edcabjg','E'),(4020,'20','edcabjj','L'),(4021,'20','edbjidi','E'),(4022,'20','edbjiea','E'),(4023,'20','edbjieb','E'),(4024,'20','edbjiec','V'),(4025,'20','edbjied','L'),(4026,'20','edbjiee','E'),(4027,'20','edbjief','L'),(4028,'20','edbjieg','V'),(4029,'20','edbjieh','E'),(4030,'20','edbjiei','E'),(4031,'20','edbjiej','V'),(4032,'20','edbjifa','E'),(4033,'20','edbjifb','V'),(4034,'20','edcacfa','V'),(4035,'20','edcacfb','L'),(4036,'20','edbjicg','V'),(4037,'20','edbjich','V'),(4038,'20','edbjici','E'),(4039,'20','edbjicj','L'),(4040,'20','edbjida','E'),(4041,'20','edbjidb','V'),(4042,'20','edbjidc','L'),(4043,'20','edbjidd','E'),(4044,'20','edbjide','L'),(4045,'20','edbjidf','E'),(4046,'20','edbjidg','L'),(4047,'20','edbjidh','E'),(4048,'20','edbjidj','E'),(4049,'20','edcacei','E'),(4050,'20','edcacej','E'),(4051,'20','edbjibd','E'),(4052,'20','edbjibe','V'),(4053,'20','edbjibf','E'),(4054,'20','edbjibg','L'),(4055,'20','edbjibh','E'),(4056,'20','edbjibi','V'),(4057,'20','edbjibj','V'),(4058,'20','edbjica','L'),(4059,'20','edbjicb','E'),(4060,'20','edbjicc','E'),(4061,'20','edbjicd','L'),(4062,'20','edbjice','L'),(4063,'20','edbjicf','E'),(4064,'20','edcaceg','E'),(4065,'20','edcaceh','L'),(4066,'20','edbjiaa','V'),(4067,'20','edbjiab','E'),(4068,'20','edbjiac','E'),(4069,'20','edbjiad','V'),(4070,'20','edbjiae','L'),(4071,'20','edbjiaf','E'),(4072,'20','edbjiag','V'),(4073,'20','edbjiah','V'),(4074,'20','edbjiai','V'),(4075,'20','edbjiaj','L'),(4076,'20','edbjiba','L'),(4077,'20','edbjibb','L'),(4078,'20','edbjibc','E'),(4079,'20','edcacee','L'),(4080,'20','edcacef','E'),(4081,'20','edbjhih','E'),(4082,'20','edbjhii','E'),(4083,'20','edbjhij','V'),(4084,'20','edbjhja','E'),(4085,'20','edbjhjb','E'),(4086,'20','edbjhjc','L'),(4087,'20','edbjhjd','L'),(4088,'20','edbjhje','L'),(4089,'20','edbjhjf','L'),(4090,'20','edbjhjg','L'),(4091,'20','edbjhjh','E'),(4092,'20','edbjhji','L'),(4093,'20','edbjhjj','E'),(4094,'20','edcacec','E'),(4095,'20','edcaced','L'),(4096,'20','edbjhhe','L'),(4097,'20','edbjhhf','V'),(4098,'20','edbjhhg','V'),(4099,'20','edbjhhh','E'),(4100,'20','edbjhhi','L'),(4101,'20','edbjhhj','E'),(4102,'20','edbjhia','E'),(4103,'20','edbjhib','E'),(4104,'20','edbjhic','L'),(4105,'20','edbjhid','E'),(4106,'20','edbjhie','V'),(4107,'20','edbjhif','L'),(4108,'20','edbjhig','V'),(4109,'20','edcacea','V'),(4110,'20','edcaceb','L'),(4111,'20','edbjhgb','E'),(4112,'20','edbjhgc','L'),(4113,'20','edbjhgd','L'),(4114,'20','edbjhge','V'),(4115,'20','edbjhgf','E'),(4116,'20','edbjhgg','L'),(4117,'20','edbjhgh','V'),(4118,'20','edbjhgi','E'),(4119,'20','edbjhgj','E'),(4120,'20','edbjhha','L'),(4121,'20','edbjhhb','L'),(4122,'20','edbjhhc','V'),(4123,'20','edbjhhd','L'),(4124,'20','edcacdi','L'),(4125,'20','edcacdj','E'),(4126,'20','edbjhei','V'),(4127,'20','edbjhej','E'),(4128,'20','edbjhfa','L'),(4129,'20','edbjhfb','V'),(4130,'20','edbjhfc','L'),(4131,'20','edbjhfd','E'),(4132,'20','edbjhfe','V'),(4133,'20','edbjhff','E'),(4134,'20','edbjhfg','E'),(4135,'20','edbjhfh','E'),(4136,'20','edbjhfi','V'),(4137,'20','edbjhfj','L'),(4138,'20','edbjhga','E'),(4139,'20','edcacdg','L'),(4140,'20','edcacdh','L'),(4141,'20','edbjhdf','L'),(4142,'20','edbjhdg','V'),(4143,'20','edbjhdh','E'),(4144,'20','edbjhdi','V'),(4145,'20','edbjhdj','V'),(4146,'20','edbjhea','E'),(4147,'20','edbjheb','E'),(4148,'20','edbjhec','V'),(4149,'20','edbjhed','E'),(4150,'20','edbjhee','L'),(4151,'20','edbjhef','L'),(4152,'20','edbjheg','L'),(4153,'20','edbjheh','V'),(4154,'20','edcacde','V'),(4155,'20','edcacdf','V'),(4156,'20','edbjhcc','E'),(4157,'20','edbjhcd','E'),(4158,'20','edbjhce','E'),(4159,'20','edbjhcf','L'),(4160,'20','edbjhcg','L'),(4161,'20','edbjhch','V'),(4162,'20','edbjhci','L'),(4163,'20','edbjhcj','L'),(4164,'20','edbjhda','E'),(4165,'20','edbjhdb','E'),(4166,'20','edbjhdc','V'),(4167,'20','edbjhdd','V'),(4168,'20','edbjhde','E'),(4169,'20','edcacdc','E'),(4170,'20','edcacdd','E'),(4171,'20','edbjhaj','L'),(4172,'20','edbjhba','E'),(4173,'20','edbjhbb','V'),(4174,'20','edbjhbc','L'),(4175,'20','edbjhbd','V'),(4176,'20','edbjhbe','V'),(4177,'20','edbjhbf','L'),(4178,'20','edbjhbg','L'),(4179,'20','edbjhbh','E'),(4180,'20','edbjhbi','L'),(4181,'20','edbjhbj','E'),(4182,'20','edbjhca','L'),(4183,'20','edbjhcb','E'),(4184,'20','edcacda','V'),(4185,'20','edcacdb','L'),(4186,'20','edbjgjg','E'),(4187,'20','edbjgjh','V'),(4188,'20','edbjgji','L'),(4189,'20','edbjgjj','L'),(4190,'20','edbjhaa','E'),(4191,'20','edbjhab','E'),(4192,'20','edbjhac','V'),(4193,'20','edbjhad','L'),(4194,'20','edbjhae','V'),(4195,'20','edbjhaf','E'),(4196,'20','edbjhag','V'),(4197,'20','edbjhah','E'),(4198,'20','edbjhai','E'),(4199,'20','edcacci','V'),(4200,'20','edcaccj','L'),(4201,'21','edbjigf','V'),(4202,'21','edbjigg','E'),(4203,'21','edbjigh','L'),(4204,'21','edbjigi','L'),(4205,'21','edbjigj','V'),(4206,'21','edbjiha','L'),(4207,'21','edbjihb','V'),(4208,'21','edbjihc','E'),(4209,'21','edbjihd','V'),(4210,'21','edbjihe','E'),(4211,'21','edbjihf','E'),(4212,'21','edbjihg','E'),(4213,'21','edbjihh','E'),(4214,'21','edcabjh','E'),(4215,'21','edcabji','V'),(4216,'21','edbjifc','V'),(4217,'21','edbjifd','E'),(4218,'21','edbjife','V'),(4219,'21','edbjiff','V'),(4220,'21','edbjifg','E'),(4221,'21','edbjifh','L'),(4222,'21','edbjifi','L'),(4223,'21','edbjifj','V'),(4224,'21','edbjiga','V'),(4225,'21','edbjigb','L'),(4226,'21','edbjigc','L'),(4227,'21','edbjigd','L'),(4228,'21','edbjige','L'),(4229,'21','edcabjg','L'),(4230,'21','edcabjj','V'),(4231,'21','edbjidi','V'),(4232,'21','edbjiea','L'),(4233,'21','edbjieb','V'),(4234,'21','edbjiec','E'),(4235,'21','edbjied','V'),(4236,'21','edbjiee','L'),(4237,'21','edbjief','L'),(4238,'21','edbjieg','E'),(4239,'21','edbjieh','V'),(4240,'21','edbjiei','E'),(4241,'21','edbjiej','E'),(4242,'21','edbjifa','E'),(4243,'21','edbjifb','V'),(4244,'21','edcacfa','E'),(4245,'21','edcacfb','E'),(4246,'21','edbjicg','E'),(4247,'21','edbjich','V'),(4248,'21','edbjici','L'),(4249,'21','edbjicj','L'),(4250,'21','edbjida','E'),(4251,'21','edbjidb','L'),(4252,'21','edbjidc','E'),(4253,'21','edbjidd','L'),(4254,'21','edbjide','L'),(4255,'21','edbjidf','L'),(4256,'21','edbjidg','E'),(4257,'21','edbjidh','L'),(4258,'21','edbjidj','L'),(4259,'21','edcacei','V'),(4260,'21','edcacej','L'),(4261,'21','edbjibd','L'),(4262,'21','edbjibe','V'),(4263,'21','edbjibf','V'),(4264,'21','edbjibg','E'),(4265,'21','edbjibh','L'),(4266,'21','edbjibi','E'),(4267,'21','edbjibj','L'),(4268,'21','edbjica','L'),(4269,'21','edbjicb','V'),(4270,'21','edbjicc','L'),(4271,'21','edbjicd','L'),(4272,'21','edbjice','L'),(4273,'21','edbjicf','E'),(4274,'21','edcaceg','E'),(4275,'21','edcaceh','L'),(4276,'21','edbjiaa','L'),(4277,'21','edbjiab','V'),(4278,'21','edbjiac','V'),(4279,'21','edbjiad','E'),(4280,'21','edbjiae','V'),(4281,'21','edbjiaf','L'),(4282,'21','edbjiag','E'),(4283,'21','edbjiah','L'),(4284,'21','edbjiai','V'),(4285,'21','edbjiaj','E'),(4286,'21','edbjiba','V'),(4287,'21','edbjibb','V'),(4288,'21','edbjibc','E'),(4289,'21','edcacee','V'),(4290,'21','edcacef','L'),(4291,'21','edbjhih','L'),(4292,'21','edbjhii','V'),(4293,'21','edbjhij','L'),(4294,'21','edbjhja','L'),(4295,'21','edbjhjb','E'),(4296,'21','edbjhjc','E'),(4297,'21','edbjhjd','L'),(4298,'21','edbjhje','E'),(4299,'21','edbjhjf','L'),(4300,'21','edbjhjg','L'),(4301,'21','edbjhjh','V'),(4302,'21','edbjhji','L'),(4303,'21','edbjhjj','E'),(4304,'21','edcacec','E'),(4305,'21','edcaced','E'),(4306,'21','edbjhhe','L'),(4307,'21','edbjhhf','E'),(4308,'21','edbjhhg','L'),(4309,'21','edbjhhh','V'),(4310,'21','edbjhhi','V'),(4311,'21','edbjhhj','E'),(4312,'21','edbjhia','V'),(4313,'21','edbjhib','V'),(4314,'21','edbjhic','E'),(4315,'21','edbjhid','L'),(4316,'21','edbjhie','L'),(4317,'21','edbjhif','L'),(4318,'21','edbjhig','L'),(4319,'21','edcacea','V'),(4320,'21','edcaceb','E'),(4321,'21','edbjhgb','V'),(4322,'21','edbjhgc','V'),(4323,'21','edbjhgd','L'),(4324,'21','edbjhge','V'),(4325,'21','edbjhgf','V'),(4326,'21','edbjhgg','E'),(4327,'21','edbjhgh','V'),(4328,'21','edbjhgi','V'),(4329,'21','edbjhgj','E'),(4330,'21','edbjhha','E'),(4331,'21','edbjhhb','E'),(4332,'21','edbjhhc','E'),(4333,'21','edbjhhd','E'),(4334,'21','edcacdi','V'),(4335,'21','edcacdj','E'),(4336,'21','edbjhei','E'),(4337,'21','edbjhej','V'),(4338,'21','edbjhfa','L'),(4339,'21','edbjhfb','V'),(4340,'21','edbjhfc','E'),(4341,'21','edbjhfd','V'),(4342,'21','edbjhfe','E'),(4343,'21','edbjhff','L'),(4344,'21','edbjhfg','L'),(4345,'21','edbjhfh','L'),(4346,'21','edbjhfi','L'),(4347,'21','edbjhfj','V'),(4348,'21','edbjhga','L'),(4349,'21','edcacdg','E'),(4350,'21','edcacdh','E'),(4351,'21','edbjhdf','L'),(4352,'21','edbjhdg','V'),(4353,'21','edbjhdh','V'),(4354,'21','edbjhdi','L'),(4355,'21','edbjhdj','L'),(4356,'21','edbjhea','L'),(4357,'21','edbjheb','V'),(4358,'21','edbjhec','L'),(4359,'21','edbjhed','V'),(4360,'21','edbjhee','E'),(4361,'21','edbjhef','L'),(4362,'21','edbjheg','E'),(4363,'21','edbjheh','L'),(4364,'21','edcacde','E'),(4365,'21','edcacdf','L'),(4366,'21','edbjhcc','V'),(4367,'21','edbjhcd','V'),(4368,'21','edbjhce','V'),(4369,'21','edbjhcf','L'),(4370,'21','edbjhcg','E'),(4371,'21','edbjhch','V'),(4372,'21','edbjhci','V'),(4373,'21','edbjhcj','L'),(4374,'21','edbjhda','V'),(4375,'21','edbjhdb','E'),(4376,'21','edbjhdc','E'),(4377,'21','edbjhdd','V'),(4378,'21','edbjhde','V'),(4379,'21','edcacdc','V'),(4380,'21','edcacdd','E'),(4381,'21','edbjhaj','L'),(4382,'21','edbjhba','V'),(4383,'21','edbjhbb','L'),(4384,'21','edbjhbc','V'),(4385,'21','edbjhbd','V'),(4386,'21','edbjhbe','V'),(4387,'21','edbjhbf','V'),(4388,'21','edbjhbg','L'),(4389,'21','edbjhbh','V'),(4390,'21','edbjhbi','E'),(4391,'21','edbjhbj','E'),(4392,'21','edbjhca','L'),(4393,'21','edbjhcb','L'),(4394,'21','edcacda','E'),(4395,'21','edcacdb','L'),(4396,'21','edbjgjg','L'),(4397,'21','edbjgjh','V'),(4398,'21','edbjgji','E'),(4399,'21','edbjgjj','V'),(4400,'21','edbjhaa','L'),(4401,'21','edbjhab','L'),(4402,'21','edbjhac','L'),(4403,'21','edbjhad','L'),(4404,'21','edbjhae','V'),(4405,'21','edbjhaf','E'),(4406,'21','edbjhag','V'),(4407,'21','edbjhah','L'),(4408,'21','edbjhai','E'),(4409,'21','edcacci','V'),(4410,'21','edcaccj','E'),(4411,'22','edbjigf','V'),(4412,'22','edbjigg','E'),(4413,'22','edbjigh','E'),(4414,'22','edbjigi','E'),(4415,'22','edbjigj','V'),(4416,'22','edbjiha','V'),(4417,'22','edbjihb','L'),(4418,'22','edbjihc','L'),(4419,'22','edbjihd','E'),(4420,'22','edbjihe','E'),(4421,'22','edbjihf','E'),(4422,'22','edbjihg','L'),(4423,'22','edbjihh','E'),(4424,'22','edcabjh','V'),(4425,'22','edcabji','L'),(4426,'22','edbjifc','V'),(4427,'22','edbjifd','V'),(4428,'22','edbjife','V'),(4429,'22','edbjiff','V'),(4430,'22','edbjifg','V'),(4431,'22','edbjifh','V'),(4432,'22','edbjifi','L'),(4433,'22','edbjifj','E'),(4434,'22','edbjiga','L'),(4435,'22','edbjigb','V'),(4436,'22','edbjigc','V'),(4437,'22','edbjigd','L'),(4438,'22','edbjige','E'),(4439,'22','edcabjg','V'),(4440,'22','edcabjj','L'),(4441,'22','edbjidi','L'),(4442,'22','edbjiea','E'),(4443,'22','edbjieb','L'),(4444,'22','edbjiec','V'),(4445,'22','edbjied','V'),(4446,'22','edbjiee','V'),(4447,'22','edbjief','E'),(4448,'22','edbjieg','E'),(4449,'22','edbjieh','L'),(4450,'22','edbjiei','E'),(4451,'22','edbjiej','L'),(4452,'22','edbjifa','E'),(4453,'22','edbjifb','E'),(4454,'22','edcacfa','L'),(4455,'22','edcacfb','V'),(4456,'22','edbjicg','E'),(4457,'22','edbjich','V'),(4458,'22','edbjici','E'),(4459,'22','edbjicj','L'),(4460,'22','edbjida','L'),(4461,'22','edbjidb','L'),(4462,'22','edbjidc','V'),(4463,'22','edbjidd','E'),(4464,'22','edbjide','V'),(4465,'22','edbjidf','E'),(4466,'22','edbjidg','L'),(4467,'22','edbjidh','E'),(4468,'22','edbjidj','E'),(4469,'22','edcacei','V'),(4470,'22','edcacej','V'),(4471,'22','edbjibd','V'),(4472,'22','edbjibe','E'),(4473,'22','edbjibf','E'),(4474,'22','edbjibg','V'),(4475,'22','edbjibh','L'),(4476,'22','edbjibi','L'),(4477,'22','edbjibj','V'),(4478,'22','edbjica','V'),(4479,'22','edbjicb','V'),(4480,'22','edbjicc','L'),(4481,'22','edbjicd','V'),(4482,'22','edbjice','V'),(4483,'22','edbjicf','V'),(4484,'22','edcaceg','L'),(4485,'22','edcaceh','V'),(4486,'22','edbjiaa','E'),(4487,'22','edbjiab','V'),(4488,'22','edbjiac','V'),(4489,'22','edbjiad','L'),(4490,'22','edbjiae','E'),(4491,'22','edbjiaf','V'),(4492,'22','edbjiag','V'),(4493,'22','edbjiah','V'),(4494,'22','edbjiai','E'),(4495,'22','edbjiaj','V'),(4496,'22','edbjiba','L'),(4497,'22','edbjibb','L'),(4498,'22','edbjibc','V'),(4499,'22','edcacee','L'),(4500,'22','edcacef','L'),(4501,'22','edbjhih','E'),(4502,'22','edbjhii','E'),(4503,'22','edbjhij','E'),(4504,'22','edbjhja','E'),(4505,'22','edbjhjb','E'),(4506,'22','edbjhjc','V'),(4507,'22','edbjhjd','V'),(4508,'22','edbjhje','E'),(4509,'22','edbjhjf','L'),(4510,'22','edbjhjg','L'),(4511,'22','edbjhjh','V'),(4512,'22','edbjhji','L'),(4513,'22','edbjhjj','E'),(4514,'22','edcacec','E'),(4515,'22','edcaced','E'),(4516,'22','edbjhhe','L'),(4517,'22','edbjhhf','L'),(4518,'22','edbjhhg','L'),(4519,'22','edbjhhh','V'),(4520,'22','edbjhhi','V'),(4521,'22','edbjhhj','L'),(4522,'22','edbjhia','V'),(4523,'22','edbjhib','E'),(4524,'22','edbjhic','V'),(4525,'22','edbjhid','L'),(4526,'22','edbjhie','E'),(4527,'22','edbjhif','E'),(4528,'22','edbjhig','E'),(4529,'22','edcacea','V'),(4530,'22','edcaceb','L'),(4531,'22','edbjhgb','E'),(4532,'22','edbjhgc','V'),(4533,'22','edbjhgd','V'),(4534,'22','edbjhge','L'),(4535,'22','edbjhgf','E'),(4536,'22','edbjhgg','E'),(4537,'22','edbjhgh','V'),(4538,'22','edbjhgi','L'),(4539,'22','edbjhgj','E'),(4540,'22','edbjhha','L'),(4541,'22','edbjhhb','V'),(4542,'22','edbjhhc','L'),(4543,'22','edbjhhd','E'),(4544,'22','edcacdi','L'),(4545,'22','edcacdj','E'),(4546,'22','edbjhei','V'),(4547,'22','edbjhej','L'),(4548,'22','edbjhfa','L'),(4549,'22','edbjhfb','L'),(4550,'22','edbjhfc','L'),(4551,'22','edbjhfd','L'),(4552,'22','edbjhfe','V'),(4553,'22','edbjhff','L'),(4554,'22','edbjhfg','V'),(4555,'22','edbjhfh','L'),(4556,'22','edbjhfi','E'),(4557,'22','edbjhfj','L'),(4558,'22','edbjhga','E'),(4559,'22','edcacdg','E'),(4560,'22','edcacdh','V'),(4561,'22','edbjhdf','L'),(4562,'22','edbjhdg','V'),(4563,'22','edbjhdh','V'),(4564,'22','edbjhdi','L'),(4565,'22','edbjhdj','L'),(4566,'22','edbjhea','V'),(4567,'22','edbjheb','L'),(4568,'22','edbjhec','V'),(4569,'22','edbjhed','V'),(4570,'22','edbjhee','V'),(4571,'22','edbjhef','V'),(4572,'22','edbjheg','L'),(4573,'22','edbjheh','E'),(4574,'22','edcacde','L'),(4575,'22','edcacdf','E'),(4576,'22','edbjhcc','E'),(4577,'22','edbjhcd','L'),(4578,'22','edbjhce','L'),(4579,'22','edbjhcf','L'),(4580,'22','edbjhcg','L'),(4581,'22','edbjhch','L'),(4582,'22','edbjhci','L'),(4583,'22','edbjhcj','E'),(4584,'22','edbjhda','L'),(4585,'22','edbjhdb','V'),(4586,'22','edbjhdc','L'),(4587,'22','edbjhdd','L'),(4588,'22','edbjhde','E'),(4589,'22','edcacdc','E'),(4590,'22','edcacdd','V'),(4591,'22','edbjhaj','E'),(4592,'22','edbjhba','L'),(4593,'22','edbjhbb','L'),(4594,'22','edbjhbc','V'),(4595,'22','edbjhbd','V'),(4596,'22','edbjhbe','E'),(4597,'22','edbjhbf','E'),(4598,'22','edbjhbg','L'),(4599,'22','edbjhbh','V'),(4600,'22','edbjhbi','V'),(4601,'22','edbjhbj','L'),(4602,'22','edbjhca','V'),(4603,'22','edbjhcb','E'),(4604,'22','edcacda','L'),(4605,'22','edcacdb','L'),(4606,'22','edbjgjg','V'),(4607,'22','edbjgjh','V'),(4608,'22','edbjgji','V'),(4609,'22','edbjgjj','L'),(4610,'22','edbjhaa','L'),(4611,'22','edbjhab','L'),(4612,'22','edbjhac','L'),(4613,'22','edbjhad','L'),(4614,'22','edbjhae','E'),(4615,'22','edbjhaf','V'),(4616,'22','edbjhag','E'),(4617,'22','edbjhah','L'),(4618,'22','edbjhai','L'),(4619,'22','edcacci','L'),(4620,'22','edcaccj','E'),(4621,'23','edbjigf','L'),(4622,'23','edbjigg','V'),(4623,'23','edbjigh','E'),(4624,'23','edbjigi','E'),(4625,'23','edbjigj','L'),(4626,'23','edbjiha','E'),(4627,'23','edbjihb','V'),(4628,'23','edbjihc','L'),(4629,'23','edbjihd','V'),(4630,'23','edbjihe','E'),(4631,'23','edbjihf','V'),(4632,'23','edbjihg','E'),(4633,'23','edbjihh','L'),(4634,'23','edcabjh','L'),(4635,'23','edcabji','E'),(4636,'23','edbjifc','E'),(4637,'23','edbjifd','L'),(4638,'23','edbjife','L'),(4639,'23','edbjiff','E'),(4640,'23','edbjifg','E'),(4641,'23','edbjifh','L'),(4642,'23','edbjifi','L'),(4643,'23','edbjifj','V'),(4644,'23','edbjiga','L'),(4645,'23','edbjigb','V'),(4646,'23','edbjigc','L'),(4647,'23','edbjigd','E'),(4648,'23','edbjige','V'),(4649,'23','edcabjg','E'),(4650,'23','edcabjj','E'),(4651,'23','edbjidi','V'),(4652,'23','edbjiea','L'),(4653,'23','edbjieb','V'),(4654,'23','edbjiec','L'),(4655,'23','edbjied','V'),(4656,'23','edbjiee','L'),(4657,'23','edbjief','V'),(4658,'23','edbjieg','V'),(4659,'23','edbjieh','L'),(4660,'23','edbjiei','L'),(4661,'23','edbjiej','E'),(4662,'23','edbjifa','V'),(4663,'23','edbjifb','E'),(4664,'23','edcacfa','L'),(4665,'23','edcacfb','L'),(4666,'23','edbjicg','L'),(4667,'23','edbjich','E'),(4668,'23','edbjici','V'),(4669,'23','edbjicj','V'),(4670,'23','edbjida','V'),(4671,'23','edbjidb','E'),(4672,'23','edbjidc','V'),(4673,'23','edbjidd','V'),(4674,'23','edbjide','E'),(4675,'23','edbjidf','V'),(4676,'23','edbjidg','V'),(4677,'23','edbjidh','L'),(4678,'23','edbjidj','V'),(4679,'23','edcacei','L'),(4680,'23','edcacej','E'),(4681,'23','edbjibd','E'),(4682,'23','edbjibe','L'),(4683,'23','edbjibf','E'),(4684,'23','edbjibg','L'),(4685,'23','edbjibh','L'),(4686,'23','edbjibi','V'),(4687,'23','edbjibj','V'),(4688,'23','edbjica','V'),(4689,'23','edbjicb','L'),(4690,'23','edbjicc','L'),(4691,'23','edbjicd','E'),(4692,'23','edbjice','L'),(4693,'23','edbjicf','L'),(4694,'23','edcaceg','V'),(4695,'23','edcaceh','L'),(4696,'23','edbjiaa','V'),(4697,'23','edbjiab','L'),(4698,'23','edbjiac','E'),(4699,'23','edbjiad','V'),(4700,'23','edbjiae','E'),(4701,'23','edbjiaf','E'),(4702,'23','edbjiag','L'),(4703,'23','edbjiah','V'),(4704,'23','edbjiai','E'),(4705,'23','edbjiaj','V'),(4706,'23','edbjiba','V'),(4707,'23','edbjibb','V'),(4708,'23','edbjibc','E'),(4709,'23','edcacee','L'),(4710,'23','edcacef','L'),(4711,'23','edbjhih','L'),(4712,'23','edbjhii','V'),(4713,'23','edbjhij','V'),(4714,'23','edbjhja','L'),(4715,'23','edbjhjb','E'),(4716,'23','edbjhjc','V'),(4717,'23','edbjhjd','V'),(4718,'23','edbjhje','L'),(4719,'23','edbjhjf','L'),(4720,'23','edbjhjg','L'),(4721,'23','edbjhjh','E'),(4722,'23','edbjhji','V'),(4723,'23','edbjhjj','E'),(4724,'23','edcacec','L'),(4725,'23','edcaced','E'),(4726,'23','edbjhhe','E'),(4727,'23','edbjhhf','V'),(4728,'23','edbjhhg','E'),(4729,'23','edbjhhh','E'),(4730,'23','edbjhhi','V'),(4731,'23','edbjhhj','E'),(4732,'23','edbjhia','L'),(4733,'23','edbjhib','V'),(4734,'23','edbjhic','V'),(4735,'23','edbjhid','L'),(4736,'23','edbjhie','L'),(4737,'23','edbjhif','V'),(4738,'23','edbjhig','V'),(4739,'23','edcacea','V'),(4740,'23','edcaceb','L'),(4741,'23','edbjhgb','E'),(4742,'23','edbjhgc','E'),(4743,'23','edbjhgd','V'),(4744,'23','edbjhge','L'),(4745,'23','edbjhgf','L'),(4746,'23','edbjhgg','E'),(4747,'23','edbjhgh','E'),(4748,'23','edbjhgi','V'),(4749,'23','edbjhgj','V'),(4750,'23','edbjhha','L'),(4751,'23','edbjhhb','V'),(4752,'23','edbjhhc','V'),(4753,'23','edbjhhd','V'),(4754,'23','edcacdi','E'),(4755,'23','edcacdj','V'),(4756,'23','edbjhei','E'),(4757,'23','edbjhej','V'),(4758,'23','edbjhfa','V'),(4759,'23','edbjhfb','E'),(4760,'23','edbjhfc','V'),(4761,'23','edbjhfd','L'),(4762,'23','edbjhfe','L'),(4763,'23','edbjhff','E'),(4764,'23','edbjhfg','L'),(4765,'23','edbjhfh','V'),(4766,'23','edbjhfi','L'),(4767,'23','edbjhfj','E'),(4768,'23','edbjhga','V'),(4769,'23','edcacdg','L'),(4770,'23','edcacdh','L'),(4771,'23','edbjhdf','V'),(4772,'23','edbjhdg','L'),(4773,'23','edbjhdh','E'),(4774,'23','edbjhdi','E'),(4775,'23','edbjhdj','L'),(4776,'23','edbjhea','V'),(4777,'23','edbjheb','V'),(4778,'23','edbjhec','E'),(4779,'23','edbjhed','V'),(4780,'23','edbjhee','L'),(4781,'23','edbjhef','V'),(4782,'23','edbjheg','L'),(4783,'23','edbjheh','L'),(4784,'23','edcacde','E'),(4785,'23','edcacdf','L'),(4786,'23','edbjhcc','V'),(4787,'23','edbjhcd','E'),(4788,'23','edbjhce','E'),(4789,'23','edbjhcf','L'),(4790,'23','edbjhcg','E'),(4791,'23','edbjhch','V'),(4792,'23','edbjhci','L'),(4793,'23','edbjhcj','E'),(4794,'23','edbjhda','L'),(4795,'23','edbjhdb','V'),(4796,'23','edbjhdc','E'),(4797,'23','edbjhdd','L'),(4798,'23','edbjhde','E'),(4799,'23','edcacdc','E'),(4800,'23','edcacdd','V'),(4801,'23','edbjhaj','L'),(4802,'23','edbjhba','V'),(4803,'23','edbjhbb','L'),(4804,'23','edbjhbc','E'),(4805,'23','edbjhbd','E'),(4806,'23','edbjhbe','E'),(4807,'23','edbjhbf','E'),(4808,'23','edbjhbg','V'),(4809,'23','edbjhbh','L'),(4810,'23','edbjhbi','L'),(4811,'23','edbjhbj','V'),(4812,'23','edbjhca','E'),(4813,'23','edbjhcb','L'),(4814,'23','edcacda','L'),(4815,'23','edcacdb','L'),(4816,'23','edbjgjg','L'),(4817,'23','edbjgjh','L'),(4818,'23','edbjgji','L'),(4819,'23','edbjgjj','L'),(4820,'23','edbjhaa','V'),(4821,'23','edbjhab','E'),(4822,'23','edbjhac','V'),(4823,'23','edbjhad','V'),(4824,'23','edbjhae','L'),(4825,'23','edbjhaf','E'),(4826,'23','edbjhag','V'),(4827,'23','edbjhah','L'),(4828,'23','edbjhai','L'),(4829,'23','edcacci','V'),(4830,'23','edcaccj','E'),(4831,'24','edbjigf','L'),(4832,'24','edbjigg','V'),(4833,'24','edbjigh','L'),(4834,'24','edbjigi','E'),(4835,'24','edbjigj','L'),(4836,'24','edbjiha','E'),(4837,'24','edbjihb','E'),(4838,'24','edbjihc','E'),(4839,'24','edbjihd','E'),(4840,'24','edbjihe','L'),(4841,'24','edbjihf','V'),(4842,'24','edbjihg','L'),(4843,'24','edbjihh','V'),(4844,'24','edcabjh','V'),(4845,'24','edcabji','L'),(4846,'24','edbjifc','E'),(4847,'24','edbjifd','L'),(4848,'24','edbjife','V'),(4849,'24','edbjiff','V'),(4850,'24','edbjifg','V'),(4851,'24','edbjifh','L'),(4852,'24','edbjifi','L'),(4853,'24','edbjifj','E'),(4854,'24','edbjiga','E'),(4855,'24','edbjigb','L'),(4856,'24','edbjigc','V'),(4857,'24','edbjigd','E'),(4858,'24','edbjige','E'),(4859,'24','edcabjg','L'),(4860,'24','edcabjj','V'),(4861,'24','edbjidi','V'),(4862,'24','edbjiea','L'),(4863,'24','edbjieb','L'),(4864,'24','edbjiec','V'),(4865,'24','edbjied','L'),(4866,'24','edbjiee','E'),(4867,'24','edbjief','V'),(4868,'24','edbjieg','E'),(4869,'24','edbjieh','V'),(4870,'24','edbjiei','L'),(4871,'24','edbjiej','V'),(4872,'24','edbjifa','E'),(4873,'24','edbjifb','L'),(4874,'24','edcacfa','L'),(4875,'24','edcacfb','E'),(4876,'24','edbjicg','L'),(4877,'24','edbjich','E'),(4878,'24','edbjici','E'),(4879,'24','edbjicj','E'),(4880,'24','edbjida','V'),(4881,'24','edbjidb','L'),(4882,'24','edbjidc','V'),(4883,'24','edbjidd','E'),(4884,'24','edbjide','E'),(4885,'24','edbjidf','V'),(4886,'24','edbjidg','E'),(4887,'24','edbjidh','L'),(4888,'24','edbjidj','L'),(4889,'24','edcacei','V'),(4890,'24','edcacej','V'),(4891,'24','edbjibd','L'),(4892,'24','edbjibe','L'),(4893,'24','edbjibf','L'),(4894,'24','edbjibg','V'),(4895,'24','edbjibh','E'),(4896,'24','edbjibi','E'),(4897,'24','edbjibj','E'),(4898,'24','edbjica','V'),(4899,'24','edbjicb','L'),(4900,'24','edbjicc','V'),(4901,'24','edbjicd','L'),(4902,'24','edbjice','V'),(4903,'24','edbjicf','L'),(4904,'24','edcaceg','L'),(4905,'24','edcaceh','L'),(4906,'24','edbjiaa','E'),(4907,'24','edbjiab','V'),(4908,'24','edbjiac','V'),(4909,'24','edbjiad','V'),(4910,'24','edbjiae','L'),(4911,'24','edbjiaf','L'),(4912,'24','edbjiag','E'),(4913,'24','edbjiah','L'),(4914,'24','edbjiai','E'),(4915,'24','edbjiaj','L'),(4916,'24','edbjiba','L'),(4917,'24','edbjibb','V'),(4918,'24','edbjibc','V'),(4919,'24','edcacee','L'),(4920,'24','edcacef','L'),(4921,'24','edbjhih','V'),(4922,'24','edbjhii','E'),(4923,'24','edbjhij','L'),(4924,'24','edbjhja','L'),(4925,'24','edbjhjb','E'),(4926,'24','edbjhjc','V'),(4927,'24','edbjhjd','L'),(4928,'24','edbjhje','E'),(4929,'24','edbjhjf','E'),(4930,'24','edbjhjg','V'),(4931,'24','edbjhjh','E'),(4932,'24','edbjhji','E'),(4933,'24','edbjhjj','E'),(4934,'24','edcacec','E'),(4935,'24','edcaced','V'),(4936,'24','edbjhhe','L'),(4937,'24','edbjhhf','V'),(4938,'24','edbjhhg','V'),(4939,'24','edbjhhh','E'),(4940,'24','edbjhhi','V'),(4941,'24','edbjhhj','L'),(4942,'24','edbjhia','E'),(4943,'24','edbjhib','L'),(4944,'24','edbjhic','E'),(4945,'24','edbjhid','L'),(4946,'24','edbjhie','E'),(4947,'24','edbjhif','V'),(4948,'24','edbjhig','E'),(4949,'24','edcacea','L'),(4950,'24','edcaceb','L'),(4951,'24','edbjhgb','V'),(4952,'24','edbjhgc','E'),(4953,'24','edbjhgd','E'),(4954,'24','edbjhge','L'),(4955,'24','edbjhgf','E'),(4956,'24','edbjhgg','L'),(4957,'24','edbjhgh','E'),(4958,'24','edbjhgi','V'),(4959,'24','edbjhgj','L'),(4960,'24','edbjhha','L'),(4961,'24','edbjhhb','V'),(4962,'24','edbjhhc','E'),(4963,'24','edbjhhd','E'),(4964,'24','edcacdi','L'),(4965,'24','edcacdj','E'),(4966,'24','edbjhei','V'),(4967,'24','edbjhej','V'),(4968,'24','edbjhfa','E'),(4969,'24','edbjhfb','V'),(4970,'24','edbjhfc','L'),(4971,'24','edbjhfd','E'),(4972,'24','edbjhfe','E'),(4973,'24','edbjhff','L'),(4974,'24','edbjhfg','L'),(4975,'24','edbjhfh','L'),(4976,'24','edbjhfi','V'),(4977,'24','edbjhfj','L'),(4978,'24','edbjhga','E'),(4979,'24','edcacdg','E'),(4980,'24','edcacdh','E'),(4981,'24','edbjhdf','E'),(4982,'24','edbjhdg','V'),(4983,'24','edbjhdh','E'),(4984,'24','edbjhdi','V'),(4985,'24','edbjhdj','L'),(4986,'24','edbjhea','V'),(4987,'24','edbjheb','V'),(4988,'24','edbjhec','L'),(4989,'24','edbjhed','V'),(4990,'24','edbjhee','V'),(4991,'24','edbjhef','V'),(4992,'24','edbjheg','L'),(4993,'24','edbjheh','L'),(4994,'24','edcacde','E'),(4995,'24','edcacdf','V'),(4996,'24','edbjhcc','L'),(4997,'24','edbjhcd','V'),(4998,'24','edbjhce','V'),(4999,'24','edbjhcf','L'),(5000,'24','edbjhcg','L'),(5001,'24','edbjhch','L'),(5002,'24','edbjhci','L'),(5003,'24','edbjhcj','V'),(5004,'24','edbjhda','E'),(5005,'24','edbjhdb','V'),(5006,'24','edbjhdc','V'),(5007,'24','edbjhdd','V'),(5008,'24','edbjhde','E'),(5009,'24','edcacdc','L'),(5010,'24','edcacdd','E'),(5011,'24','edbjhaj','V'),(5012,'24','edbjhba','E'),(5013,'24','edbjhbb','E'),(5014,'24','edbjhbc','L'),(5015,'24','edbjhbd','E'),(5016,'24','edbjhbe','E'),(5017,'24','edbjhbf','L'),(5018,'24','edbjhbg','L'),(5019,'24','edbjhbh','V'),(5020,'24','edbjhbi','L'),(5021,'24','edbjhbj','V'),(5022,'24','edbjhca','L'),(5023,'24','edbjhcb','E'),(5024,'24','edcacda','V'),(5025,'24','edcacdb','L'),(5026,'24','edbjgjg','L'),(5027,'24','edbjgjh','V'),(5028,'24','edbjgji','E'),(5029,'24','edbjgjj','L'),(5030,'24','edbjhaa','E'),(5031,'24','edbjhab','E'),(5032,'24','edbjhac','L'),(5033,'24','edbjhad','V'),(5034,'24','edbjhae','L'),(5035,'24','edbjhaf','E'),(5036,'24','edbjhag','V'),(5037,'24','edbjhah','L'),(5038,'24','edbjhai','V'),(5039,'24','edcacci','L'),(5040,'24','edcaccj','V'),(5041,'25','edbjigf','E'),(5042,'25','edbjigg','E'),(5043,'25','edbjigh','L'),(5044,'25','edbjigi','L'),(5045,'25','edbjigj','E'),(5046,'25','edbjiha','E'),(5047,'25','edbjihb','L'),(5048,'25','edbjihc','V'),(5049,'25','edbjihd','E'),(5050,'25','edbjihe','V'),(5051,'25','edbjihf','E'),(5052,'25','edbjihg','E'),(5053,'25','edbjihh','E'),(5054,'25','edcabjh','V'),(5055,'25','edcabji','E'),(5056,'25','edbjifc','L'),(5057,'25','edbjifd','E'),(5058,'25','edbjife','E'),(5059,'25','edbjiff','L'),(5060,'25','edbjifg','L'),(5061,'25','edbjifh','V'),(5062,'25','edbjifi','L'),(5063,'25','edbjifj','L'),(5064,'25','edbjiga','V'),(5065,'25','edbjigb','L'),(5066,'25','edbjigc','V'),(5067,'25','edbjigd','L'),(5068,'25','edbjige','L'),(5069,'25','edcabjg','L'),(5070,'25','edcabjj','V'),(5071,'25','edbjidi','L'),(5072,'25','edbjiea','L'),(5073,'25','edbjieb','L'),(5074,'25','edbjiec','E'),(5075,'25','edbjied','L'),(5076,'25','edbjiee','E'),(5077,'25','edbjief','V'),(5078,'25','edbjieg','V'),(5079,'25','edbjieh','V'),(5080,'25','edbjiei','V'),(5081,'25','edbjiej','V'),(5082,'25','edbjifa','V'),(5083,'25','edbjifb','L'),(5084,'25','edcacfa','L'),(5085,'25','edcacfb','L'),(5086,'25','edbjicg','E'),(5087,'25','edbjich','L'),(5088,'25','edbjici','L'),(5089,'25','edbjicj','E'),(5090,'25','edbjida','L'),(5091,'25','edbjidb','E'),(5092,'25','edbjidc','V'),(5093,'25','edbjidd','V'),(5094,'25','edbjide','L'),(5095,'25','edbjidf','L'),(5096,'25','edbjidg','L'),(5097,'25','edbjidh','V'),(5098,'25','edbjidj','V'),(5099,'25','edcacei','E'),(5100,'25','edcacej','E'),(5101,'25','edbjibd','E'),(5102,'25','edbjibe','L'),(5103,'25','edbjibf','V'),(5104,'25','edbjibg','L'),(5105,'25','edbjibh','V'),(5106,'25','edbjibi','E'),(5107,'25','edbjibj','L'),(5108,'25','edbjica','L'),(5109,'25','edbjicb','V'),(5110,'25','edbjicc','V'),(5111,'25','edbjicd','L'),(5112,'25','edbjice','L'),(5113,'25','edbjicf','V'),(5114,'25','edcaceg','V'),(5115,'25','edcaceh','L'),(5116,'25','edbjiaa','V'),(5117,'25','edbjiab','L'),(5118,'25','edbjiac','E'),(5119,'25','edbjiad','L'),(5120,'25','edbjiae','E'),(5121,'25','edbjiaf','E'),(5122,'25','edbjiag','V'),(5123,'25','edbjiah','L'),(5124,'25','edbjiai','E'),(5125,'25','edbjiaj','E'),(5126,'25','edbjiba','V'),(5127,'25','edbjibb','V'),(5128,'25','edbjibc','E'),(5129,'25','edcacee','V'),(5130,'25','edcacef','L'),(5131,'25','edbjhih','E'),(5132,'25','edbjhii','L'),(5133,'25','edbjhij','V'),(5134,'25','edbjhja','V'),(5135,'25','edbjhjb','L'),(5136,'25','edbjhjc','E'),(5137,'25','edbjhjd','V'),(5138,'25','edbjhje','V'),(5139,'25','edbjhjf','V'),(5140,'25','edbjhjg','E'),(5141,'25','edbjhjh','V'),(5142,'25','edbjhji','L'),(5143,'25','edbjhjj','L'),(5144,'25','edcacec','L'),(5145,'25','edcaced','L'),(5146,'25','edbjhhe','V'),(5147,'25','edbjhhf','E'),(5148,'25','edbjhhg','E'),(5149,'25','edbjhhh','E'),(5150,'25','edbjhhi','V'),(5151,'25','edbjhhj','L'),(5152,'25','edbjhia','E'),(5153,'25','edbjhib','V'),(5154,'25','edbjhic','V'),(5155,'25','edbjhid','E'),(5156,'25','edbjhie','E'),(5157,'25','edbjhif','E'),(5158,'25','edbjhig','V'),(5159,'25','edcacea','L'),(5160,'25','edcaceb','L'),(5161,'25','edbjhgb','V'),(5162,'25','edbjhgc','V'),(5163,'25','edbjhgd','E'),(5164,'25','edbjhge','E'),(5165,'25','edbjhgf','L'),(5166,'25','edbjhgg','V'),(5167,'25','edbjhgh','L'),(5168,'25','edbjhgi','L'),(5169,'25','edbjhgj','E'),(5170,'25','edbjhha','V'),(5171,'25','edbjhhb','V'),(5172,'25','edbjhhc','L'),(5173,'25','edbjhhd','V'),(5174,'25','edcacdi','V'),(5175,'25','edcacdj','V'),(5176,'25','edbjhei','E'),(5177,'25','edbjhej','V'),(5178,'25','edbjhfa','L'),(5179,'25','edbjhfb','V'),(5180,'25','edbjhfc','V'),(5181,'25','edbjhfd','E'),(5182,'25','edbjhfe','V'),(5183,'25','edbjhff','L'),(5184,'25','edbjhfg','V'),(5185,'25','edbjhfh','E'),(5186,'25','edbjhfi','L'),(5187,'25','edbjhfj','E'),(5188,'25','edbjhga','L'),(5189,'25','edcacdg','E'),(5190,'25','edcacdh','E'),(5191,'25','edbjhdf','E'),(5192,'25','edbjhdg','E'),(5193,'25','edbjhdh','L'),(5194,'25','edbjhdi','L'),(5195,'25','edbjhdj','V'),(5196,'25','edbjhea','L'),(5197,'25','edbjheb','E'),(5198,'25','edbjhec','L'),(5199,'25','edbjhed','E'),(5200,'25','edbjhee','V'),(5201,'25','edbjhef','V'),(5202,'25','edbjheg','E'),(5203,'25','edbjheh','V'),(5204,'25','edcacde','L'),(5205,'25','edcacdf','V'),(5206,'25','edbjhcc','E'),(5207,'25','edbjhcd','E'),(5208,'25','edbjhce','V'),(5209,'25','edbjhcf','E'),(5210,'25','edbjhcg','E'),(5211,'25','edbjhch','E'),(5212,'25','edbjhci','V'),(5213,'25','edbjhcj','L'),(5214,'25','edbjhda','L'),(5215,'25','edbjhdb','L'),(5216,'25','edbjhdc','L'),(5217,'25','edbjhdd','E'),(5218,'25','edbjhde','E'),(5219,'25','edcacdc','E'),(5220,'25','edcacdd','L'),(5221,'25','edbjhaj','L'),(5222,'25','edbjhba','E'),(5223,'25','edbjhbb','V'),(5224,'25','edbjhbc','L'),(5225,'25','edbjhbd','L'),(5226,'25','edbjhbe','V'),(5227,'25','edbjhbf','L'),(5228,'25','edbjhbg','L'),(5229,'25','edbjhbh','L'),(5230,'25','edbjhbi','E'),(5231,'25','edbjhbj','V'),(5232,'25','edbjhca','E'),(5233,'25','edbjhcb','E'),(5234,'25','edcacda','E'),(5235,'25','edcacdb','V'),(5236,'25','edbjgjg','L'),(5237,'25','edbjgjh','V'),(5238,'25','edbjgji','V'),(5239,'25','edbjgjj','V'),(5240,'25','edbjhaa','E'),(5241,'25','edbjhab','V'),(5242,'25','edbjhac','E'),(5243,'25','edbjhad','E'),(5244,'25','edbjhae','E'),(5245,'25','edbjhaf','V'),(5246,'25','edbjhag','L'),(5247,'25','edbjhah','E'),(5248,'25','edbjhai','V'),(5249,'25','edcacci','E'),(5250,'25','edcaccj','V'),(5251,'26','edbjigf','E'),(5252,'26','edbjigg','E'),(5253,'26','edbjigh','E'),(5254,'26','edbjigi','E'),(5255,'26','edbjigj','V'),(5256,'26','edbjiha','L'),(5257,'26','edbjihb','L'),(5258,'26','edbjihc','V'),(5259,'26','edbjihd','L'),(5260,'26','edbjihe','V'),(5261,'26','edbjihf','V'),(5262,'26','edbjihg','E'),(5263,'26','edbjihh','E'),(5264,'26','edcabjh','V'),(5265,'26','edcabji','E'),(5266,'26','edbjifc','L'),(5267,'26','edbjifd','V'),(5268,'26','edbjife','L'),(5269,'26','edbjiff','E'),(5270,'26','edbjifg','L'),(5271,'26','edbjifh','V'),(5272,'26','edbjifi','L'),(5273,'26','edbjifj','L'),(5274,'26','edbjiga','L'),(5275,'26','edbjigb','E'),(5276,'26','edbjigc','V'),(5277,'26','edbjigd','L'),(5278,'26','edbjige','V'),(5279,'26','edcabjg','L'),(5280,'26','edcabjj','L'),(5281,'26','edbjidi','L'),(5282,'26','edbjiea','L'),(5283,'26','edbjieb','L'),(5284,'26','edbjiec','V'),(5285,'26','edbjied','L'),(5286,'26','edbjiee','E'),(5287,'26','edbjief','V'),(5288,'26','edbjieg','L'),(5289,'26','edbjieh','L'),(5290,'26','edbjiei','E'),(5291,'26','edbjiej','V'),(5292,'26','edbjifa','E'),(5293,'26','edbjifb','V'),(5294,'26','edcacfa','E'),(5295,'26','edcacfb','L'),(5296,'26','edbjicg','E'),(5297,'26','edbjich','L'),(5298,'26','edbjici','V'),(5299,'26','edbjicj','E'),(5300,'26','edbjida','L'),(5301,'26','edbjidb','E'),(5302,'26','edbjidc','L'),(5303,'26','edbjidd','E'),(5304,'26','edbjide','V'),(5305,'26','edbjidf','L'),(5306,'26','edbjidg','E'),(5307,'26','edbjidh','V'),(5308,'26','edbjidj','V'),(5309,'26','edcacei','E'),(5310,'26','edcacej','V'),(5311,'26','edbjibd','V'),(5312,'26','edbjibe','L'),(5313,'26','edbjibf','E'),(5314,'26','edbjibg','L'),(5315,'26','edbjibh','V'),(5316,'26','edbjibi','L'),(5317,'26','edbjibj','L'),(5318,'26','edbjica','L'),(5319,'26','edbjicb','L'),(5320,'26','edbjicc','L'),(5321,'26','edbjicd','E'),(5322,'26','edbjice','V'),(5323,'26','edbjicf','L'),(5324,'26','edcaceg','E'),(5325,'26','edcaceh','L'),(5326,'26','edbjiaa','L'),(5327,'26','edbjiab','E'),(5328,'26','edbjiac','V'),(5329,'26','edbjiad','V'),(5330,'26','edbjiae','V'),(5331,'26','edbjiaf','E'),(5332,'26','edbjiag','E'),(5333,'26','edbjiah','L'),(5334,'26','edbjiai','E'),(5335,'26','edbjiaj','E'),(5336,'26','edbjiba','V'),(5337,'26','edbjibb','L'),(5338,'26','edbjibc','E'),(5339,'26','edcacee','E'),(5340,'26','edcacef','V'),(5341,'26','edbjhih','V'),(5342,'26','edbjhii','L'),(5343,'26','edbjhij','L'),(5344,'26','edbjhja','E'),(5345,'26','edbjhjb','E'),(5346,'26','edbjhjc','V'),(5347,'26','edbjhjd','V'),(5348,'26','edbjhje','V'),(5349,'26','edbjhjf','V'),(5350,'26','edbjhjg','L'),(5351,'26','edbjhjh','V'),(5352,'26','edbjhji','V'),(5353,'26','edbjhjj','E'),(5354,'26','edcacec','V'),(5355,'26','edcaced','E'),(5356,'26','edbjhhe','E'),(5357,'26','edbjhhf','V'),(5358,'26','edbjhhg','V'),(5359,'26','edbjhhh','L'),(5360,'26','edbjhhi','L'),(5361,'26','edbjhhj','L'),(5362,'26','edbjhia','L'),(5363,'26','edbjhib','V'),(5364,'26','edbjhic','V'),(5365,'26','edbjhid','V'),(5366,'26','edbjhie','L'),(5367,'26','edbjhif','L'),(5368,'26','edbjhig','E'),(5369,'26','edcacea','L'),(5370,'26','edcaceb','L'),(5371,'26','edbjhgb','L'),(5372,'26','edbjhgc','V'),(5373,'26','edbjhgd','L'),(5374,'26','edbjhge','V'),(5375,'26','edbjhgf','E'),(5376,'26','edbjhgg','L'),(5377,'26','edbjhgh','L'),(5378,'26','edbjhgi','V'),(5379,'26','edbjhgj','V'),(5380,'26','edbjhha','V'),(5381,'26','edbjhhb','V'),(5382,'26','edbjhhc','V'),(5383,'26','edbjhhd','V'),(5384,'26','edcacdi','L'),(5385,'26','edcacdj','L'),(5386,'26','edbjhei','E'),(5387,'26','edbjhej','E'),(5388,'26','edbjhfa','E'),(5389,'26','edbjhfb','L'),(5390,'26','edbjhfc','E'),(5391,'26','edbjhfd','V'),(5392,'26','edbjhfe','E'),(5393,'26','edbjhff','L'),(5394,'26','edbjhfg','V'),(5395,'26','edbjhfh','L'),(5396,'26','edbjhfi','V'),(5397,'26','edbjhfj','E'),(5398,'26','edbjhga','L'),(5399,'26','edcacdg','V'),(5400,'26','edcacdh','E'),(5401,'26','edbjhdf','E'),(5402,'26','edbjhdg','L'),(5403,'26','edbjhdh','L'),(5404,'26','edbjhdi','E'),(5405,'26','edbjhdj','L'),(5406,'26','edbjhea','E'),(5407,'26','edbjheb','E'),(5408,'26','edbjhec','E'),(5409,'26','edbjhed','L'),(5410,'26','edbjhee','E'),(5411,'26','edbjhef','V'),(5412,'26','edbjheg','V'),(5413,'26','edbjheh','E'),(5414,'26','edcacde','V'),(5415,'26','edcacdf','E'),(5416,'26','edbjhcc','L'),(5417,'26','edbjhcd','L'),(5418,'26','edbjhce','E'),(5419,'26','edbjhcf','L'),(5420,'26','edbjhcg','L'),(5421,'26','edbjhch','L'),(5422,'26','edbjhci','E'),(5423,'26','edbjhcj','E'),(5424,'26','edbjhda','V'),(5425,'26','edbjhdb','L'),(5426,'26','edbjhdc','V'),(5427,'26','edbjhdd','V'),(5428,'26','edbjhde','V'),(5429,'26','edcacdc','E'),(5430,'26','edcacdd','L'),(5431,'26','edbjhaj','L'),(5432,'26','edbjhba','V'),(5433,'26','edbjhbb','E'),(5434,'26','edbjhbc','E'),(5435,'26','edbjhbd','L'),(5436,'26','edbjhbe','V'),(5437,'26','edbjhbf','E'),(5438,'26','edbjhbg','V'),(5439,'26','edbjhbh','L'),(5440,'26','edbjhbi','L'),(5441,'26','edbjhbj','V'),(5442,'26','edbjhca','V'),(5443,'26','edbjhcb','V'),(5444,'26','edcacda','E'),(5445,'26','edcacdb','L'),(5446,'26','edbjgjg','E'),(5447,'26','edbjgjh','V'),(5448,'26','edbjgji','V'),(5449,'26','edbjgjj','L'),(5450,'26','edbjhaa','L'),(5451,'26','edbjhab','E'),(5452,'26','edbjhac','E'),(5453,'26','edbjhad','L'),(5454,'26','edbjhae','V'),(5455,'26','edbjhaf','L'),(5456,'26','edbjhag','V'),(5457,'26','edbjhah','V'),(5458,'26','edbjhai','E'),(5459,'26','edcacci','L'),(5460,'26','edcaccj','L'),(5461,'27','edbjigf','V'),(5462,'27','edbjigg','V'),(5463,'27','edbjigh','E'),(5464,'27','edbjigi','L'),(5465,'27','edbjigj','V'),(5466,'27','edbjiha','L'),(5467,'27','edbjihb','L'),(5468,'27','edbjihc','V'),(5469,'27','edbjihd','L'),(5470,'27','edbjihe','V'),(5471,'27','edbjihf','V'),(5472,'27','edbjihg','E'),(5473,'27','edbjihh','E'),(5474,'27','edcabjh','L'),(5475,'27','edcabji','E'),(5476,'27','edbjifc','L'),(5477,'27','edbjifd','E'),(5478,'27','edbjife','L'),(5479,'27','edbjiff','L'),(5480,'27','edbjifg','E'),(5481,'27','edbjifh','L'),(5482,'27','edbjifi','L'),(5483,'27','edbjifj','V'),(5484,'27','edbjiga','E'),(5485,'27','edbjigb','V'),(5486,'27','edbjigc','E'),(5487,'27','edbjigd','L'),(5488,'27','edbjige','E'),(5489,'27','edcabjg','V'),(5490,'27','edcabjj','L'),(5491,'27','edbjidi','V'),(5492,'27','edbjiea','L'),(5493,'27','edbjieb','V'),(5494,'27','edbjiec','V'),(5495,'27','edbjied','V'),(5496,'27','edbjiee','L'),(5497,'27','edbjief','V'),(5498,'27','edbjieg','E'),(5499,'27','edbjieh','V'),(5500,'27','edbjiei','E'),(5501,'27','edbjiej','V'),(5502,'27','edbjifa','V'),(5503,'27','edbjifb','L'),(5504,'27','edcacfa','E'),(5505,'27','edcacfb','L'),(5506,'27','edbjicg','L'),(5507,'27','edbjich','L'),(5508,'27','edbjici','L'),(5509,'27','edbjicj','V'),(5510,'27','edbjida','V'),(5511,'27','edbjidb','E'),(5512,'27','edbjidc','V'),(5513,'27','edbjidd','V'),(5514,'27','edbjide','V'),(5515,'27','edbjidf','E'),(5516,'27','edbjidg','E'),(5517,'27','edbjidh','E'),(5518,'27','edbjidj','L'),(5519,'27','edcacei','E'),(5520,'27','edcacej','E'),(5521,'27','edbjibd','V'),(5522,'27','edbjibe','V'),(5523,'27','edbjibf','V'),(5524,'27','edbjibg','L'),(5525,'27','edbjibh','V'),(5526,'27','edbjibi','V'),(5527,'27','edbjibj','E'),(5528,'27','edbjica','V'),(5529,'27','edbjicb','V'),(5530,'27','edbjicc','V'),(5531,'27','edbjicd','E'),(5532,'27','edbjice','E'),(5533,'27','edbjicf','V'),(5534,'27','edcaceg','E'),(5535,'27','edcaceh','V'),(5536,'27','edbjiaa','L'),(5537,'27','edbjiab','L'),(5538,'27','edbjiac','V'),(5539,'27','edbjiad','L'),(5540,'27','edbjiae','E'),(5541,'27','edbjiaf','V'),(5542,'27','edbjiag','L'),(5543,'27','edbjiah','E'),(5544,'27','edbjiai','V'),(5545,'27','edbjiaj','L'),(5546,'27','edbjiba','L'),(5547,'27','edbjibb','L'),(5548,'27','edbjibc','V'),(5549,'27','edcacee','E'),(5550,'27','edcacef','V'),(5551,'27','edbjhih','V'),(5552,'27','edbjhii','L'),(5553,'27','edbjhij','V'),(5554,'27','edbjhja','E'),(5555,'27','edbjhjb','E'),(5556,'27','edbjhjc','L'),(5557,'27','edbjhjd','L'),(5558,'27','edbjhje','L'),(5559,'27','edbjhjf','L'),(5560,'27','edbjhjg','V'),(5561,'27','edbjhjh','L'),(5562,'27','edbjhji','L'),(5563,'27','edbjhjj','E'),(5564,'27','edcacec','E'),(5565,'27','edcaced','V'),(5566,'27','edbjhhe','E'),(5567,'27','edbjhhf','L'),(5568,'27','edbjhhg','L'),(5569,'27','edbjhhh','V'),(5570,'27','edbjhhi','E'),(5571,'27','edbjhhj','V'),(5572,'27','edbjhia','L'),(5573,'27','edbjhib','L'),(5574,'27','edbjhic','V'),(5575,'27','edbjhid','E'),(5576,'27','edbjhie','E'),(5577,'27','edbjhif','V'),(5578,'27','edbjhig','L'),(5579,'27','edcacea','L'),(5580,'27','edcaceb','L'),(5581,'27','edbjhgb','V'),(5582,'27','edbjhgc','L'),(5583,'27','edbjhgd','L'),(5584,'27','edbjhge','L'),(5585,'27','edbjhgf','V'),(5586,'27','edbjhgg','E'),(5587,'27','edbjhgh','L'),(5588,'27','edbjhgi','L'),(5589,'27','edbjhgj','L'),(5590,'27','edbjhha','E'),(5591,'27','edbjhhb','L'),(5592,'27','edbjhhc','V'),(5593,'27','edbjhhd','E'),(5594,'27','edcacdi','V'),(5595,'27','edcacdj','L'),(5596,'27','edbjhei','V'),(5597,'27','edbjhej','L'),(5598,'27','edbjhfa','E'),(5599,'27','edbjhfb','V'),(5600,'27','edbjhfc','L'),(5601,'27','edbjhfd','L'),(5602,'27','edbjhfe','L'),(5603,'27','edbjhff','L'),(5604,'27','edbjhfg','L'),(5605,'27','edbjhfh','V'),(5606,'27','edbjhfi','E'),(5607,'27','edbjhfj','L'),(5608,'27','edbjhga','E'),(5609,'27','edcacdg','L'),(5610,'27','edcacdh','E'),(5611,'27','edbjhdf','V'),(5612,'27','edbjhdg','E'),(5613,'27','edbjhdh','L'),(5614,'27','edbjhdi','E'),(5615,'27','edbjhdj','E'),(5616,'27','edbjhea','L'),(5617,'27','edbjheb','L'),(5618,'27','edbjhec','V'),(5619,'27','edbjhed','V'),(5620,'27','edbjhee','V'),(5621,'27','edbjhef','V'),(5622,'27','edbjheg','E'),(5623,'27','edbjheh','E'),(5624,'27','edcacde','E'),(5625,'27','edcacdf','L'),(5626,'27','edbjhcc','L'),(5627,'27','edbjhcd','E'),(5628,'27','edbjhce','E'),(5629,'27','edbjhcf','V'),(5630,'27','edbjhcg','E'),(5631,'27','edbjhch','E'),(5632,'27','edbjhci','V'),(5633,'27','edbjhcj','E'),(5634,'27','edbjhda','E'),(5635,'27','edbjhdb','V'),(5636,'27','edbjhdc','E'),(5637,'27','edbjhdd','E'),(5638,'27','edbjhde','V'),(5639,'27','edcacdc','L'),(5640,'27','edcacdd','V'),(5641,'27','edbjhaj','E'),(5642,'27','edbjhba','L'),(5643,'27','edbjhbb','V'),(5644,'27','edbjhbc','V'),(5645,'27','edbjhbd','L'),(5646,'27','edbjhbe','E'),(5647,'27','edbjhbf','L'),(5648,'27','edbjhbg','L'),(5649,'27','edbjhbh','V'),(5650,'27','edbjhbi','L'),(5651,'27','edbjhbj','L'),(5652,'27','edbjhca','E'),(5653,'27','edbjhcb','V'),(5654,'27','edcacda','V'),(5655,'27','edcacdb','L'),(5656,'27','edbjgjg','E'),(5657,'27','edbjgjh','E'),(5658,'27','edbjgji','L'),(5659,'27','edbjgjj','E'),(5660,'27','edbjhaa','V'),(5661,'27','edbjhab','E'),(5662,'27','edbjhac','E'),(5663,'27','edbjhad','E'),(5664,'27','edbjhae','E'),(5665,'27','edbjhaf','E'),(5666,'27','edbjhag','E'),(5667,'27','edbjhah','V'),(5668,'27','edbjhai','E'),(5669,'27','edcacci','E'),(5670,'27','edcaccj','L'),(5671,'28','edbjigf','V'),(5672,'28','edbjigg','E'),(5673,'28','edbjigh','E'),(5674,'28','edbjigi','E'),(5675,'28','edbjigj','V'),(5676,'28','edbjiha','V'),(5677,'28','edbjihb','V'),(5678,'28','edbjihc','V'),(5679,'28','edbjihd','V'),(5680,'28','edbjihe','V'),(5681,'28','edbjihf','L'),(5682,'28','edbjihg','E'),(5683,'28','edbjihh','E'),(5684,'28','edcabjh','V'),(5685,'28','edcabji','V'),(5686,'28','edbjifc','E'),(5687,'28','edbjifd','E'),(5688,'28','edbjife','L'),(5689,'28','edbjiff','E'),(5690,'28','edbjifg','L'),(5691,'28','edbjifh','V'),(5692,'28','edbjifi','V'),(5693,'28','edbjifj','L'),(5694,'28','edbjiga','E'),(5695,'28','edbjigb','L'),(5696,'28','edbjigc','E'),(5697,'28','edbjigd','E'),(5698,'28','edbjige','E'),(5699,'28','edcabjg','E'),(5700,'28','edcabjj','L'),(5701,'28','edbjidi','L'),(5702,'28','edbjiea','V'),(5703,'28','edbjieb','E'),(5704,'28','edbjiec','V'),(5705,'28','edbjied','E'),(5706,'28','edbjiee','L'),(5707,'28','edbjief','E'),(5708,'28','edbjieg','E'),(5709,'28','edbjieh','L'),(5710,'28','edbjiei','L'),(5711,'28','edbjiej','L'),(5712,'28','edbjifa','V'),(5713,'28','edbjifb','E'),(5714,'28','edcacfa','E'),(5715,'28','edcacfb','V'),(5716,'28','edbjicg','L'),(5717,'28','edbjich','L'),(5718,'28','edbjici','E'),(5719,'28','edbjicj','L'),(5720,'28','edbjida','V'),(5721,'28','edbjidb','E'),(5722,'28','edbjidc','L'),(5723,'28','edbjidd','L'),(5724,'28','edbjide','V'),(5725,'28','edbjidf','E'),(5726,'28','edbjidg','L'),(5727,'28','edbjidh','E'),(5728,'28','edbjidj','V'),(5729,'28','edcacei','L'),(5730,'28','edcacej','V'),(5731,'28','edbjibd','V'),(5732,'28','edbjibe','E'),(5733,'28','edbjibf','E'),(5734,'28','edbjibg','V'),(5735,'28','edbjibh','V'),(5736,'28','edbjibi','V'),(5737,'28','edbjibj','E'),(5738,'28','edbjica','V'),(5739,'28','edbjicb','L'),(5740,'28','edbjicc','E'),(5741,'28','edbjicd','V'),(5742,'28','edbjice','L'),(5743,'28','edbjicf','L'),(5744,'28','edcaceg','L'),(5745,'28','edcaceh','V'),(5746,'28','edbjiaa','V'),(5747,'28','edbjiab','V'),(5748,'28','edbjiac','V'),(5749,'28','edbjiad','E'),(5750,'28','edbjiae','L'),(5751,'28','edbjiaf','E'),(5752,'28','edbjiag','E'),(5753,'28','edbjiah','E'),(5754,'28','edbjiai','L'),(5755,'28','edbjiaj','L'),(5756,'28','edbjiba','V'),(5757,'28','edbjibb','L'),(5758,'28','edbjibc','V'),(5759,'28','edcacee','L'),(5760,'28','edcacef','E'),(5761,'28','edbjhih','E'),(5762,'28','edbjhii','E'),(5763,'28','edbjhij','E'),(5764,'28','edbjhja','E'),(5765,'28','edbjhjb','V'),(5766,'28','edbjhjc','V'),(5767,'28','edbjhjd','E'),(5768,'28','edbjhje','E'),(5769,'28','edbjhjf','L'),(5770,'28','edbjhjg','L'),(5771,'28','edbjhjh','V'),(5772,'28','edbjhji','E'),(5773,'28','edbjhjj','E'),(5774,'28','edcacec','L'),(5775,'28','edcaced','L'),(5776,'28','edbjhhe','L'),(5777,'28','edbjhhf','L'),(5778,'28','edbjhhg','E'),(5779,'28','edbjhhh','E'),(5780,'28','edbjhhi','E'),(5781,'28','edbjhhj','E'),(5782,'28','edbjhia','L'),(5783,'28','edbjhib','V'),(5784,'28','edbjhic','E'),(5785,'28','edbjhid','E'),(5786,'28','edbjhie','E'),(5787,'28','edbjhif','V'),(5788,'28','edbjhig','V'),(5789,'28','edcacea','L'),(5790,'28','edcaceb','E'),(5791,'28','edbjhgb','E'),(5792,'28','edbjhgc','E'),(5793,'28','edbjhgd','L'),(5794,'28','edbjhge','L'),(5795,'28','edbjhgf','V'),(5796,'28','edbjhgg','L'),(5797,'28','edbjhgh','E'),(5798,'28','edbjhgi','E'),(5799,'28','edbjhgj','L'),(5800,'28','edbjhha','E'),(5801,'28','edbjhhb','E'),(5802,'28','edbjhhc','L'),(5803,'28','edbjhhd','L'),(5804,'28','edcacdi','V'),(5805,'28','edcacdj','V'),(5806,'28','edbjhei','V'),(5807,'28','edbjhej','E'),(5808,'28','edbjhfa','E'),(5809,'28','edbjhfb','E'),(5810,'28','edbjhfc','V'),(5811,'28','edbjhfd','V'),(5812,'28','edbjhfe','E'),(5813,'28','edbjhff','V'),(5814,'28','edbjhfg','L'),(5815,'28','edbjhfh','E'),(5816,'28','edbjhfi','L'),(5817,'28','edbjhfj','E'),(5818,'28','edbjhga','E'),(5819,'28','edcacdg','E'),(5820,'28','edcacdh','V'),(5821,'28','edbjhdf','V'),(5822,'28','edbjhdg','L'),(5823,'28','edbjhdh','V'),(5824,'28','edbjhdi','E'),(5825,'28','edbjhdj','E'),(5826,'28','edbjhea','V'),(5827,'28','edbjheb','E'),(5828,'28','edbjhec','V'),(5829,'28','edbjhed','E'),(5830,'28','edbjhee','L'),(5831,'28','edbjhef','E'),(5832,'28','edbjheg','L'),(5833,'28','edbjheh','V'),(5834,'28','edcacde','L'),(5835,'28','edcacdf','V'),(5836,'28','edbjhcc','V'),(5837,'28','edbjhcd','E'),(5838,'28','edbjhce','E'),(5839,'28','edbjhcf','E'),(5840,'28','edbjhcg','E'),(5841,'28','edbjhch','L'),(5842,'28','edbjhci','L'),(5843,'28','edbjhcj','V'),(5844,'28','edbjhda','V'),(5845,'28','edbjhdb','E'),(5846,'28','edbjhdc','V'),(5847,'28','edbjhdd','L'),(5848,'28','edbjhde','V'),(5849,'28','edcacdc','E'),(5850,'28','edcacdd','V'),(5851,'28','edbjhaj','E'),(5852,'28','edbjhba','V'),(5853,'28','edbjhbb','E'),(5854,'28','edbjhbc','V'),(5855,'28','edbjhbd','V'),(5856,'28','edbjhbe','V'),(5857,'28','edbjhbf','L'),(5858,'28','edbjhbg','V'),(5859,'28','edbjhbh','V'),(5860,'28','edbjhbi','L'),(5861,'28','edbjhbj','L'),(5862,'28','edbjhca','E'),(5863,'28','edbjhcb','E'),(5864,'28','edcacda','V'),(5865,'28','edcacdb','L'),(5866,'28','edbjgjg','E'),(5867,'28','edbjgjh','V'),(5868,'28','edbjgji','L'),(5869,'28','edbjgjj','E'),(5870,'28','edbjhaa','V'),(5871,'28','edbjhab','V'),(5872,'28','edbjhac','E'),(5873,'28','edbjhad','L'),(5874,'28','edbjhae','V'),(5875,'28','edbjhaf','E'),(5876,'28','edbjhag','V'),(5877,'28','edbjhah','L'),(5878,'28','edbjhai','E'),(5879,'28','edcacci','L'),(5880,'28','edcaccj','V'),(5881,'29','edbjigf','E'),(5882,'29','edbjigg','V'),(5883,'29','edbjigh','V'),(5884,'29','edbjigi','L'),(5885,'29','edbjigj','V'),(5886,'29','edbjiha','L'),(5887,'29','edbjihb','L'),(5888,'29','edbjihc','L'),(5889,'29','edbjihd','E'),(5890,'29','edbjihe','E'),(5891,'29','edbjihf','L'),(5892,'29','edbjihg','E'),(5893,'29','edbjihh','V'),(5894,'29','edcabjh','L'),(5895,'29','edcabji','V'),(5896,'29','edbjifc','L'),(5897,'29','edbjifd','E'),(5898,'29','edbjife','E'),(5899,'29','edbjiff','L'),(5900,'29','edbjifg','E'),(5901,'29','edbjifh','V'),(5902,'29','edbjifi','E'),(5903,'29','edbjifj','L'),(5904,'29','edbjiga','L'),(5905,'29','edbjigb','E'),(5906,'29','edbjigc','L'),(5907,'29','edbjigd','E'),(5908,'29','edbjige','V'),(5909,'29','edcabjg','V'),(5910,'29','edcabjj','V'),(5911,'29','edbjidi','V'),(5912,'29','edbjiea','V'),(5913,'29','edbjieb','E'),(5914,'29','edbjiec','E'),(5915,'29','edbjied','L'),(5916,'29','edbjiee','E'),(5917,'29','edbjief','V'),(5918,'29','edbjieg','E'),(5919,'29','edbjieh','E'),(5920,'29','edbjiei','V'),(5921,'29','edbjiej','L'),(5922,'29','edbjifa','E'),(5923,'29','edbjifb','E'),(5924,'29','edcacfa','V'),(5925,'29','edcacfb','L'),(5926,'29','edbjicg','E'),(5927,'29','edbjich','V'),(5928,'29','edbjici','L'),(5929,'29','edbjicj','V'),(5930,'29','edbjida','V'),(5931,'29','edbjidb','E'),(5932,'29','edbjidc','V'),(5933,'29','edbjidd','V'),(5934,'29','edbjide','V'),(5935,'29','edbjidf','L'),(5936,'29','edbjidg','E'),(5937,'29','edbjidh','V'),(5938,'29','edbjidj','L'),(5939,'29','edcacei','L'),(5940,'29','edcacej','L'),(5941,'29','edbjibd','E'),(5942,'29','edbjibe','V'),(5943,'29','edbjibf','L'),(5944,'29','edbjibg','L'),(5945,'29','edbjibh','V'),(5946,'29','edbjibi','L'),(5947,'29','edbjibj','L'),(5948,'29','edbjica','V'),(5949,'29','edbjicb','E'),(5950,'29','edbjicc','E'),(5951,'29','edbjicd','E'),(5952,'29','edbjice','L'),(5953,'29','edbjicf','L'),(5954,'29','edcaceg','V'),(5955,'29','edcaceh','E'),(5956,'29','edbjiaa','L'),(5957,'29','edbjiab','L'),(5958,'29','edbjiac','E'),(5959,'29','edbjiad','V'),(5960,'29','edbjiae','E'),(5961,'29','edbjiaf','V'),(5962,'29','edbjiag','E'),(5963,'29','edbjiah','L'),(5964,'29','edbjiai','E'),(5965,'29','edbjiaj','E'),(5966,'29','edbjiba','V'),(5967,'29','edbjibb','L'),(5968,'29','edbjibc','L'),(5969,'29','edcacee','E'),(5970,'29','edcacef','L'),(5971,'29','edbjhih','V'),(5972,'29','edbjhii','E'),(5973,'29','edbjhij','L'),(5974,'29','edbjhja','L'),(5975,'29','edbjhjb','E'),(5976,'29','edbjhjc','E'),(5977,'29','edbjhjd','L'),(5978,'29','edbjhje','E'),(5979,'29','edbjhjf','E'),(5980,'29','edbjhjg','L'),(5981,'29','edbjhjh','V'),(5982,'29','edbjhji','E'),(5983,'29','edbjhjj','V'),(5984,'29','edcacec','V'),(5985,'29','edcaced','E'),(5986,'29','edbjhhe','E'),(5987,'29','edbjhhf','L'),(5988,'29','edbjhhg','E'),(5989,'29','edbjhhh','E'),(5990,'29','edbjhhi','V'),(5991,'29','edbjhhj','L'),(5992,'29','edbjhia','V'),(5993,'29','edbjhib','V'),(5994,'29','edbjhic','L'),(5995,'29','edbjhid','V'),(5996,'29','edbjhie','V'),(5997,'29','edbjhif','E'),(5998,'29','edbjhig','L'),(5999,'29','edcacea','E'),(6000,'29','edcaceb','V'),(6001,'29','edbjhgb','V'),(6002,'29','edbjhgc','V'),(6003,'29','edbjhgd','L'),(6004,'29','edbjhge','V'),(6005,'29','edbjhgf','E'),(6006,'29','edbjhgg','V'),(6007,'29','edbjhgh','L'),(6008,'29','edbjhgi','L'),(6009,'29','edbjhgj','V'),(6010,'29','edbjhha','V'),(6011,'29','edbjhhb','L'),(6012,'29','edbjhhc','V'),(6013,'29','edbjhhd','L'),(6014,'29','edcacdi','E'),(6015,'29','edcacdj','E'),(6016,'29','edbjhei','V'),(6017,'29','edbjhej','L'),(6018,'29','edbjhfa','L'),(6019,'29','edbjhfb','L'),(6020,'29','edbjhfc','E'),(6021,'29','edbjhfd','E'),(6022,'29','edbjhfe','E'),(6023,'29','edbjhff','V'),(6024,'29','edbjhfg','V'),(6025,'29','edbjhfh','E'),(6026,'29','edbjhfi','E'),(6027,'29','edbjhfj','E'),(6028,'29','edbjhga','L'),(6029,'29','edcacdg','V'),(6030,'29','edcacdh','V'),(6031,'29','edbjhdf','E'),(6032,'29','edbjhdg','E'),(6033,'29','edbjhdh','E'),(6034,'29','edbjhdi','L'),(6035,'29','edbjhdj','L'),(6036,'29','edbjhea','L'),(6037,'29','edbjheb','V'),(6038,'29','edbjhec','L'),(6039,'29','edbjhed','E'),(6040,'29','edbjhee','E'),(6041,'29','edbjhef','V'),(6042,'29','edbjheg','E'),(6043,'29','edbjheh','L'),(6044,'29','edcacde','L'),(6045,'29','edcacdf','V'),(6046,'29','edbjhcc','E'),(6047,'29','edbjhcd','L'),(6048,'29','edbjhce','V'),(6049,'29','edbjhcf','L'),(6050,'29','edbjhcg','L'),(6051,'29','edbjhch','V'),(6052,'29','edbjhci','E'),(6053,'29','edbjhcj','E'),(6054,'29','edbjhda','E'),(6055,'29','edbjhdb','V'),(6056,'29','edbjhdc','V'),(6057,'29','edbjhdd','E'),(6058,'29','edbjhde','V'),(6059,'29','edcacdc','L'),(6060,'29','edcacdd','E'),(6061,'29','edbjhaj','L'),(6062,'29','edbjhba','E'),(6063,'29','edbjhbb','E'),(6064,'29','edbjhbc','E'),(6065,'29','edbjhbd','L'),(6066,'29','edbjhbe','V'),(6067,'29','edbjhbf','E'),(6068,'29','edbjhbg','V'),(6069,'29','edbjhbh','V'),(6070,'29','edbjhbi','E'),(6071,'29','edbjhbj','E'),(6072,'29','edbjhca','V'),(6073,'29','edbjhcb','E'),(6074,'29','edcacda','V'),(6075,'29','edcacdb','V'),(6076,'29','edbjgjg','E'),(6077,'29','edbjgjh','V'),(6078,'29','edbjgji','L'),(6079,'29','edbjgjj','L'),(6080,'29','edbjhaa','V'),(6081,'29','edbjhab','E'),(6082,'29','edbjhac','L'),(6083,'29','edbjhad','L'),(6084,'29','edbjhae','V'),(6085,'29','edbjhaf','E'),(6086,'29','edbjhag','E'),(6087,'29','edbjhah','L'),(6088,'29','edbjhai','V'),(6089,'29','edcacci','L'),(6090,'29','edcaccj','E'),(6091,'30','edbjigf','L'),(6092,'30','edbjigg','E'),(6093,'30','edbjigh','V'),(6094,'30','edbjigi','E'),(6095,'30','edbjigj','L'),(6096,'30','edbjiha','E'),(6097,'30','edbjihb','L'),(6098,'30','edbjihc','V'),(6099,'30','edbjihd','V'),(6100,'30','edbjihe','V'),(6101,'30','edbjihf','L'),(6102,'30','edbjihg','V'),(6103,'30','edbjihh','L'),(6104,'30','edcabjh','V'),(6105,'30','edcabji','L'),(6106,'30','edbjifc','L'),(6107,'30','edbjifd','L'),(6108,'30','edbjife','E'),(6109,'30','edbjiff','L'),(6110,'30','edbjifg','E'),(6111,'30','edbjifh','V'),(6112,'30','edbjifi','L'),(6113,'30','edbjifj','E'),(6114,'30','edbjiga','L'),(6115,'30','edbjigb','E'),(6116,'30','edbjigc','V'),(6117,'30','edbjigd','L'),(6118,'30','edbjige','L'),(6119,'30','edcabjg','L'),(6120,'30','edcabjj','L'),(6121,'30','edbjidi','E'),(6122,'30','edbjiea','E'),(6123,'30','edbjieb','E'),(6124,'30','edbjiec','L'),(6125,'30','edbjied','L'),(6126,'30','edbjiee','V'),(6127,'30','edbjief','L'),(6128,'30','edbjieg','V'),(6129,'30','edbjieh','L'),(6130,'30','edbjiei','L'),(6131,'30','edbjiej','V'),(6132,'30','edbjifa','V'),(6133,'30','edbjifb','E'),(6134,'30','edcacfa','E'),(6135,'30','edcacfb','V'),(6136,'30','edbjicg','V'),(6137,'30','edbjich','L'),(6138,'30','edbjici','E'),(6139,'30','edbjicj','E'),(6140,'30','edbjida','L'),(6141,'30','edbjidb','E'),(6142,'30','edbjidc','V'),(6143,'30','edbjidd','V'),(6144,'30','edbjide','L'),(6145,'30','edbjidf','E'),(6146,'30','edbjidg','V'),(6147,'30','edbjidh','L'),(6148,'30','edbjidj','L'),(6149,'30','edcacei','L'),(6150,'30','edcacej','E'),(6151,'30','edbjibd','E'),(6152,'30','edbjibe','L'),(6153,'30','edbjibf','L'),(6154,'30','edbjibg','L'),(6155,'30','edbjibh','L'),(6156,'30','edbjibi','E'),(6157,'30','edbjibj','V'),(6158,'30','edbjica','E'),(6159,'30','edbjicb','L'),(6160,'30','edbjicc','V'),(6161,'30','edbjicd','E'),(6162,'30','edbjice','E'),(6163,'30','edbjicf','V'),(6164,'30','edcaceg','L'),(6165,'30','edcaceh','E'),(6166,'30','edbjiaa','L'),(6167,'30','edbjiab','L'),(6168,'30','edbjiac','V'),(6169,'30','edbjiad','L'),(6170,'30','edbjiae','V'),(6171,'30','edbjiaf','L'),(6172,'30','edbjiag','L'),(6173,'30','edbjiah','V'),(6174,'30','edbjiai','L'),(6175,'30','edbjiaj','L'),(6176,'30','edbjiba','E'),(6177,'30','edbjibb','L'),(6178,'30','edbjibc','E'),(6179,'30','edcacee','L'),(6180,'30','edcacef','V'),(6181,'30','edbjhih','V'),(6182,'30','edbjhii','L'),(6183,'30','edbjhij','V'),(6184,'30','edbjhja','V'),(6185,'30','edbjhjb','V'),(6186,'30','edbjhjc','V'),(6187,'30','edbjhjd','L'),(6188,'30','edbjhje','E'),(6189,'30','edbjhjf','E'),(6190,'30','edbjhjg','V'),(6191,'30','edbjhjh','E'),(6192,'30','edbjhji','V'),(6193,'30','edbjhjj','E'),(6194,'30','edcacec','E'),(6195,'30','edcaced','V'),(6196,'30','edbjhhe','V'),(6197,'30','edbjhhf','E'),(6198,'30','edbjhhg','E'),(6199,'30','edbjhhh','L'),(6200,'30','edbjhhi','L'),(6201,'30','edbjhhj','V'),(6202,'30','edbjhia','E'),(6203,'30','edbjhib','V'),(6204,'30','edbjhic','E'),(6205,'30','edbjhid','E'),(6206,'30','edbjhie','V'),(6207,'30','edbjhif','E'),(6208,'30','edbjhig','V'),(6209,'30','edcacea','V'),(6210,'30','edcaceb','L'),(6211,'30','edbjhgb','E'),(6212,'30','edbjhgc','V'),(6213,'30','edbjhgd','E'),(6214,'30','edbjhge','V'),(6215,'30','edbjhgf','V'),(6216,'30','edbjhgg','V'),(6217,'30','edbjhgh','V'),(6218,'30','edbjhgi','V'),(6219,'30','edbjhgj','L'),(6220,'30','edbjhha','V'),(6221,'30','edbjhhb','L'),(6222,'30','edbjhhc','L'),(6223,'30','edbjhhd','E'),(6224,'30','edcacdi','L'),(6225,'30','edcacdj','V'),(6226,'30','edbjhei','V'),(6227,'30','edbjhej','V'),(6228,'30','edbjhfa','E'),(6229,'30','edbjhfb','V'),(6230,'30','edbjhfc','V'),(6231,'30','edbjhfd','E'),(6232,'30','edbjhfe','L'),(6233,'30','edbjhff','E'),(6234,'30','edbjhfg','V'),(6235,'30','edbjhfh','E'),(6236,'30','edbjhfi','L'),(6237,'30','edbjhfj','V'),(6238,'30','edbjhga','E'),(6239,'30','edcacdg','L'),(6240,'30','edcacdh','L'),(6241,'30','edbjhdf','E'),(6242,'30','edbjhdg','V'),(6243,'30','edbjhdh','L'),(6244,'30','edbjhdi','L'),(6245,'30','edbjhdj','E'),(6246,'30','edbjhea','L'),(6247,'30','edbjheb','E'),(6248,'30','edbjhec','E'),(6249,'30','edbjhed','V'),(6250,'30','edbjhee','L'),(6251,'30','edbjhef','E'),(6252,'30','edbjheg','E'),(6253,'30','edbjheh','V'),(6254,'30','edcacde','V'),(6255,'30','edcacdf','V'),(6256,'30','edbjhcc','E'),(6257,'30','edbjhcd','L'),(6258,'30','edbjhce','E'),(6259,'30','edbjhcf','L'),(6260,'30','edbjhcg','L'),(6261,'30','edbjhch','V'),(6262,'30','edbjhci','L'),(6263,'30','edbjhcj','L'),(6264,'30','edbjhda','E'),(6265,'30','edbjhdb','V'),(6266,'30','edbjhdc','V'),(6267,'30','edbjhdd','L'),(6268,'30','edbjhde','L'),(6269,'30','edcacdc','V'),(6270,'30','edcacdd','E'),(6271,'30','edbjhaj','E'),(6272,'30','edbjhba','E'),(6273,'30','edbjhbb','L'),(6274,'30','edbjhbc','L'),(6275,'30','edbjhbd','V'),(6276,'30','edbjhbe','L'),(6277,'30','edbjhbf','E'),(6278,'30','edbjhbg','V'),(6279,'30','edbjhbh','E'),(6280,'30','edbjhbi','E'),(6281,'30','edbjhbj','L'),(6282,'30','edbjhca','E'),(6283,'30','edbjhcb','L'),(6284,'30','edcacda','E'),(6285,'30','edcacdb','V'),(6286,'30','edbjgjg','E'),(6287,'30','edbjgjh','V'),(6288,'30','edbjgji','V'),(6289,'30','edbjgjj','V'),(6290,'30','edbjhaa','V'),(6291,'30','edbjhab','L'),(6292,'30','edbjhac','L'),(6293,'30','edbjhad','E'),(6294,'30','edbjhae','E'),(6295,'30','edbjhaf','E'),(6296,'30','edbjhag','V'),(6297,'30','edbjhah','L'),(6298,'30','edbjhai','L'),(6299,'30','edcacci','E'),(6300,'30','edcaccj','L'),(6301,'31','edbjigf','V'),(6302,'31','edbjigg','V'),(6303,'31','edbjigh','E'),(6304,'31','edbjigi','E'),(6305,'31','edbjigj','L'),(6306,'31','edbjiha','V'),(6307,'31','edbjihb','E'),(6308,'31','edbjihc','E'),(6309,'31','edbjihd','E'),(6310,'31','edbjihe','E'),(6311,'31','edbjihf','E'),(6312,'31','edbjihg','L'),(6313,'31','edbjihh','L'),(6314,'31','edcabjh','E'),(6315,'31','edcabji','E'),(6316,'31','edbjifc','E'),(6317,'31','edbjifd','L'),(6318,'31','edbjife','E'),(6319,'31','edbjiff','V'),(6320,'31','edbjifg','L'),(6321,'31','edbjifh','V'),(6322,'31','edbjifi','V'),(6323,'31','edbjifj','V'),(6324,'31','edbjiga','V'),(6325,'31','edbjigb','V'),(6326,'31','edbjigc','V'),(6327,'31','edbjigd','V'),(6328,'31','edbjige','E'),(6329,'31','edcabjg','V'),(6330,'31','edcabjj','V'),(6331,'31','edbjidi','V'),(6332,'31','edbjiea','E'),(6333,'31','edbjieb','V'),(6334,'31','edbjiec','E'),(6335,'31','edbjied','E'),(6336,'31','edbjiee','L'),(6337,'31','edbjief','L'),(6338,'31','edbjieg','L'),(6339,'31','edbjieh','E'),(6340,'31','edbjiei','L'),(6341,'31','edbjiej','E'),(6342,'31','edbjifa','V'),(6343,'31','edbjifb','L'),(6344,'31','edcacfa','V'),(6345,'31','edcacfb','E'),(6346,'31','edbjicg','V'),(6347,'31','edbjich','L'),(6348,'31','edbjici','L'),(6349,'31','edbjicj','E'),(6350,'31','edbjida','E'),(6351,'31','edbjidb','V'),(6352,'31','edbjidc','L'),(6353,'31','edbjidd','E'),(6354,'31','edbjide','E'),(6355,'31','edbjidf','L'),(6356,'31','edbjidg','V'),(6357,'31','edbjidh','E'),(6358,'31','edbjidj','V'),(6359,'31','edcacei','E'),(6360,'31','edcacej','L'),(6361,'31','edbjibd','E'),(6362,'31','edbjibe','V'),(6363,'31','edbjibf','E'),(6364,'31','edbjibg','V'),(6365,'31','edbjibh','V'),(6366,'31','edbjibi','V'),(6367,'31','edbjibj','V'),(6368,'31','edbjica','V'),(6369,'31','edbjicb','E'),(6370,'31','edbjicc','E'),(6371,'31','edbjicd','E'),(6372,'31','edbjice','L'),(6373,'31','edbjicf','V'),(6374,'31','edcaceg','E'),(6375,'31','edcaceh','V'),(6376,'31','edbjiaa','L'),(6377,'31','edbjiab','E'),(6378,'31','edbjiac','E'),(6379,'31','edbjiad','V'),(6380,'31','edbjiae','V'),(6381,'31','edbjiaf','E'),(6382,'31','edbjiag','V'),(6383,'31','edbjiah','E'),(6384,'31','edbjiai','L'),(6385,'31','edbjiaj','E'),(6386,'31','edbjiba','V'),(6387,'31','edbjibb','E'),(6388,'31','edbjibc','L'),(6389,'31','edcacee','L'),(6390,'31','edcacef','L'),(6391,'31','edbjhih','L'),(6392,'31','edbjhii','V'),(6393,'31','edbjhij','E'),(6394,'31','edbjhja','E'),(6395,'31','edbjhjb','V'),(6396,'31','edbjhjc','V'),(6397,'31','edbjhjd','V'),(6398,'31','edbjhje','E'),(6399,'31','edbjhjf','V'),(6400,'31','edbjhjg','E'),(6401,'31','edbjhjh','L'),(6402,'31','edbjhji','E'),(6403,'31','edbjhjj','V'),(6404,'31','edcacec','V'),(6405,'31','edcaced','V'),(6406,'31','edbjhhe','E'),(6407,'31','edbjhhf','V'),(6408,'31','edbjhhg','V'),(6409,'31','edbjhhh','V'),(6410,'31','edbjhhi','V'),(6411,'31','edbjhhj','E'),(6412,'31','edbjhia','V'),(6413,'31','edbjhib','L'),(6414,'31','edbjhic','L'),(6415,'31','edbjhid','V'),(6416,'31','edbjhie','E'),(6417,'31','edbjhif','E'),(6418,'31','edbjhig','E'),(6419,'31','edcacea','E'),(6420,'31','edcaceb','V'),(6421,'31','edbjhgb','L'),(6422,'31','edbjhgc','L'),(6423,'31','edbjhgd','E'),(6424,'31','edbjhge','E'),(6425,'31','edbjhgf','E'),(6426,'31','edbjhgg','V'),(6427,'31','edbjhgh','V'),(6428,'31','edbjhgi','V'),(6429,'31','edbjhgj','V'),(6430,'31','edbjhha','E'),(6431,'31','edbjhhb','V'),(6432,'31','edbjhhc','E'),(6433,'31','edbjhhd','E'),(6434,'31','edcacdi','L'),(6435,'31','edcacdj','V'),(6436,'31','edbjhei','E'),(6437,'31','edbjhej','L'),(6438,'31','edbjhfa','V'),(6439,'31','edbjhfb','L'),(6440,'31','edbjhfc','E'),(6441,'31','edbjhfd','E'),(6442,'31','edbjhfe','L'),(6443,'31','edbjhff','E'),(6444,'31','edbjhfg','E'),(6445,'31','edbjhfh','V'),(6446,'31','edbjhfi','V'),(6447,'31','edbjhfj','V'),(6448,'31','edbjhga','L'),(6449,'31','edcacdg','V'),(6450,'31','edcacdh','L'),(6451,'31','edbjhdf','E'),(6452,'31','edbjhdg','L'),(6453,'31','edbjhdh','L'),(6454,'31','edbjhdi','V'),(6455,'31','edbjhdj','V'),(6456,'31','edbjhea','E'),(6457,'31','edbjheb','L'),(6458,'31','edbjhec','E'),(6459,'31','edbjhed','L'),(6460,'31','edbjhee','L'),(6461,'31','edbjhef','L'),(6462,'31','edbjheg','L'),(6463,'31','edbjheh','L'),(6464,'31','edcacde','E'),(6465,'31','edcacdf','L'),(6466,'31','edbjhcc','L'),(6467,'31','edbjhcd','L'),(6468,'31','edbjhce','V'),(6469,'31','edbjhcf','V'),(6470,'31','edbjhcg','E'),(6471,'31','edbjhch','L'),(6472,'31','edbjhci','E'),(6473,'31','edbjhcj','E'),(6474,'31','edbjhda','L'),(6475,'31','edbjhdb','L'),(6476,'31','edbjhdc','E'),(6477,'31','edbjhdd','E'),(6478,'31','edbjhde','L'),(6479,'31','edcacdc','V'),(6480,'31','edcacdd','L'),(6481,'31','edbjhaj','L'),(6482,'31','edbjhba','L'),(6483,'31','edbjhbb','L'),(6484,'31','edbjhbc','E'),(6485,'31','edbjhbd','V'),(6486,'31','edbjhbe','L'),(6487,'31','edbjhbf','L'),(6488,'31','edbjhbg','E'),(6489,'31','edbjhbh','E'),(6490,'31','edbjhbi','E'),(6491,'31','edbjhbj','L'),(6492,'31','edbjhca','V'),(6493,'31','edbjhcb','E'),(6494,'31','edcacda','L'),(6495,'31','edcacdb','V'),(6496,'31','edbjgjg','E'),(6497,'31','edbjgjh','V'),(6498,'31','edbjgji','E'),(6499,'31','edbjgjj','V'),(6500,'31','edbjhaa','V'),(6501,'31','edbjhab','E'),(6502,'31','edbjhac','V'),(6503,'31','edbjhad','V'),(6504,'31','edbjhae','E'),(6505,'31','edbjhaf','V'),(6506,'31','edbjhag','L'),(6507,'31','edbjhah','V'),(6508,'31','edbjhai','E'),(6509,'31','edcacci','E'),(6510,'31','edcaccj','L'),(6511,'32','edbjigf','E'),(6512,'32','edbjigg','L'),(6513,'32','edbjigh','E'),(6514,'32','edbjigi','V'),(6515,'32','edbjigj','V'),(6516,'32','edbjiha','L'),(6517,'32','edbjihb','V'),(6518,'32','edbjihc','E'),(6519,'32','edbjihd','L'),(6520,'32','edbjihe','V'),(6521,'32','edbjihf','E'),(6522,'32','edbjihg','E'),(6523,'32','edbjihh','E'),(6524,'32','edcabjh','L'),(6525,'32','edcabji','V'),(6526,'32','edbjifc','V'),(6527,'32','edbjifd','V'),(6528,'32','edbjife','V'),(6529,'32','edbjiff','E'),(6530,'32','edbjifg','V'),(6531,'32','edbjifh','L'),(6532,'32','edbjifi','V'),(6533,'32','edbjifj','V'),(6534,'32','edbjiga','L'),(6535,'32','edbjigb','L'),(6536,'32','edbjigc','V'),(6537,'32','edbjigd','L'),(6538,'32','edbjige','V'),(6539,'32','edcabjg','E'),(6540,'32','edcabjj','V'),(6541,'32','edbjidi','V'),(6542,'32','edbjiea','V'),(6543,'32','edbjieb','V'),(6544,'32','edbjiec','V'),(6545,'32','edbjied','V'),(6546,'32','edbjiee','E'),(6547,'32','edbjief','L'),(6548,'32','edbjieg','E'),(6549,'32','edbjieh','E'),(6550,'32','edbjiei','L'),(6551,'32','edbjiej','E'),(6552,'32','edbjifa','L'),(6553,'32','edbjifb','E'),(6554,'32','edcacfa','L'),(6555,'32','edcacfb','L'),(6556,'32','edbjicg','E'),(6557,'32','edbjich','L'),(6558,'32','edbjici','E'),(6559,'32','edbjicj','E'),(6560,'32','edbjida','L'),(6561,'32','edbjidb','L'),(6562,'32','edbjidc','L'),(6563,'32','edbjidd','V'),(6564,'32','edbjide','E'),(6565,'32','edbjidf','L'),(6566,'32','edbjidg','E'),(6567,'32','edbjidh','L'),(6568,'32','edbjidj','V'),(6569,'32','edcacei','E'),(6570,'32','edcacej','L'),(6571,'32','edbjibd','L'),(6572,'32','edbjibe','L'),(6573,'32','edbjibf','L'),(6574,'32','edbjibg','L'),(6575,'32','edbjibh','L'),(6576,'32','edbjibi','V'),(6577,'32','edbjibj','E'),(6578,'32','edbjica','L'),(6579,'32','edbjicb','E'),(6580,'32','edbjicc','L'),(6581,'32','edbjicd','V'),(6582,'32','edbjice','E'),(6583,'32','edbjicf','L'),(6584,'32','edcaceg','V'),(6585,'32','edcaceh','E'),(6586,'32','edbjiaa','V'),(6587,'32','edbjiab','E'),(6588,'32','edbjiac','L'),(6589,'32','edbjiad','V'),(6590,'32','edbjiae','V'),(6591,'32','edbjiaf','V'),(6592,'32','edbjiag','V'),(6593,'32','edbjiah','L'),(6594,'32','edbjiai','L'),(6595,'32','edbjiaj','E'),(6596,'32','edbjiba','V'),(6597,'32','edbjibb','V'),(6598,'32','edbjibc','L'),(6599,'32','edcacee','E'),(6600,'32','edcacef','V'),(6601,'32','edbjhih','E'),(6602,'32','edbjhii','E'),(6603,'32','edbjhij','L'),(6604,'32','edbjhja','E'),(6605,'32','edbjhjb','E'),(6606,'32','edbjhjc','V'),(6607,'32','edbjhjd','L'),(6608,'32','edbjhje','V'),(6609,'32','edbjhjf','E'),(6610,'32','edbjhjg','V'),(6611,'32','edbjhjh','E'),(6612,'32','edbjhji','E'),(6613,'32','edbjhjj','E'),(6614,'32','edcacec','L'),(6615,'32','edcaced','V'),(6616,'32','edbjhhe','V'),(6617,'32','edbjhhf','L'),(6618,'32','edbjhhg','L'),(6619,'32','edbjhhh','V'),(6620,'32','edbjhhi','V'),(6621,'32','edbjhhj','L'),(6622,'32','edbjhia','V'),(6623,'32','edbjhib','E'),(6624,'32','edbjhic','V'),(6625,'32','edbjhid','V'),(6626,'32','edbjhie','E'),(6627,'32','edbjhif','V'),(6628,'32','edbjhig','V'),(6629,'32','edcacea','E'),(6630,'32','edcaceb','V'),(6631,'32','edbjhgb','L'),(6632,'32','edbjhgc','E'),(6633,'32','edbjhgd','E'),(6634,'32','edbjhge','L'),(6635,'32','edbjhgf','L'),(6636,'32','edbjhgg','L'),(6637,'32','edbjhgh','V'),(6638,'32','edbjhgi','V'),(6639,'32','edbjhgj','L'),(6640,'32','edbjhha','E'),(6641,'32','edbjhhb','L'),(6642,'32','edbjhhc','E'),(6643,'32','edbjhhd','E'),(6644,'32','edcacdi','E'),(6645,'32','edcacdj','V'),(6646,'32','edbjhei','E'),(6647,'32','edbjhej','L'),(6648,'32','edbjhfa','E'),(6649,'32','edbjhfb','L'),(6650,'32','edbjhfc','V'),(6651,'32','edbjhfd','E'),(6652,'32','edbjhfe','V'),(6653,'32','edbjhff','E'),(6654,'32','edbjhfg','E'),(6655,'32','edbjhfh','E'),(6656,'32','edbjhfi','V'),(6657,'32','edbjhfj','L'),(6658,'32','edbjhga','V'),(6659,'32','edcacdg','E'),(6660,'32','edcacdh','E'),(6661,'32','edbjhdf','L'),(6662,'32','edbjhdg','L'),(6663,'32','edbjhdh','E'),(6664,'32','edbjhdi','L'),(6665,'32','edbjhdj','E'),(6666,'32','edbjhea','L'),(6667,'32','edbjheb','V'),(6668,'32','edbjhec','L'),(6669,'32','edbjhed','E'),(6670,'32','edbjhee','L'),(6671,'32','edbjhef','V'),(6672,'32','edbjheg','E'),(6673,'32','edbjheh','V'),(6674,'32','edcacde','V'),(6675,'32','edcacdf','L'),(6676,'32','edbjhcc','L'),(6677,'32','edbjhcd','E'),(6678,'32','edbjhce','V'),(6679,'32','edbjhcf','V'),(6680,'32','edbjhcg','L'),(6681,'32','edbjhch','L'),(6682,'32','edbjhci','L'),(6683,'32','edbjhcj','V'),(6684,'32','edbjhda','E'),(6685,'32','edbjhdb','L'),(6686,'32','edbjhdc','V'),(6687,'32','edbjhdd','L'),(6688,'32','edbjhde','E'),(6689,'32','edcacdc','L'),(6690,'32','edcacdd','E'),(6691,'32','edbjhaj','E'),(6692,'32','edbjhba','V'),(6693,'32','edbjhbb','L'),(6694,'32','edbjhbc','V'),(6695,'32','edbjhbd','L'),(6696,'32','edbjhbe','V'),(6697,'32','edbjhbf','V'),(6698,'32','edbjhbg','V'),(6699,'32','edbjhbh','L'),(6700,'32','edbjhbi','V'),(6701,'32','edbjhbj','V'),(6702,'32','edbjhca','L'),(6703,'32','edbjhcb','V'),(6704,'32','edcacda','E'),(6705,'32','edcacdb','E'),(6706,'32','edbjgjg','L'),(6707,'32','edbjgjh','V'),(6708,'32','edbjgji','E'),(6709,'32','edbjgjj','L'),(6710,'32','edbjhaa','E'),(6711,'32','edbjhab','V'),(6712,'32','edbjhac','L'),(6713,'32','edbjhad','L'),(6714,'32','edbjhae','V'),(6715,'32','edbjhaf','V'),(6716,'32','edbjhag','V'),(6717,'32','edbjhah','L'),(6718,'32','edbjhai','V'),(6719,'32','edcacci','V'),(6720,'32','edcaccj','E'),(6721,'33','edbjigf','V'),(6722,'33','edbjigg','E'),(6723,'33','edbjigh','E'),(6724,'33','edbjigi','E'),(6725,'33','edbjigj','L'),(6726,'33','edbjiha','E'),(6727,'33','edbjihb','E'),(6728,'33','edbjihc','V'),(6729,'33','edbjihd','L'),(6730,'33','edbjihe','L'),(6731,'33','edbjihf','L'),(6732,'33','edbjihg','E'),(6733,'33','edbjihh','L'),(6734,'33','edcabjh','L'),(6735,'33','edcabji','L'),(6736,'33','edbjifc','V'),(6737,'33','edbjifd','V'),(6738,'33','edbjife','V'),(6739,'33','edbjiff','L'),(6740,'33','edbjifg','L'),(6741,'33','edbjifh','E'),(6742,'33','edbjifi','L'),(6743,'33','edbjifj','L'),(6744,'33','edbjiga','V'),(6745,'33','edbjigb','E'),(6746,'33','edbjigc','L'),(6747,'33','edbjigd','E'),(6748,'33','edbjige','E'),(6749,'33','edcabjg','E'),(6750,'33','edcabjj','E'),(6751,'33','edbjidi','E'),(6752,'33','edbjiea','V'),(6753,'33','edbjieb','L'),(6754,'33','edbjiec','L'),(6755,'33','edbjied','L'),(6756,'33','edbjiee','L'),(6757,'33','edbjief','L'),(6758,'33','edbjieg','V'),(6759,'33','edbjieh','E'),(6760,'33','edbjiei','V'),(6761,'33','edbjiej','L'),(6762,'33','edbjifa','V'),(6763,'33','edbjifb','L'),(6764,'33','edcacfa','V'),(6765,'33','edcacfb','L'),(6766,'33','edbjicg','L'),(6767,'33','edbjich','L'),(6768,'33','edbjici','L'),(6769,'33','edbjicj','V'),(6770,'33','edbjida','E'),(6771,'33','edbjidb','L'),(6772,'33','edbjidc','V'),(6773,'33','edbjidd','E'),(6774,'33','edbjide','L'),(6775,'33','edbjidf','L'),(6776,'33','edbjidg','E'),(6777,'33','edbjidh','V'),(6778,'33','edbjidj','V'),(6779,'33','edcacei','V'),(6780,'33','edcacej','V'),(6781,'33','edbjibd','L'),(6782,'33','edbjibe','V'),(6783,'33','edbjibf','E'),(6784,'33','edbjibg','L'),(6785,'33','edbjibh','E'),(6786,'33','edbjibi','E'),(6787,'33','edbjibj','L'),(6788,'33','edbjica','V'),(6789,'33','edbjicb','V'),(6790,'33','edbjicc','E'),(6791,'33','edbjicd','E'),(6792,'33','edbjice','V'),(6793,'33','edbjicf','L'),(6794,'33','edcaceg','L'),(6795,'33','edcaceh','L'),(6796,'33','edbjiaa','L'),(6797,'33','edbjiab','L'),(6798,'33','edbjiac','V'),(6799,'33','edbjiad','L'),(6800,'33','edbjiae','L'),(6801,'33','edbjiaf','V'),(6802,'33','edbjiag','L'),(6803,'33','edbjiah','E'),(6804,'33','edbjiai','E'),(6805,'33','edbjiaj','E'),(6806,'33','edbjiba','L'),(6807,'33','edbjibb','L'),(6808,'33','edbjibc','E'),(6809,'33','edcacee','E'),(6810,'33','edcacef','L'),(6811,'33','edbjhih','L'),(6812,'33','edbjhii','L'),(6813,'33','edbjhij','E'),(6814,'33','edbjhja','E'),(6815,'33','edbjhjb','E'),(6816,'33','edbjhjc','V'),(6817,'33','edbjhjd','V'),(6818,'33','edbjhje','L'),(6819,'33','edbjhjf','V'),(6820,'33','edbjhjg','V'),(6821,'33','edbjhjh','E'),(6822,'33','edbjhji','V'),(6823,'33','edbjhjj','V'),(6824,'33','edcacec','E'),(6825,'33','edcaced','E'),(6826,'33','edbjhhe','E'),(6827,'33','edbjhhf','L'),(6828,'33','edbjhhg','V'),(6829,'33','edbjhhh','E'),(6830,'33','edbjhhi','L'),(6831,'33','edbjhhj','E'),(6832,'33','edbjhia','E'),(6833,'33','edbjhib','V'),(6834,'33','edbjhic','L'),(6835,'33','edbjhid','E'),(6836,'33','edbjhie','E'),(6837,'33','edbjhif','L'),(6838,'33','edbjhig','L'),(6839,'33','edcacea','L'),(6840,'33','edcaceb','V'),(6841,'33','edbjhgb','E'),(6842,'33','edbjhgc','V'),(6843,'33','edbjhgd','V'),(6844,'33','edbjhge','L'),(6845,'33','edbjhgf','E'),(6846,'33','edbjhgg','E'),(6847,'33','edbjhgh','L'),(6848,'33','edbjhgi','L'),(6849,'33','edbjhgj','L'),(6850,'33','edbjhha','V'),(6851,'33','edbjhhb','L'),(6852,'33','edbjhhc','V'),(6853,'33','edbjhhd','V'),(6854,'33','edcacdi','L'),(6855,'33','edcacdj','L'),(6856,'33','edbjhei','L'),(6857,'33','edbjhej','E'),(6858,'33','edbjhfa','E'),(6859,'33','edbjhfb','L'),(6860,'33','edbjhfc','V'),(6861,'33','edbjhfd','V'),(6862,'33','edbjhfe','L'),(6863,'33','edbjhff','E'),(6864,'33','edbjhfg','V'),(6865,'33','edbjhfh','V'),(6866,'33','edbjhfi','V'),(6867,'33','edbjhfj','L'),(6868,'33','edbjhga','L'),(6869,'33','edcacdg','V'),(6870,'33','edcacdh','V'),(6871,'33','edbjhdf','V'),(6872,'33','edbjhdg','L'),(6873,'33','edbjhdh','V'),(6874,'33','edbjhdi','V'),(6875,'33','edbjhdj','E'),(6876,'33','edbjhea','L'),(6877,'33','edbjheb','E'),(6878,'33','edbjhec','E'),(6879,'33','edbjhed','V'),(6880,'33','edbjhee','L'),(6881,'33','edbjhef','V'),(6882,'33','edbjheg','L'),(6883,'33','edbjheh','V'),(6884,'33','edcacde','L'),(6885,'33','edcacdf','V'),(6886,'33','edbjhcc','V'),(6887,'33','edbjhcd','L'),(6888,'33','edbjhce','V'),(6889,'33','edbjhcf','V'),(6890,'33','edbjhcg','E'),(6891,'33','edbjhch','L'),(6892,'33','edbjhci','L'),(6893,'33','edbjhcj','E'),(6894,'33','edbjhda','E'),(6895,'33','edbjhdb','V'),(6896,'33','edbjhdc','E'),(6897,'33','edbjhdd','L'),(6898,'33','edbjhde','V'),(6899,'33','edcacdc','L'),(6900,'33','edcacdd','E'),(6901,'33','edbjhaj','E'),(6902,'33','edbjhba','E'),(6903,'33','edbjhbb','L'),(6904,'33','edbjhbc','L'),(6905,'33','edbjhbd','E'),(6906,'33','edbjhbe','E'),(6907,'33','edbjhbf','V'),(6908,'33','edbjhbg','V'),(6909,'33','edbjhbh','V'),(6910,'33','edbjhbi','E'),(6911,'33','edbjhbj','L'),(6912,'33','edbjhca','E'),(6913,'33','edbjhcb','E'),(6914,'33','edcacda','V'),(6915,'33','edcacdb','V'),(6916,'33','edbjgjg','L'),(6917,'33','edbjgjh','L'),(6918,'33','edbjgji','E'),(6919,'33','edbjgjj','L'),(6920,'33','edbjhaa','V'),(6921,'33','edbjhab','L'),(6922,'33','edbjhac','L'),(6923,'33','edbjhad','L'),(6924,'33','edbjhae','L'),(6925,'33','edbjhaf','E'),(6926,'33','edbjhag','L'),(6927,'33','edbjhah','E'),(6928,'33','edbjhai','E'),(6929,'33','edcacci','L'),(6930,'33','edcaccj','V'),(6931,'34','edbjigf','V'),(6932,'34','edbjigg','V'),(6933,'34','edbjigh','E'),(6934,'34','edbjigi','V'),(6935,'34','edbjigj','V'),(6936,'34','edbjiha','V'),(6937,'34','edbjihb','E'),(6938,'34','edbjihc','V'),(6939,'34','edbjihd','E'),(6940,'34','edbjihe','L'),(6941,'34','edbjihf','L'),(6942,'34','edbjihg','V'),(6943,'34','edbjihh','L'),(6944,'34','edcabjh','L'),(6945,'34','edcabji','V'),(6946,'34','edbjifc','L'),(6947,'34','edbjifd','V'),(6948,'34','edbjife','E'),(6949,'34','edbjiff','E'),(6950,'34','edbjifg','E'),(6951,'34','edbjifh','E'),(6952,'34','edbjifi','L'),(6953,'34','edbjifj','E'),(6954,'34','edbjiga','L'),(6955,'34','edbjigb','L'),(6956,'34','edbjigc','V'),(6957,'34','edbjigd','L'),(6958,'34','edbjige','L'),(6959,'34','edcabjg','L'),(6960,'34','edcabjj','L'),(6961,'34','edbjidi','L'),(6962,'34','edbjiea','L'),(6963,'34','edbjieb','L'),(6964,'34','edbjiec','L'),(6965,'34','edbjied','V'),(6966,'34','edbjiee','V'),(6967,'34','edbjief','E'),(6968,'34','edbjieg','V'),(6969,'34','edbjieh','V'),(6970,'34','edbjiei','V'),(6971,'34','edbjiej','L'),(6972,'34','edbjifa','V'),(6973,'34','edbjifb','L'),(6974,'34','edcacfa','V'),(6975,'34','edcacfb','V'),(6976,'34','edbjicg','L'),(6977,'34','edbjich','E'),(6978,'34','edbjici','V'),(6979,'34','edbjicj','L'),(6980,'34','edbjida','V'),(6981,'34','edbjidb','E'),(6982,'34','edbjidc','E'),(6983,'34','edbjidd','E'),(6984,'34','edbjide','V'),(6985,'34','edbjidf','V'),(6986,'34','edbjidg','L'),(6987,'34','edbjidh','V'),(6988,'34','edbjidj','V'),(6989,'34','edcacei','V'),(6990,'34','edcacej','E'),(6991,'34','edbjibd','L'),(6992,'34','edbjibe','E'),(6993,'34','edbjibf','L'),(6994,'34','edbjibg','E'),(6995,'34','edbjibh','E'),(6996,'34','edbjibi','L'),(6997,'34','edbjibj','V'),(6998,'34','edbjica','L'),(6999,'34','edbjicb','V'),(7000,'34','edbjicc','V'),(7001,'34','edbjicd','L'),(7002,'34','edbjice','E'),(7003,'34','edbjicf','L'),(7004,'34','edcaceg','V'),(7005,'34','edcaceh','V'),(7006,'34','edbjiaa','E'),(7007,'34','edbjiab','V'),(7008,'34','edbjiac','E'),(7009,'34','edbjiad','L'),(7010,'34','edbjiae','E'),(7011,'34','edbjiaf','V'),(7012,'34','edbjiag','V'),(7013,'34','edbjiah','L'),(7014,'34','edbjiai','L'),(7015,'34','edbjiaj','E'),(7016,'34','edbjiba','L'),(7017,'34','edbjibb','E'),(7018,'34','edbjibc','L'),(7019,'34','edcacee','E'),(7020,'34','edcacef','E'),(7021,'34','edbjhih','V'),(7022,'34','edbjhii','V'),(7023,'34','edbjhij','E'),(7024,'34','edbjhja','E'),(7025,'34','edbjhjb','E'),(7026,'34','edbjhjc','E'),(7027,'34','edbjhjd','V'),(7028,'34','edbjhje','L'),(7029,'34','edbjhjf','E'),(7030,'34','edbjhjg','V'),(7031,'34','edbjhjh','L'),(7032,'34','edbjhji','V'),(7033,'34','edbjhjj','L'),(7034,'34','edcacec','L'),(7035,'34','edcaced','V'),(7036,'34','edbjhhe','E'),(7037,'34','edbjhhf','V'),(7038,'34','edbjhhg','E'),(7039,'34','edbjhhh','E'),(7040,'34','edbjhhi','V'),(7041,'34','edbjhhj','L'),(7042,'34','edbjhia','L'),(7043,'34','edbjhib','V'),(7044,'34','edbjhic','E'),(7045,'34','edbjhid','V'),(7046,'34','edbjhie','E'),(7047,'34','edbjhif','V'),(7048,'34','edbjhig','L'),(7049,'34','edcacea','L'),(7050,'34','edcaceb','E'),(7051,'34','edbjhgb','V'),(7052,'34','edbjhgc','E'),(7053,'34','edbjhgd','L'),(7054,'34','edbjhge','L'),(7055,'34','edbjhgf','E'),(7056,'34','edbjhgg','V'),(7057,'34','edbjhgh','L'),(7058,'34','edbjhgi','E'),(7059,'34','edbjhgj','V'),(7060,'34','edbjhha','V'),(7061,'34','edbjhhb','L'),(7062,'34','edbjhhc','E'),(7063,'34','edbjhhd','E'),(7064,'34','edcacdi','V'),(7065,'34','edcacdj','V'),(7066,'34','edbjhei','L'),(7067,'34','edbjhej','L'),(7068,'34','edbjhfa','L'),(7069,'34','edbjhfb','V'),(7070,'34','edbjhfc','L'),(7071,'34','edbjhfd','V'),(7072,'34','edbjhfe','L'),(7073,'34','edbjhff','E'),(7074,'34','edbjhfg','V'),(7075,'34','edbjhfh','L'),(7076,'34','edbjhfi','E'),(7077,'34','edbjhfj','V'),(7078,'34','edbjhga','L'),(7079,'34','edcacdg','L'),(7080,'34','edcacdh','L'),(7081,'34','edbjhdf','E'),(7082,'34','edbjhdg','L'),(7083,'34','edbjhdh','V'),(7084,'34','edbjhdi','V'),(7085,'34','edbjhdj','L'),(7086,'34','edbjhea','E'),(7087,'34','edbjheb','V'),(7088,'34','edbjhec','V'),(7089,'34','edbjhed','L'),(7090,'34','edbjhee','E'),(7091,'34','edbjhef','L'),(7092,'34','edbjheg','L'),(7093,'34','edbjheh','E'),(7094,'34','edcacde','V'),(7095,'34','edcacdf','E'),(7096,'34','edbjhcc','E'),(7097,'34','edbjhcd','E'),(7098,'34','edbjhce','L'),(7099,'34','edbjhcf','L'),(7100,'34','edbjhcg','L'),(7101,'34','edbjhch','L'),(7102,'34','edbjhci','V'),(7103,'34','edbjhcj','V'),(7104,'34','edbjhda','L'),(7105,'34','edbjhdb','L'),(7106,'34','edbjhdc','L'),(7107,'34','edbjhdd','L'),(7108,'34','edbjhde','L'),(7109,'34','edcacdc','E'),(7110,'34','edcacdd','V'),(7111,'34','edbjhaj','V'),(7112,'34','edbjhba','L'),(7113,'34','edbjhbb','V'),(7114,'34','edbjhbc','E'),(7115,'34','edbjhbd','E'),(7116,'34','edbjhbe','E'),(7117,'34','edbjhbf','E'),(7118,'34','edbjhbg','E'),(7119,'34','edbjhbh','L'),(7120,'34','edbjhbi','E'),(7121,'34','edbjhbj','L'),(7122,'34','edbjhca','V'),(7123,'34','edbjhcb','E'),(7124,'34','edcacda','L'),(7125,'34','edcacdb','L'),(7126,'34','edbjgjg','V'),(7127,'34','edbjgjh','L'),(7128,'34','edbjgji','V'),(7129,'34','edbjgjj','V'),(7130,'34','edbjhaa','E'),(7131,'34','edbjhab','V'),(7132,'34','edbjhac','V'),(7133,'34','edbjhad','L'),(7134,'34','edbjhae','L'),(7135,'34','edbjhaf','L'),(7136,'34','edbjhag','E'),(7137,'34','edbjhah','V'),(7138,'34','edbjhai','E'),(7139,'34','edcacci','V'),(7140,'34','edcaccj','E'),(7141,'35','edbjigf','V'),(7142,'35','edbjigg','L'),(7143,'35','edbjigh','E'),(7144,'35','edbjigi','V'),(7145,'35','edbjigj','L'),(7146,'35','edbjiha','L'),(7147,'35','edbjihb','E'),(7148,'35','edbjihc','V'),(7149,'35','edbjihd','E'),(7150,'35','edbjihe','V'),(7151,'35','edbjihf','V'),(7152,'35','edbjihg','V'),(7153,'35','edbjihh','V'),(7154,'35','edcabjh','E'),(7155,'35','edcabji','L'),(7156,'35','edbjifc','L'),(7157,'35','edbjifd','E'),(7158,'35','edbjife','V'),(7159,'35','edbjiff','E'),(7160,'35','edbjifg','L'),(7161,'35','edbjifh','L'),(7162,'35','edbjifi','V'),(7163,'35','edbjifj','E'),(7164,'35','edbjiga','L'),(7165,'35','edbjigb','V'),(7166,'35','edbjigc','E'),(7167,'35','edbjigd','E'),(7168,'35','edbjige','E'),(7169,'35','edcabjg','V'),(7170,'35','edcabjj','L'),(7171,'35','edbjidi','L'),(7172,'35','edbjiea','E'),(7173,'35','edbjieb','E'),(7174,'35','edbjiec','E'),(7175,'35','edbjied','V'),(7176,'35','edbjiee','L'),(7177,'35','edbjief','L'),(7178,'35','edbjieg','V'),(7179,'35','edbjieh','V'),(7180,'35','edbjiei','V'),(7181,'35','edbjiej','V'),(7182,'35','edbjifa','L'),(7183,'35','edbjifb','V'),(7184,'35','edcacfa','V'),(7185,'35','edcacfb','E'),(7186,'35','edbjicg','L'),(7187,'35','edbjich','L'),(7188,'35','edbjici','V'),(7189,'35','edbjicj','V'),(7190,'35','edbjida','L'),(7191,'35','edbjidb','V'),(7192,'35','edbjidc','E'),(7193,'35','edbjidd','L'),(7194,'35','edbjide','V'),(7195,'35','edbjidf','V'),(7196,'35','edbjidg','L'),(7197,'35','edbjidh','V'),(7198,'35','edbjidj','L'),(7199,'35','edcacei','V'),(7200,'35','edcacej','E'),(7201,'35','edbjibd','L'),(7202,'35','edbjibe','L'),(7203,'35','edbjibf','E'),(7204,'35','edbjibg','L'),(7205,'35','edbjibh','L'),(7206,'35','edbjibi','V'),(7207,'35','edbjibj','E'),(7208,'35','edbjica','E'),(7209,'35','edbjicb','E'),(7210,'35','edbjicc','V'),(7211,'35','edbjicd','E'),(7212,'35','edbjice','V'),(7213,'35','edbjicf','L'),(7214,'35','edcaceg','L'),(7215,'35','edcaceh','E'),(7216,'35','edbjiaa','L'),(7217,'35','edbjiab','V'),(7218,'35','edbjiac','E'),(7219,'35','edbjiad','E'),(7220,'35','edbjiae','V'),(7221,'35','edbjiaf','E'),(7222,'35','edbjiag','E'),(7223,'35','edbjiah','L'),(7224,'35','edbjiai','L'),(7225,'35','edbjiaj','E'),(7226,'35','edbjiba','V'),(7227,'35','edbjibb','E'),(7228,'35','edbjibc','V'),(7229,'35','edcacee','V'),(7230,'35','edcacef','L'),(7231,'35','edbjhih','V'),(7232,'35','edbjhii','L'),(7233,'35','edbjhij','L'),(7234,'35','edbjhja','V'),(7235,'35','edbjhjb','E'),(7236,'35','edbjhjc','L'),(7237,'35','edbjhjd','L'),(7238,'35','edbjhje','L'),(7239,'35','edbjhjf','E'),(7240,'35','edbjhjg','E'),(7241,'35','edbjhjh','L'),(7242,'35','edbjhji','E'),(7243,'35','edbjhjj','E'),(7244,'35','edcacec','L'),(7245,'35','edcaced','E'),(7246,'35','edbjhhe','V'),(7247,'35','edbjhhf','E'),(7248,'35','edbjhhg','E'),(7249,'35','edbjhhh','V'),(7250,'35','edbjhhi','E'),(7251,'35','edbjhhj','V'),(7252,'35','edbjhia','L'),(7253,'35','edbjhib','E'),(7254,'35','edbjhic','E'),(7255,'35','edbjhid','L'),(7256,'35','edbjhie','V'),(7257,'35','edbjhif','L'),(7258,'35','edbjhig','V'),(7259,'35','edcacea','V'),(7260,'35','edcaceb','E'),(7261,'35','edbjhgb','V'),(7262,'35','edbjhgc','V'),(7263,'35','edbjhgd','V'),(7264,'35','edbjhge','V'),(7265,'35','edbjhgf','V'),(7266,'35','edbjhgg','V'),(7267,'35','edbjhgh','V'),(7268,'35','edbjhgi','V'),(7269,'35','edbjhgj','E'),(7270,'35','edbjhha','L'),(7271,'35','edbjhhb','L'),(7272,'35','edbjhhc','E'),(7273,'35','edbjhhd','V'),(7274,'35','edcacdi','L'),(7275,'35','edcacdj','L'),(7276,'35','edbjhei','E'),(7277,'35','edbjhej','L'),(7278,'35','edbjhfa','L'),(7279,'35','edbjhfb','L'),(7280,'35','edbjhfc','L'),(7281,'35','edbjhfd','L'),(7282,'35','edbjhfe','V'),(7283,'35','edbjhff','L'),(7284,'35','edbjhfg','L'),(7285,'35','edbjhfh','E'),(7286,'35','edbjhfi','E'),(7287,'35','edbjhfj','V'),(7288,'35','edbjhga','L'),(7289,'35','edcacdg','L'),(7290,'35','edcacdh','L'),(7291,'35','edbjhdf','E'),(7292,'35','edbjhdg','L'),(7293,'35','edbjhdh','L'),(7294,'35','edbjhdi','V'),(7295,'35','edbjhdj','E'),(7296,'35','edbjhea','E'),(7297,'35','edbjheb','L'),(7298,'35','edbjhec','L'),(7299,'35','edbjhed','E'),(7300,'35','edbjhee','V'),(7301,'35','edbjhef','L'),(7302,'35','edbjheg','V'),(7303,'35','edbjheh','E'),(7304,'35','edcacde','L'),(7305,'35','edcacdf','E'),(7306,'35','edbjhcc','E'),(7307,'35','edbjhcd','L'),(7308,'35','edbjhce','V'),(7309,'35','edbjhcf','L'),(7310,'35','edbjhcg','E'),(7311,'35','edbjhch','L'),(7312,'35','edbjhci','E'),(7313,'35','edbjhcj','V'),(7314,'35','edbjhda','V'),(7315,'35','edbjhdb','E'),(7316,'35','edbjhdc','L'),(7317,'35','edbjhdd','L'),(7318,'35','edbjhde','E'),(7319,'35','edcacdc','E'),(7320,'35','edcacdd','V'),(7321,'35','edbjhaj','E'),(7322,'35','edbjhba','L'),(7323,'35','edbjhbb','L'),(7324,'35','edbjhbc','L'),(7325,'35','edbjhbd','E'),(7326,'35','edbjhbe','V'),(7327,'35','edbjhbf','E'),(7328,'35','edbjhbg','E'),(7329,'35','edbjhbh','E'),(7330,'35','edbjhbi','V'),(7331,'35','edbjhbj','L'),(7332,'35','edbjhca','L'),(7333,'35','edbjhcb','V'),(7334,'35','edcacda','L'),(7335,'35','edcacdb','V'),(7336,'35','edbjgjg','L'),(7337,'35','edbjgjh','L'),(7338,'35','edbjgji','E'),(7339,'35','edbjgjj','V'),(7340,'35','edbjhaa','L'),(7341,'35','edbjhab','L'),(7342,'35','edbjhac','V'),(7343,'35','edbjhad','E'),(7344,'35','edbjhae','V'),(7345,'35','edbjhaf','L'),(7346,'35','edbjhag','L'),(7347,'35','edbjhah','V'),(7348,'35','edbjhai','V'),(7349,'35','edcacci','V'),(7350,'35','edcaccj','E'),(7351,'36','edbjigf','E'),(7352,'36','edbjigg','E'),(7353,'36','edbjigh','E'),(7354,'36','edbjigi','E'),(7355,'36','edbjigj','L'),(7356,'36','edbjiha','V'),(7357,'36','edbjihb','V'),(7358,'36','edbjihc','E'),(7359,'36','edbjihd','L'),(7360,'36','edbjihe','E'),(7361,'36','edbjihf','V'),(7362,'36','edbjihg','E'),(7363,'36','edbjihh','L'),(7364,'36','edcabjh','L'),(7365,'36','edcabji','V'),(7366,'36','edbjifc','E'),(7367,'36','edbjifd','V'),(7368,'36','edbjife','L'),(7369,'36','edbjiff','V'),(7370,'36','edbjifg','E'),(7371,'36','edbjifh','V'),(7372,'36','edbjifi','V'),(7373,'36','edbjifj','L'),(7374,'36','edbjiga','V'),(7375,'36','edbjigb','E'),(7376,'36','edbjigc','V'),(7377,'36','edbjigd','E'),(7378,'36','edbjige','E'),(7379,'36','edcabjg','L'),(7380,'36','edcabjj','E'),(7381,'36','edbjidi','E'),(7382,'36','edbjiea','L'),(7383,'36','edbjieb','E'),(7384,'36','edbjiec','V'),(7385,'36','edbjied','L'),(7386,'36','edbjiee','V'),(7387,'36','edbjief','L'),(7388,'36','edbjieg','V'),(7389,'36','edbjieh','L'),(7390,'36','edbjiei','L'),(7391,'36','edbjiej','E'),(7392,'36','edbjifa','V'),(7393,'36','edbjifb','L'),(7394,'36','edcacfa','E'),(7395,'36','edcacfb','L'),(7396,'36','edbjicg','E'),(7397,'36','edbjich','E'),(7398,'36','edbjici','V'),(7399,'36','edbjicj','E'),(7400,'36','edbjida','E'),(7401,'36','edbjidb','V'),(7402,'36','edbjidc','L'),(7403,'36','edbjidd','L'),(7404,'36','edbjide','E'),(7405,'36','edbjidf','E'),(7406,'36','edbjidg','E'),(7407,'36','edbjidh','E'),(7408,'36','edbjidj','L'),(7409,'36','edcacei','V'),(7410,'36','edcacej','L'),(7411,'36','edbjibd','V'),(7412,'36','edbjibe','L'),(7413,'36','edbjibf','L'),(7414,'36','edbjibg','L'),(7415,'36','edbjibh','E'),(7416,'36','edbjibi','L'),(7417,'36','edbjibj','L'),(7418,'36','edbjica','L'),(7419,'36','edbjicb','E'),(7420,'36','edbjicc','L'),(7421,'36','edbjicd','L'),(7422,'36','edbjice','V'),(7423,'36','edbjicf','V'),(7424,'36','edcaceg','L'),(7425,'36','edcaceh','V'),(7426,'36','edbjiaa','V'),(7427,'36','edbjiab','E'),(7428,'36','edbjiac','E'),(7429,'36','edbjiad','L'),(7430,'36','edbjiae','L'),(7431,'36','edbjiaf','L'),(7432,'36','edbjiag','V'),(7433,'36','edbjiah','E'),(7434,'36','edbjiai','V'),(7435,'36','edbjiaj','E'),(7436,'36','edbjiba','V'),(7437,'36','edbjibb','L'),(7438,'36','edbjibc','V'),(7439,'36','edcacee','V'),(7440,'36','edcacef','E'),(7441,'36','edbjhih','E'),(7442,'36','edbjhii','V'),(7443,'36','edbjhij','V'),(7444,'36','edbjhja','V'),(7445,'36','edbjhjb','E'),(7446,'36','edbjhjc','L'),(7447,'36','edbjhjd','V'),(7448,'36','edbjhje','L'),(7449,'36','edbjhjf','E'),(7450,'36','edbjhjg','V'),(7451,'36','edbjhjh','L'),(7452,'36','edbjhji','V'),(7453,'36','edbjhjj','L'),(7454,'36','edcacec','V'),(7455,'36','edcaced','V'),(7456,'36','edbjhhe','V'),(7457,'36','edbjhhf','V'),(7458,'36','edbjhhg','L'),(7459,'36','edbjhhh','V'),(7460,'36','edbjhhi','V'),(7461,'36','edbjhhj','E'),(7462,'36','edbjhia','L'),(7463,'36','edbjhib','L'),(7464,'36','edbjhic','E'),(7465,'36','edbjhid','L'),(7466,'36','edbjhie','V'),(7467,'36','edbjhif','E'),(7468,'36','edbjhig','V'),(7469,'36','edcacea','E'),(7470,'36','edcaceb','E'),(7471,'36','edbjhgb','V'),(7472,'36','edbjhgc','V'),(7473,'36','edbjhgd','E'),(7474,'36','edbjhge','V'),(7475,'36','edbjhgf','E'),(7476,'36','edbjhgg','E'),(7477,'36','edbjhgh','L'),(7478,'36','edbjhgi','L'),(7479,'36','edbjhgj','E'),(7480,'36','edbjhha','V'),(7481,'36','edbjhhb','L'),(7482,'36','edbjhhc','L'),(7483,'36','edbjhhd','E'),(7484,'36','edcacdi','L'),(7485,'36','edcacdj','E'),(7486,'36','edbjhei','V'),(7487,'36','edbjhej','L'),(7488,'36','edbjhfa','E'),(7489,'36','edbjhfb','V'),(7490,'36','edbjhfc','V'),(7491,'36','edbjhfd','L'),(7492,'36','edbjhfe','V'),(7493,'36','edbjhff','L'),(7494,'36','edbjhfg','V'),(7495,'36','edbjhfh','V'),(7496,'36','edbjhfi','E'),(7497,'36','edbjhfj','L'),(7498,'36','edbjhga','V'),(7499,'36','edcacdg','V'),(7500,'36','edcacdh','E'),(7501,'36','edbjhdf','V'),(7502,'36','edbjhdg','V'),(7503,'36','edbjhdh','E'),(7504,'36','edbjhdi','V'),(7505,'36','edbjhdj','V'),(7506,'36','edbjhea','E'),(7507,'36','edbjheb','L'),(7508,'36','edbjhec','L'),(7509,'36','edbjhed','V'),(7510,'36','edbjhee','V'),(7511,'36','edbjhef','L'),(7512,'36','edbjheg','E'),(7513,'36','edbjheh','L'),(7514,'36','edcacde','V'),(7515,'36','edcacdf','E'),(7516,'36','edbjhcc','L'),(7517,'36','edbjhcd','V'),(7518,'36','edbjhce','E'),(7519,'36','edbjhcf','E'),(7520,'36','edbjhcg','V'),(7521,'36','edbjhch','V'),(7522,'36','edbjhci','V'),(7523,'36','edbjhcj','L'),(7524,'36','edbjhda','L'),(7525,'36','edbjhdb','E'),(7526,'36','edbjhdc','E'),(7527,'36','edbjhdd','V'),(7528,'36','edbjhde','E'),(7529,'36','edcacdc','V'),(7530,'36','edcacdd','E'),(7531,'36','edbjhaj','E'),(7532,'36','edbjhba','E'),(7533,'36','edbjhbb','V'),(7534,'36','edbjhbc','E'),(7535,'36','edbjhbd','V'),(7536,'36','edbjhbe','V'),(7537,'36','edbjhbf','L'),(7538,'36','edbjhbg','L'),(7539,'36','edbjhbh','E'),(7540,'36','edbjhbi','L'),(7541,'36','edbjhbj','L'),(7542,'36','edbjhca','V'),(7543,'36','edbjhcb','L'),(7544,'36','edcacda','L'),(7545,'36','edcacdb','V'),(7546,'36','edbjgjg','E'),(7547,'36','edbjgjh','L'),(7548,'36','edbjgji','L'),(7549,'36','edbjgjj','V'),(7550,'36','edbjhaa','E'),(7551,'36','edbjhab','E'),(7552,'36','edbjhac','L'),(7553,'36','edbjhad','V'),(7554,'36','edbjhae','E'),(7555,'36','edbjhaf','V'),(7556,'36','edbjhag','V'),(7557,'36','edbjhah','E'),(7558,'36','edbjhai','L'),(7559,'36','edcacci','L'),(7560,'36','edcaccj','E'),(7561,'37','edbjigf','V'),(7562,'37','edbjigg','E'),(7563,'37','edbjigh','V'),(7564,'37','edbjigi','E'),(7565,'37','edbjigj','V'),(7566,'37','edbjiha','V'),(7567,'37','edbjihb','V'),(7568,'37','edbjihc','V'),(7569,'37','edbjihd','E'),(7570,'37','edbjihe','V'),(7571,'37','edbjihf','L'),(7572,'37','edbjihg','V'),(7573,'37','edbjihh','V'),(7574,'37','edcabjh','V'),(7575,'37','edcabji','V'),(7576,'37','edbjifc','V'),(7577,'37','edbjifd','V'),(7578,'37','edbjife','E'),(7579,'37','edbjiff','L'),(7580,'37','edbjifg','E'),(7581,'37','edbjifh','E'),(7582,'37','edbjifi','V'),(7583,'37','edbjifj','E'),(7584,'37','edbjiga','E'),(7585,'37','edbjigb','E'),(7586,'37','edbjigc','E'),(7587,'37','edbjigd','L'),(7588,'37','edbjige','E'),(7589,'37','edcabjg','L'),(7590,'37','edcabjj','E'),(7591,'37','edbjidi','L'),(7592,'37','edbjiea','V'),(7593,'37','edbjieb','E'),(7594,'37','edbjiec','V'),(7595,'37','edbjied','E'),(7596,'37','edbjiee','L'),(7597,'37','edbjief','L'),(7598,'37','edbjieg','E'),(7599,'37','edbjieh','E'),(7600,'37','edbjiei','E'),(7601,'37','edbjiej','E'),(7602,'37','edbjifa','E'),(7603,'37','edbjifb','V'),(7604,'37','edcacfa','E'),(7605,'37','edcacfb','E'),(7606,'37','edbjicg','E'),(7607,'37','edbjich','V'),(7608,'37','edbjici','V'),(7609,'37','edbjicj','E'),(7610,'37','edbjida','V'),(7611,'37','edbjidb','V'),(7612,'37','edbjidc','L'),(7613,'37','edbjidd','L'),(7614,'37','edbjide','V'),(7615,'37','edbjidf','E'),(7616,'37','edbjidg','L'),(7617,'37','edbjidh','V'),(7618,'37','edbjidj','L'),(7619,'37','edcacei','L'),(7620,'37','edcacej','V'),(7621,'37','edbjibd','E'),(7622,'37','edbjibe','V'),(7623,'37','edbjibf','V'),(7624,'37','edbjibg','E'),(7625,'37','edbjibh','V'),(7626,'37','edbjibi','E'),(7627,'37','edbjibj','L'),(7628,'37','edbjica','V'),(7629,'37','edbjicb','L'),(7630,'37','edbjicc','E'),(7631,'37','edbjicd','V'),(7632,'37','edbjice','L'),(7633,'37','edbjicf','E'),(7634,'37','edcaceg','V'),(7635,'37','edcaceh','L'),(7636,'37','edbjiaa','L'),(7637,'37','edbjiab','E'),(7638,'37','edbjiac','L'),(7639,'37','edbjiad','L'),(7640,'37','edbjiae','E'),(7641,'37','edbjiaf','L'),(7642,'37','edbjiag','L'),(7643,'37','edbjiah','V'),(7644,'37','edbjiai','V'),(7645,'37','edbjiaj','L'),(7646,'37','edbjiba','E'),(7647,'37','edbjibb','V'),(7648,'37','edbjibc','L'),(7649,'37','edcacee','V'),(7650,'37','edcacef','V'),(7651,'37','edbjhih','V'),(7652,'37','edbjhii','E'),(7653,'37','edbjhij','V'),(7654,'37','edbjhja','E'),(7655,'37','edbjhjb','V'),(7656,'37','edbjhjc','V'),(7657,'37','edbjhjd','V'),(7658,'37','edbjhje','L'),(7659,'37','edbjhjf','E'),(7660,'37','edbjhjg','V'),(7661,'37','edbjhjh','V'),(7662,'37','edbjhji','L'),(7663,'37','edbjhjj','V'),(7664,'37','edcacec','V'),(7665,'37','edcaced','E'),(7666,'37','edbjhhe','E'),(7667,'37','edbjhhf','E'),(7668,'37','edbjhhg','V'),(7669,'37','edbjhhh','E'),(7670,'37','edbjhhi','L'),(7671,'37','edbjhhj','V'),(7672,'37','edbjhia','V'),(7673,'37','edbjhib','V'),(7674,'37','edbjhic','E'),(7675,'37','edbjhid','E'),(7676,'37','edbjhie','E'),(7677,'37','edbjhif','V'),(7678,'37','edbjhig','V'),(7679,'37','edcacea','E'),(7680,'37','edcaceb','E'),(7681,'37','edbjhgb','V'),(7682,'37','edbjhgc','L'),(7683,'37','edbjhgd','E'),(7684,'37','edbjhge','L'),(7685,'37','edbjhgf','L'),(7686,'37','edbjhgg','E'),(7687,'37','edbjhgh','L'),(7688,'37','edbjhgi','E'),(7689,'37','edbjhgj','L'),(7690,'37','edbjhha','V'),(7691,'37','edbjhhb','L'),(7692,'37','edbjhhc','L'),(7693,'37','edbjhhd','L'),(7694,'37','edcacdi','E'),(7695,'37','edcacdj','V'),(7696,'37','edbjhei','V'),(7697,'37','edbjhej','L'),(7698,'37','edbjhfa','L'),(7699,'37','edbjhfb','L'),(7700,'37','edbjhfc','L'),(7701,'37','edbjhfd','L'),(7702,'37','edbjhfe','V'),(7703,'37','edbjhff','E'),(7704,'37','edbjhfg','L'),(7705,'37','edbjhfh','L'),(7706,'37','edbjhfi','E'),(7707,'37','edbjhfj','E'),(7708,'37','edbjhga','V'),(7709,'37','edcacdg','E'),(7710,'37','edcacdh','V'),(7711,'37','edbjhdf','E'),(7712,'37','edbjhdg','E'),(7713,'37','edbjhdh','L'),(7714,'37','edbjhdi','L'),(7715,'37','edbjhdj','V'),(7716,'37','edbjhea','E'),(7717,'37','edbjheb','L'),(7718,'37','edbjhec','E'),(7719,'37','edbjhed','V'),(7720,'37','edbjhee','V'),(7721,'37','edbjhef','E'),(7722,'37','edbjheg','L'),(7723,'37','edbjheh','V'),(7724,'37','edcacde','L'),(7725,'37','edcacdf','E'),(7726,'37','edbjhcc','V'),(7727,'37','edbjhcd','E'),(7728,'37','edbjhce','L'),(7729,'37','edbjhcf','L'),(7730,'37','edbjhcg','L'),(7731,'37','edbjhch','V'),(7732,'37','edbjhci','V'),(7733,'37','edbjhcj','E'),(7734,'37','edbjhda','E'),(7735,'37','edbjhdb','E'),(7736,'37','edbjhdc','E'),(7737,'37','edbjhdd','L'),(7738,'37','edbjhde','V'),(7739,'37','edcacdc','L'),(7740,'37','edcacdd','E'),(7741,'37','edbjhaj','V'),(7742,'37','edbjhba','V'),(7743,'37','edbjhbb','L'),(7744,'37','edbjhbc','L'),(7745,'37','edbjhbd','E'),(7746,'37','edbjhbe','L'),(7747,'37','edbjhbf','E'),(7748,'37','edbjhbg','L'),(7749,'37','edbjhbh','V'),(7750,'37','edbjhbi','V'),(7751,'37','edbjhbj','L'),(7752,'37','edbjhca','L'),(7753,'37','edbjhcb','L'),(7754,'37','edcacda','E'),(7755,'37','edcacdb','V'),(7756,'37','edbjgjg','V'),(7757,'37','edbjgjh','L'),(7758,'37','edbjgji','E'),(7759,'37','edbjgjj','V'),(7760,'37','edbjhaa','V'),(7761,'37','edbjhab','E'),(7762,'37','edbjhac','V'),(7763,'37','edbjhad','V'),(7764,'37','edbjhae','V'),(7765,'37','edbjhaf','L'),(7766,'37','edbjhag','L'),(7767,'37','edbjhah','L'),(7768,'37','edbjhai','L'),(7769,'37','edcacci','E'),(7770,'37','edcaccj','L'),(7771,'38','edbjigf','E'),(7772,'38','edbjigg','V'),(7773,'38','edbjigh','V'),(7774,'38','edbjigi','E'),(7775,'38','edbjigj','L'),(7776,'38','edbjiha','L'),(7777,'38','edbjihb','V'),(7778,'38','edbjihc','V'),(7779,'38','edbjihd','L'),(7780,'38','edbjihe','V'),(7781,'38','edbjihf','V'),(7782,'38','edbjihg','E'),(7783,'38','edbjihh','E'),(7784,'38','edcabjh','V'),(7785,'38','edcabji','L'),(7786,'38','edbjifc','E'),(7787,'38','edbjifd','E'),(7788,'38','edbjife','E'),(7789,'38','edbjiff','V'),(7790,'38','edbjifg','V'),(7791,'38','edbjifh','E'),(7792,'38','edbjifi','V'),(7793,'38','edbjifj','L'),(7794,'38','edbjiga','V'),(7795,'38','edbjigb','E'),(7796,'38','edbjigc','E'),(7797,'38','edbjigd','E'),(7798,'38','edbjige','E'),(7799,'38','edcabjg','E'),(7800,'38','edcabjj','E'),(7801,'38','edbjidi','E'),(7802,'38','edbjiea','L'),(7803,'38','edbjieb','V'),(7804,'38','edbjiec','L'),(7805,'38','edbjied','L'),(7806,'38','edbjiee','V'),(7807,'38','edbjief','V'),(7808,'38','edbjieg','L'),(7809,'38','edbjieh','E'),(7810,'38','edbjiei','E'),(7811,'38','edbjiej','L'),(7812,'38','edbjifa','L'),(7813,'38','edbjifb','L'),(7814,'38','edcacfa','L'),(7815,'38','edcacfb','V'),(7816,'38','edbjicg','V'),(7817,'38','edbjich','E'),(7818,'38','edbjici','E'),(7819,'38','edbjicj','L'),(7820,'38','edbjida','L'),(7821,'38','edbjidb','V'),(7822,'38','edbjidc','V'),(7823,'38','edbjidd','E'),(7824,'38','edbjide','E'),(7825,'38','edbjidf','E'),(7826,'38','edbjidg','E'),(7827,'38','edbjidh','V'),(7828,'38','edbjidj','L'),(7829,'38','edcacei','L'),(7830,'38','edcacej','V'),(7831,'38','edbjibd','V'),(7832,'38','edbjibe','E'),(7833,'38','edbjibf','E'),(7834,'38','edbjibg','V'),(7835,'38','edbjibh','L'),(7836,'38','edbjibi','L'),(7837,'38','edbjibj','V'),(7838,'38','edbjica','L'),(7839,'38','edbjicb','E'),(7840,'38','edbjicc','L'),(7841,'38','edbjicd','L'),(7842,'38','edbjice','E'),(7843,'38','edbjicf','L'),(7844,'38','edcaceg','V'),(7845,'38','edcaceh','E'),(7846,'38','edbjiaa','E'),(7847,'38','edbjiab','V'),(7848,'38','edbjiac','E'),(7849,'38','edbjiad','V'),(7850,'38','edbjiae','E'),(7851,'38','edbjiaf','V'),(7852,'38','edbjiag','L'),(7853,'38','edbjiah','V'),(7854,'38','edbjiai','E'),(7855,'38','edbjiaj','L'),(7856,'38','edbjiba','L'),(7857,'38','edbjibb','E'),(7858,'38','edbjibc','V'),(7859,'38','edcacee','V'),(7860,'38','edcacef','L'),(7861,'38','edbjhih','E'),(7862,'38','edbjhii','E'),(7863,'38','edbjhij','E'),(7864,'38','edbjhja','E'),(7865,'38','edbjhjb','E'),(7866,'38','edbjhjc','L'),(7867,'38','edbjhjd','L'),(7868,'38','edbjhje','V'),(7869,'38','edbjhjf','L'),(7870,'38','edbjhjg','E'),(7871,'38','edbjhjh','L'),(7872,'38','edbjhji','L'),(7873,'38','edbjhjj','V'),(7874,'38','edcacec','V'),(7875,'38','edcaced','L'),(7876,'38','edbjhhe','L'),(7877,'38','edbjhhf','V'),(7878,'38','edbjhhg','V'),(7879,'38','edbjhhh','E'),(7880,'38','edbjhhi','L'),(7881,'38','edbjhhj','L'),(7882,'38','edbjhia','V'),(7883,'38','edbjhib','V'),(7884,'38','edbjhic','E'),(7885,'38','edbjhid','E'),(7886,'38','edbjhie','L'),(7887,'38','edbjhif','L'),(7888,'38','edbjhig','V'),(7889,'38','edcacea','V'),(7890,'38','edcaceb','E'),(7891,'38','edbjhgb','V'),(7892,'38','edbjhgc','E'),(7893,'38','edbjhgd','E'),(7894,'38','edbjhge','E'),(7895,'38','edbjhgf','V'),(7896,'38','edbjhgg','V'),(7897,'38','edbjhgh','E'),(7898,'38','edbjhgi','E'),(7899,'38','edbjhgj','E'),(7900,'38','edbjhha','V'),(7901,'38','edbjhhb','L'),(7902,'38','edbjhhc','L'),(7903,'38','edbjhhd','V'),(7904,'38','edcacdi','L'),(7905,'38','edcacdj','V'),(7906,'38','edbjhei','V'),(7907,'38','edbjhej','E'),(7908,'38','edbjhfa','E'),(7909,'38','edbjhfb','L'),(7910,'38','edbjhfc','E'),(7911,'38','edbjhfd','E'),(7912,'38','edbjhfe','V'),(7913,'38','edbjhff','V'),(7914,'38','edbjhfg','L'),(7915,'38','edbjhfh','V'),(7916,'38','edbjhfi','V'),(7917,'38','edbjhfj','L'),(7918,'38','edbjhga','L'),(7919,'38','edcacdg','E'),(7920,'38','edcacdh','E'),(7921,'38','edbjhdf','L'),(7922,'38','edbjhdg','L'),(7923,'38','edbjhdh','V'),(7924,'38','edbjhdi','L'),(7925,'38','edbjhdj','V'),(7926,'38','edbjhea','V'),(7927,'38','edbjheb','L'),(7928,'38','edbjhec','L'),(7929,'38','edbjhed','E'),(7930,'38','edbjhee','E'),(7931,'38','edbjhef','V'),(7932,'38','edbjheg','E'),(7933,'38','edbjheh','E'),(7934,'38','edcacde','L'),(7935,'38','edcacdf','L'),(7936,'38','edbjhcc','E'),(7937,'38','edbjhcd','L'),(7938,'38','edbjhce','L'),(7939,'38','edbjhcf','L'),(7940,'38','edbjhcg','L'),(7941,'38','edbjhch','E'),(7942,'38','edbjhci','V'),(7943,'38','edbjhcj','E'),(7944,'38','edbjhda','L'),(7945,'38','edbjhdb','V'),(7946,'38','edbjhdc','V'),(7947,'38','edbjhdd','E'),(7948,'38','edbjhde','V'),(7949,'38','edcacdc','E'),(7950,'38','edcacdd','L'),(7951,'38','edbjhaj','E'),(7952,'38','edbjhba','V'),(7953,'38','edbjhbb','E'),(7954,'38','edbjhbc','V'),(7955,'38','edbjhbd','E'),(7956,'38','edbjhbe','E'),(7957,'38','edbjhbf','L'),(7958,'38','edbjhbg','V'),(7959,'38','edbjhbh','L'),(7960,'38','edbjhbi','V'),(7961,'38','edbjhbj','V'),(7962,'38','edbjhca','E'),(7963,'38','edbjhcb','V'),(7964,'38','edcacda','V'),(7965,'38','edcacdb','V'),(7966,'38','edbjgjg','L'),(7967,'38','edbjgjh','V'),(7968,'38','edbjgji','L'),(7969,'38','edbjgjj','E'),(7970,'38','edbjhaa','L'),(7971,'38','edbjhab','L'),(7972,'38','edbjhac','E'),(7973,'38','edbjhad','E'),(7974,'38','edbjhae','L'),(7975,'38','edbjhaf','V'),(7976,'38','edbjhag','E'),(7977,'38','edbjhah','V'),(7978,'38','edbjhai','V'),(7979,'38','edcacci','E'),(7980,'38','edcaccj','V'),(7981,'39','edbjigf','L'),(7982,'39','edbjigg','L'),(7983,'39','edbjigh','V'),(7984,'39','edbjigi','V'),(7985,'39','edbjigj','L'),(7986,'39','edbjiha','L'),(7987,'39','edbjihb','V'),(7988,'39','edbjihc','L'),(7989,'39','edbjihd','E'),(7990,'39','edbjihe','L'),(7991,'39','edbjihf','E'),(7992,'39','edbjihg','E'),(7993,'39','edbjihh','V'),(7994,'39','edcabjh','V'),(7995,'39','edcabji','V'),(7996,'39','edbjifc','E'),(7997,'39','edbjifd','V'),(7998,'39','edbjife','E'),(7999,'39','edbjiff','V'),(8000,'39','edbjifg','L'),(8001,'39','edbjifh','V'),(8002,'39','edbjifi','V'),(8003,'39','edbjifj','L'),(8004,'39','edbjiga','L'),(8005,'39','edbjigb','V'),(8006,'39','edbjigc','E'),(8007,'39','edbjigd','V'),(8008,'39','edbjige','E'),(8009,'39','edcabjg','L'),(8010,'39','edcabjj','V'),(8011,'39','edbjidi','V'),(8012,'39','edbjiea','V'),(8013,'39','edbjieb','V'),(8014,'39','edbjiec','L'),(8015,'39','edbjied','E'),(8016,'39','edbjiee','E'),(8017,'39','edbjief','L'),(8018,'39','edbjieg','V'),(8019,'39','edbjieh','V'),(8020,'39','edbjiei','V'),(8021,'39','edbjiej','E'),(8022,'39','edbjifa','L'),(8023,'39','edbjifb','V'),(8024,'39','edcacfa','E'),(8025,'39','edcacfb','L'),(8026,'39','edbjicg','E'),(8027,'39','edbjich','L'),(8028,'39','edbjici','E'),(8029,'39','edbjicj','V'),(8030,'39','edbjida','V'),(8031,'39','edbjidb','V'),(8032,'39','edbjidc','L'),(8033,'39','edbjidd','V'),(8034,'39','edbjide','L'),(8035,'39','edbjidf','L'),(8036,'39','edbjidg','L'),(8037,'39','edbjidh','V'),(8038,'39','edbjidj','E'),(8039,'39','edcacei','E'),(8040,'39','edcacej','E'),(8041,'39','edbjibd','V'),(8042,'39','edbjibe','V'),(8043,'39','edbjibf','L'),(8044,'39','edbjibg','V'),(8045,'39','edbjibh','L'),(8046,'39','edbjibi','E'),(8047,'39','edbjibj','V'),(8048,'39','edbjica','L'),(8049,'39','edbjicb','L'),(8050,'39','edbjicc','V'),(8051,'39','edbjicd','L'),(8052,'39','edbjice','V'),(8053,'39','edbjicf','V'),(8054,'39','edcaceg','V'),(8055,'39','edcaceh','E'),(8056,'39','edbjiaa','V'),(8057,'39','edbjiab','E'),(8058,'39','edbjiac','V'),(8059,'39','edbjiad','V'),(8060,'39','edbjiae','E'),(8061,'39','edbjiaf','E'),(8062,'39','edbjiag','E'),(8063,'39','edbjiah','V'),(8064,'39','edbjiai','L'),(8065,'39','edbjiaj','L'),(8066,'39','edbjiba','V'),(8067,'39','edbjibb','E'),(8068,'39','edbjibc','L'),(8069,'39','edcacee','E'),(8070,'39','edcacef','E'),(8071,'39','edbjhih','V'),(8072,'39','edbjhii','L'),(8073,'39','edbjhij','V'),(8074,'39','edbjhja','E'),(8075,'39','edbjhjb','E'),(8076,'39','edbjhjc','V'),(8077,'39','edbjhjd','V'),(8078,'39','edbjhje','E'),(8079,'39','edbjhjf','L'),(8080,'39','edbjhjg','E'),(8081,'39','edbjhjh','V'),(8082,'39','edbjhji','E'),(8083,'39','edbjhjj','V'),(8084,'39','edcacec','V'),(8085,'39','edcaced','L'),(8086,'39','edbjhhe','L'),(8087,'39','edbjhhf','E'),(8088,'39','edbjhhg','L'),(8089,'39','edbjhhh','E'),(8090,'39','edbjhhi','V'),(8091,'39','edbjhhj','V'),(8092,'39','edbjhia','L'),(8093,'39','edbjhib','E'),(8094,'39','edbjhic','V'),(8095,'39','edbjhid','L'),(8096,'39','edbjhie','E'),(8097,'39','edbjhif','L'),(8098,'39','edbjhig','V'),(8099,'39','edcacea','E'),(8100,'39','edcaceb','V'),(8101,'39','edbjhgb','L'),(8102,'39','edbjhgc','L'),(8103,'39','edbjhgd','E'),(8104,'39','edbjhge','E'),(8105,'39','edbjhgf','V'),(8106,'39','edbjhgg','V'),(8107,'39','edbjhgh','L'),(8108,'39','edbjhgi','E'),(8109,'39','edbjhgj','V'),(8110,'39','edbjhha','V'),(8111,'39','edbjhhb','E'),(8112,'39','edbjhhc','E'),(8113,'39','edbjhhd','V'),(8114,'39','edcacdi','V'),(8115,'39','edcacdj','E'),(8116,'39','edbjhei','V'),(8117,'39','edbjhej','E'),(8118,'39','edbjhfa','E'),(8119,'39','edbjhfb','V'),(8120,'39','edbjhfc','V'),(8121,'39','edbjhfd','L'),(8122,'39','edbjhfe','L'),(8123,'39','edbjhff','L'),(8124,'39','edbjhfg','L'),(8125,'39','edbjhfh','V'),(8126,'39','edbjhfi','E'),(8127,'39','edbjhfj','E'),(8128,'39','edbjhga','L'),(8129,'39','edcacdg','V'),(8130,'39','edcacdh','E'),(8131,'39','edbjhdf','E'),(8132,'39','edbjhdg','E'),(8133,'39','edbjhdh','E'),(8134,'39','edbjhdi','V'),(8135,'39','edbjhdj','V'),(8136,'39','edbjhea','L'),(8137,'39','edbjheb','E'),(8138,'39','edbjhec','E'),(8139,'39','edbjhed','E'),(8140,'39','edbjhee','L'),(8141,'39','edbjhef','V'),(8142,'39','edbjheg','V'),(8143,'39','edbjheh','L'),(8144,'39','edcacde','L'),(8145,'39','edcacdf','E'),(8146,'39','edbjhcc','E'),(8147,'39','edbjhcd','L'),(8148,'39','edbjhce','V'),(8149,'39','edbjhcf','L'),(8150,'39','edbjhcg','V'),(8151,'39','edbjhch','E'),(8152,'39','edbjhci','V'),(8153,'39','edbjhcj','V'),(8154,'39','edbjhda','V'),(8155,'39','edbjhdb','E'),(8156,'39','edbjhdc','E'),(8157,'39','edbjhdd','V'),(8158,'39','edbjhde','V'),(8159,'39','edcacdc','L'),(8160,'39','edcacdd','V'),(8161,'39','edbjhaj','L'),(8162,'39','edbjhba','E'),(8163,'39','edbjhbb','E'),(8164,'39','edbjhbc','L'),(8165,'39','edbjhbd','L'),(8166,'39','edbjhbe','L'),(8167,'39','edbjhbf','L'),(8168,'39','edbjhbg','L'),(8169,'39','edbjhbh','L'),(8170,'39','edbjhbi','L'),(8171,'39','edbjhbj','L'),(8172,'39','edbjhca','V'),(8173,'39','edbjhcb','V'),(8174,'39','edcacda','L'),(8175,'39','edcacdb','V'),(8176,'39','edbjgjg','V'),(8177,'39','edbjgjh','E'),(8178,'39','edbjgji','L'),(8179,'39','edbjgjj','E'),(8180,'39','edbjhaa','L'),(8181,'39','edbjhab','V'),(8182,'39','edbjhac','V'),(8183,'39','edbjhad','L'),(8184,'39','edbjhae','E'),(8185,'39','edbjhaf','L'),(8186,'39','edbjhag','L'),(8187,'39','edbjhah','V'),(8188,'39','edbjhai','E'),(8189,'39','edcacci','V'),(8190,'39','edcaccj','L'),(8191,'40','edbjigf','E'),(8192,'40','edbjigg','V'),(8193,'40','edbjigh','E'),(8194,'40','edbjigi','L'),(8195,'40','edbjigj','L'),(8196,'40','edbjiha','E'),(8197,'40','edbjihb','E'),(8198,'40','edbjihc','L'),(8199,'40','edbjihd','V'),(8200,'40','edbjihe','E'),(8201,'40','edbjihf','V'),(8202,'40','edbjihg','E'),(8203,'40','edbjihh','L'),(8204,'40','edcabjh','E'),(8205,'40','edcabji','L'),(8206,'40','edbjifc','V'),(8207,'40','edbjifd','L'),(8208,'40','edbjife','L'),(8209,'40','edbjiff','V'),(8210,'40','edbjifg','V'),(8211,'40','edbjifh','L'),(8212,'40','edbjifi','E'),(8213,'40','edbjifj','L'),(8214,'40','edbjiga','L'),(8215,'40','edbjigb','V'),(8216,'40','edbjigc','V'),(8217,'40','edbjigd','V'),(8218,'40','edbjige','L'),(8219,'40','edcabjg','L'),(8220,'40','edcabjj','L'),(8221,'40','edbjidi','V'),(8222,'40','edbjiea','V'),(8223,'40','edbjieb','V'),(8224,'40','edbjiec','E'),(8225,'40','edbjied','E'),(8226,'40','edbjiee','E'),(8227,'40','edbjief','V'),(8228,'40','edbjieg','V'),(8229,'40','edbjieh','E'),(8230,'40','edbjiei','L'),(8231,'40','edbjiej','E'),(8232,'40','edbjifa','L'),(8233,'40','edbjifb','E'),(8234,'40','edcacfa','E'),(8235,'40','edcacfb','E'),(8236,'40','edbjicg','E'),(8237,'40','edbjich','V'),(8238,'40','edbjici','L'),(8239,'40','edbjicj','L'),(8240,'40','edbjida','L'),(8241,'40','edbjidb','L'),(8242,'40','edbjidc','E'),(8243,'40','edbjidd','V'),(8244,'40','edbjide','E'),(8245,'40','edbjidf','L'),(8246,'40','edbjidg','V'),(8247,'40','edbjidh','E'),(8248,'40','edbjidj','L'),(8249,'40','edcacei','L'),(8250,'40','edcacej','E'),(8251,'40','edbjibd','V'),(8252,'40','edbjibe','L'),(8253,'40','edbjibf','L'),(8254,'40','edbjibg','L'),(8255,'40','edbjibh','L'),(8256,'40','edbjibi','L'),(8257,'40','edbjibj','V'),(8258,'40','edbjica','V'),(8259,'40','edbjicb','L'),(8260,'40','edbjicc','V'),(8261,'40','edbjicd','V'),(8262,'40','edbjice','L'),(8263,'40','edbjicf','V'),(8264,'40','edcaceg','L'),(8265,'40','edcaceh','E'),(8266,'40','edbjiaa','V'),(8267,'40','edbjiab','V'),(8268,'40','edbjiac','V'),(8269,'40','edbjiad','V'),(8270,'40','edbjiae','V'),(8271,'40','edbjiaf','L'),(8272,'40','edbjiag','E'),(8273,'40','edbjiah','V'),(8274,'40','edbjiai','E'),(8275,'40','edbjiaj','E'),(8276,'40','edbjiba','E'),(8277,'40','edbjibb','V'),(8278,'40','edbjibc','E'),(8279,'40','edcacee','L'),(8280,'40','edcacef','E'),(8281,'40','edbjhih','E'),(8282,'40','edbjhii','L'),(8283,'40','edbjhij','L'),(8284,'40','edbjhja','V'),(8285,'40','edbjhjb','L'),(8286,'40','edbjhjc','E'),(8287,'40','edbjhjd','V'),(8288,'40','edbjhje','V'),(8289,'40','edbjhjf','L'),(8290,'40','edbjhjg','V'),(8291,'40','edbjhjh','V'),(8292,'40','edbjhji','E'),(8293,'40','edbjhjj','L'),(8294,'40','edcacec','E'),(8295,'40','edcaced','V'),(8296,'40','edbjhhe','E'),(8297,'40','edbjhhf','V'),(8298,'40','edbjhhg','L'),(8299,'40','edbjhhh','E'),(8300,'40','edbjhhi','L'),(8301,'40','edbjhhj','V'),(8302,'40','edbjhia','L'),(8303,'40','edbjhib','V'),(8304,'40','edbjhic','V'),(8305,'40','edbjhid','E'),(8306,'40','edbjhie','L'),(8307,'40','edbjhif','L'),(8308,'40','edbjhig','L'),(8309,'40','edcacea','L'),(8310,'40','edcaceb','L'),(8311,'40','edbjhgb','L'),(8312,'40','edbjhgc','L'),(8313,'40','edbjhgd','V'),(8314,'40','edbjhge','V'),(8315,'40','edbjhgf','L'),(8316,'40','edbjhgg','E'),(8317,'40','edbjhgh','L'),(8318,'40','edbjhgi','V'),(8319,'40','edbjhgj','V'),(8320,'40','edbjhha','E'),(8321,'40','edbjhhb','E'),(8322,'40','edbjhhc','V'),(8323,'40','edbjhhd','E'),(8324,'40','edcacdi','E'),(8325,'40','edcacdj','E'),(8326,'40','edbjhei','V'),(8327,'40','edbjhej','E'),(8328,'40','edbjhfa','E'),(8329,'40','edbjhfb','L'),(8330,'40','edbjhfc','E'),(8331,'40','edbjhfd','E'),(8332,'40','edbjhfe','E'),(8333,'40','edbjhff','V'),(8334,'40','edbjhfg','V'),(8335,'40','edbjhfh','V'),(8336,'40','edbjhfi','E'),(8337,'40','edbjhfj','L'),(8338,'40','edbjhga','E'),(8339,'40','edcacdg','V'),(8340,'40','edcacdh','E'),(8341,'40','edbjhdf','V'),(8342,'40','edbjhdg','E'),(8343,'40','edbjhdh','E'),(8344,'40','edbjhdi','V'),(8345,'40','edbjhdj','L'),(8346,'40','edbjhea','V'),(8347,'40','edbjheb','E'),(8348,'40','edbjhec','E'),(8349,'40','edbjhed','V'),(8350,'40','edbjhee','L'),(8351,'40','edbjhef','E'),(8352,'40','edbjheg','V'),(8353,'40','edbjheh','E'),(8354,'40','edcacde','L'),(8355,'40','edcacdf','V'),(8356,'40','edbjhcc','E'),(8357,'40','edbjhcd','E'),(8358,'40','edbjhce','E'),(8359,'40','edbjhcf','V'),(8360,'40','edbjhcg','E'),(8361,'40','edbjhch','E'),(8362,'40','edbjhci','V'),(8363,'40','edbjhcj','V'),(8364,'40','edbjhda','E'),(8365,'40','edbjhdb','V'),(8366,'40','edbjhdc','L'),(8367,'40','edbjhdd','V'),(8368,'40','edbjhde','E'),(8369,'40','edcacdc','V'),(8370,'40','edcacdd','L'),(8371,'40','edbjhaj','V'),(8372,'40','edbjhba','V'),(8373,'40','edbjhbb','V'),(8374,'40','edbjhbc','E'),(8375,'40','edbjhbd','L'),(8376,'40','edbjhbe','V'),(8377,'40','edbjhbf','L'),(8378,'40','edbjhbg','E'),(8379,'40','edbjhbh','V'),(8380,'40','edbjhbi','E'),(8381,'40','edbjhbj','L'),(8382,'40','edbjhca','E'),(8383,'40','edbjhcb','V'),(8384,'40','edcacda','L'),(8385,'40','edcacdb','E'),(8386,'40','edbjgjg','V'),(8387,'40','edbjgjh','E'),(8388,'40','edbjgji','V'),(8389,'40','edbjgjj','V'),(8390,'40','edbjhaa','V'),(8391,'40','edbjhab','V'),(8392,'40','edbjhac','L'),(8393,'40','edbjhad','E'),(8394,'40','edbjhae','L'),(8395,'40','edbjhaf','L'),(8396,'40','edbjhag','L'),(8397,'40','edbjhah','V'),(8398,'40','edbjhai','L'),(8399,'40','edcacci','L'),(8400,'40','edcaccj','V'),(8401,'41','edbjigf','E'),(8402,'41','edbjigg','E'),(8403,'41','edbjigh','L'),(8404,'41','edbjigi','V'),(8405,'41','edbjigj','E'),(8406,'41','edbjiha','E'),(8407,'41','edbjihb','L'),(8408,'41','edbjihc','V'),(8409,'41','edbjihd','E'),(8410,'41','edbjihe','L'),(8411,'41','edbjihf','E'),(8412,'41','edbjihg','E'),(8413,'41','edbjihh','V'),(8414,'41','edcabjh','V'),(8415,'41','edcabji','V'),(8416,'41','edbjifc','V'),(8417,'41','edbjifd','E'),(8418,'41','edbjife','L'),(8419,'41','edbjiff','L'),(8420,'41','edbjifg','L'),(8421,'41','edbjifh','V'),(8422,'41','edbjifi','E'),(8423,'41','edbjifj','L'),(8424,'41','edbjiga','V'),(8425,'41','edbjigb','E'),(8426,'41','edbjigc','L'),(8427,'41','edbjigd','E'),(8428,'41','edbjige','V'),(8429,'41','edcabjg','E'),(8430,'41','edcabjj','E'),(8431,'41','edbjidi','L'),(8432,'41','edbjiea','L'),(8433,'41','edbjieb','V'),(8434,'41','edbjiec','E'),(8435,'41','edbjied','E'),(8436,'41','edbjiee','E'),(8437,'41','edbjief','V'),(8438,'41','edbjieg','L'),(8439,'41','edbjieh','V'),(8440,'41','edbjiei','V'),(8441,'41','edbjiej','V'),(8442,'41','edbjifa','E'),(8443,'41','edbjifb','V'),(8444,'41','edcacfa','V'),(8445,'41','edcacfb','V'),(8446,'41','edbjicg','L'),(8447,'41','edbjich','E'),(8448,'41','edbjici','V'),(8449,'41','edbjicj','V'),(8450,'41','edbjida','E'),(8451,'41','edbjidb','E'),(8452,'41','edbjidc','E'),(8453,'41','edbjidd','E'),(8454,'41','edbjide','V'),(8455,'41','edbjidf','L'),(8456,'41','edbjidg','L'),(8457,'41','edbjidh','E'),(8458,'41','edbjidj','E'),(8459,'41','edcacei','L'),(8460,'41','edcacej','E'),(8461,'41','edbjibd','E'),(8462,'41','edbjibe','L'),(8463,'41','edbjibf','V'),(8464,'41','edbjibg','V'),(8465,'41','edbjibh','V'),(8466,'41','edbjibi','V'),(8467,'41','edbjibj','L'),(8468,'41','edbjica','E'),(8469,'41','edbjicb','V'),(8470,'41','edbjicc','E'),(8471,'41','edbjicd','L'),(8472,'41','edbjice','E'),(8473,'41','edbjicf','V'),(8474,'41','edcaceg','L'),(8475,'41','edcaceh','V'),(8476,'41','edbjiaa','V'),(8477,'41','edbjiab','V'),(8478,'41','edbjiac','E'),(8479,'41','edbjiad','E'),(8480,'41','edbjiae','L'),(8481,'41','edbjiaf','E'),(8482,'41','edbjiag','L'),(8483,'41','edbjiah','E'),(8484,'41','edbjiai','V'),(8485,'41','edbjiaj','V'),(8486,'41','edbjiba','E'),(8487,'41','edbjibb','V'),(8488,'41','edbjibc','L'),(8489,'41','edcacee','L'),(8490,'41','edcacef','L'),(8491,'41','edbjhih','L'),(8492,'41','edbjhii','L'),(8493,'41','edbjhij','L'),(8494,'41','edbjhja','E'),(8495,'41','edbjhjb','L'),(8496,'41','edbjhjc','E'),(8497,'41','edbjhjd','E'),(8498,'41','edbjhje','V'),(8499,'41','edbjhjf','E'),(8500,'41','edbjhjg','L'),(8501,'41','edbjhjh','L'),(8502,'41','edbjhji','L'),(8503,'41','edbjhjj','E'),(8504,'41','edcacec','V'),(8505,'41','edcaced','L'),(8506,'41','edbjhhe','L'),(8507,'41','edbjhhf','V'),(8508,'41','edbjhhg','V'),(8509,'41','edbjhhh','L'),(8510,'41','edbjhhi','V'),(8511,'41','edbjhhj','L'),(8512,'41','edbjhia','L'),(8513,'41','edbjhib','L'),(8514,'41','edbjhic','L'),(8515,'41','edbjhid','E'),(8516,'41','edbjhie','L'),(8517,'41','edbjhif','V'),(8518,'41','edbjhig','E'),(8519,'41','edcacea','E'),(8520,'41','edcaceb','V'),(8521,'41','edbjhgb','E'),(8522,'41','edbjhgc','L'),(8523,'41','edbjhgd','V'),(8524,'41','edbjhge','E'),(8525,'41','edbjhgf','L'),(8526,'41','edbjhgg','E'),(8527,'41','edbjhgh','E'),(8528,'41','edbjhgi','V'),(8529,'41','edbjhgj','V'),(8530,'41','edbjhha','E'),(8531,'41','edbjhhb','V'),(8532,'41','edbjhhc','L'),(8533,'41','edbjhhd','L'),(8534,'41','edcacdi','V'),(8535,'41','edcacdj','L'),(8536,'41','edbjhei','V'),(8537,'41','edbjhej','E'),(8538,'41','edbjhfa','L'),(8539,'41','edbjhfb','E'),(8540,'41','edbjhfc','V'),(8541,'41','edbjhfd','L'),(8542,'41','edbjhfe','L'),(8543,'41','edbjhff','V'),(8544,'41','edbjhfg','L'),(8545,'41','edbjhfh','E'),(8546,'41','edbjhfi','E'),(8547,'41','edbjhfj','E'),(8548,'41','edbjhga','V'),(8549,'41','edcacdg','L'),(8550,'41','edcacdh','V'),(8551,'41','edbjhdf','E'),(8552,'41','edbjhdg','V'),(8553,'41','edbjhdh','E'),(8554,'41','edbjhdi','V'),(8555,'41','edbjhdj','E'),(8556,'41','edbjhea','V'),(8557,'41','edbjheb','V'),(8558,'41','edbjhec','V'),(8559,'41','edbjhed','V'),(8560,'41','edbjhee','L'),(8561,'41','edbjhef','L'),(8562,'41','edbjheg','L'),(8563,'41','edbjheh','L'),(8564,'41','edcacde','L'),(8565,'41','edcacdf','E'),(8566,'41','edbjhcc','L'),(8567,'41','edbjhcd','V'),(8568,'41','edbjhce','E'),(8569,'41','edbjhcf','L'),(8570,'41','edbjhcg','E'),(8571,'41','edbjhch','L'),(8572,'41','edbjhci','L'),(8573,'41','edbjhcj','V'),(8574,'41','edbjhda','L'),(8575,'41','edbjhdb','E'),(8576,'41','edbjhdc','V'),(8577,'41','edbjhdd','V'),(8578,'41','edbjhde','L'),(8579,'41','edcacdc','L'),(8580,'41','edcacdd','E'),(8581,'41','edbjhaj','L'),(8582,'41','edbjhba','L'),(8583,'41','edbjhbb','V'),(8584,'41','edbjhbc','V'),(8585,'41','edbjhbd','L'),(8586,'41','edbjhbe','L'),(8587,'41','edbjhbf','E'),(8588,'41','edbjhbg','L'),(8589,'41','edbjhbh','V'),(8590,'41','edbjhbi','V'),(8591,'41','edbjhbj','E'),(8592,'41','edbjhca','E'),(8593,'41','edbjhcb','V'),(8594,'41','edcacda','V'),(8595,'41','edcacdb','E'),(8596,'41','edbjgjg','E'),(8597,'41','edbjgjh','V'),(8598,'41','edbjgji','V'),(8599,'41','edbjgjj','E'),(8600,'41','edbjhaa','V'),(8601,'41','edbjhab','L'),(8602,'41','edbjhac','L'),(8603,'41','edbjhad','L'),(8604,'41','edbjhae','V'),(8605,'41','edbjhaf','V'),(8606,'41','edbjhag','L'),(8607,'41','edbjhah','E'),(8608,'41','edbjhai','V'),(8609,'41','edcacci','E'),(8610,'41','edcaccj','E'),(8611,'42','edbjigf','V'),(8612,'42','edbjigg','V'),(8613,'42','edbjigh','E'),(8614,'42','edbjigi','E'),(8615,'42','edbjigj','V'),(8616,'42','edbjiha','E'),(8617,'42','edbjihb','E'),(8618,'42','edbjihc','E'),(8619,'42','edbjihd','L'),(8620,'42','edbjihe','V'),(8621,'42','edbjihf','L'),(8622,'42','edbjihg','V'),(8623,'42','edbjihh','V'),(8624,'42','edcabjh','V'),(8625,'42','edcabji','V'),(8626,'42','edbjifc','V'),(8627,'42','edbjifd','L'),(8628,'42','edbjife','L'),(8629,'42','edbjiff','V'),(8630,'42','edbjifg','V'),(8631,'42','edbjifh','E'),(8632,'42','edbjifi','L'),(8633,'42','edbjifj','L'),(8634,'42','edbjiga','V'),(8635,'42','edbjigb','V'),(8636,'42','edbjigc','E'),(8637,'42','edbjigd','E'),(8638,'42','edbjige','V'),(8639,'42','edcabjg','E'),(8640,'42','edcabjj','V'),(8641,'42','edbjidi','E'),(8642,'42','edbjiea','L'),(8643,'42','edbjieb','V'),(8644,'42','edbjiec','V'),(8645,'42','edbjied','L'),(8646,'42','edbjiee','L'),(8647,'42','edbjief','V'),(8648,'42','edbjieg','L'),(8649,'42','edbjieh','L'),(8650,'42','edbjiei','E'),(8651,'42','edbjiej','V'),(8652,'42','edbjifa','V'),(8653,'42','edbjifb','E'),(8654,'42','edcacfa','V'),(8655,'42','edcacfb','V'),(8656,'42','edbjicg','E'),(8657,'42','edbjich','E'),(8658,'42','edbjici','E'),(8659,'42','edbjicj','E'),(8660,'42','edbjida','L'),(8661,'42','edbjidb','V'),(8662,'42','edbjidc','L'),(8663,'42','edbjidd','L'),(8664,'42','edbjide','E'),(8665,'42','edbjidf','E'),(8666,'42','edbjidg','L'),(8667,'42','edbjidh','E'),(8668,'42','edbjidj','L'),(8669,'42','edcacei','L'),(8670,'42','edcacej','E'),(8671,'42','edbjibd','V'),(8672,'42','edbjibe','L'),(8673,'42','edbjibf','L'),(8674,'42','edbjibg','V'),(8675,'42','edbjibh','E'),(8676,'42','edbjibi','V'),(8677,'42','edbjibj','E'),(8678,'42','edbjica','V'),(8679,'42','edbjicb','E'),(8680,'42','edbjicc','E'),(8681,'42','edbjicd','V'),(8682,'42','edbjice','L'),(8683,'42','edbjicf','L'),(8684,'42','edcaceg','V'),(8685,'42','edcaceh','E'),(8686,'42','edbjiaa','E'),(8687,'42','edbjiab','V'),(8688,'42','edbjiac','L'),(8689,'42','edbjiad','E'),(8690,'42','edbjiae','L'),(8691,'42','edbjiaf','L'),(8692,'42','edbjiag','E'),(8693,'42','edbjiah','L'),(8694,'42','edbjiai','V'),(8695,'42','edbjiaj','L'),(8696,'42','edbjiba','L'),(8697,'42','edbjibb','L'),(8698,'42','edbjibc','E'),(8699,'42','edcacee','E'),(8700,'42','edcacef','E'),(8701,'42','edbjhih','V'),(8702,'42','edbjhii','L'),(8703,'42','edbjhij','V'),(8704,'42','edbjhja','V'),(8705,'42','edbjhjb','L'),(8706,'42','edbjhjc','V'),(8707,'42','edbjhjd','L'),(8708,'42','edbjhje','V'),(8709,'42','edbjhjf','L'),(8710,'42','edbjhjg','L'),(8711,'42','edbjhjh','V'),(8712,'42','edbjhji','E'),(8713,'42','edbjhjj','V'),(8714,'42','edcacec','L'),(8715,'42','edcaced','L'),(8716,'42','edbjhhe','E'),(8717,'42','edbjhhf','V'),(8718,'42','edbjhhg','E'),(8719,'42','edbjhhh','V'),(8720,'42','edbjhhi','V'),(8721,'42','edbjhhj','V'),(8722,'42','edbjhia','E'),(8723,'42','edbjhib','L'),(8724,'42','edbjhic','E'),(8725,'42','edbjhid','V'),(8726,'42','edbjhie','L'),(8727,'42','edbjhif','L'),(8728,'42','edbjhig','V'),(8729,'42','edcacea','L'),(8730,'42','edcaceb','E'),(8731,'42','edbjhgb','L'),(8732,'42','edbjhgc','L'),(8733,'42','edbjhgd','L'),(8734,'42','edbjhge','L'),(8735,'42','edbjhgf','E'),(8736,'42','edbjhgg','L'),(8737,'42','edbjhgh','V'),(8738,'42','edbjhgi','L'),(8739,'42','edbjhgj','V'),(8740,'42','edbjhha','E'),(8741,'42','edbjhhb','L'),(8742,'42','edbjhhc','L'),(8743,'42','edbjhhd','V'),(8744,'42','edcacdi','V'),(8745,'42','edcacdj','V'),(8746,'42','edbjhei','E'),(8747,'42','edbjhej','L'),(8748,'42','edbjhfa','V'),(8749,'42','edbjhfb','E'),(8750,'42','edbjhfc','E'),(8751,'42','edbjhfd','V'),(8752,'42','edbjhfe','L'),(8753,'42','edbjhff','E'),(8754,'42','edbjhfg','V'),(8755,'42','edbjhfh','L'),(8756,'42','edbjhfi','L'),(8757,'42','edbjhfj','V'),(8758,'42','edbjhga','V'),(8759,'42','edcacdg','E'),(8760,'42','edcacdh','L'),(8761,'42','edbjhdf','E'),(8762,'42','edbjhdg','E'),(8763,'42','edbjhdh','L'),(8764,'42','edbjhdi','L'),(8765,'42','edbjhdj','V'),(8766,'42','edbjhea','E'),(8767,'42','edbjheb','L'),(8768,'42','edbjhec','L'),(8769,'42','edbjhed','V'),(8770,'42','edbjhee','V'),(8771,'42','edbjhef','L'),(8772,'42','edbjheg','V'),(8773,'42','edbjheh','L'),(8774,'42','edcacde','L'),(8775,'42','edcacdf','V'),(8776,'42','edbjhcc','L'),(8777,'42','edbjhcd','E'),(8778,'42','edbjhce','L'),(8779,'42','edbjhcf','E'),(8780,'42','edbjhcg','E'),(8781,'42','edbjhch','V'),(8782,'42','edbjhci','E'),(8783,'42','edbjhcj','V'),(8784,'42','edbjhda','E'),(8785,'42','edbjhdb','E'),(8786,'42','edbjhdc','V'),(8787,'42','edbjhdd','E'),(8788,'42','edbjhde','E'),(8789,'42','edcacdc','V'),(8790,'42','edcacdd','V'),(8791,'42','edbjhaj','V'),(8792,'42','edbjhba','L'),(8793,'42','edbjhbb','V'),(8794,'42','edbjhbc','V'),(8795,'42','edbjhbd','V'),(8796,'42','edbjhbe','E'),(8797,'42','edbjhbf','E'),(8798,'42','edbjhbg','E'),(8799,'42','edbjhbh','L'),(8800,'42','edbjhbi','V'),(8801,'42','edbjhbj','E'),(8802,'42','edbjhca','V'),(8803,'42','edbjhcb','L'),(8804,'42','edcacda','L'),(8805,'42','edcacdb','E'),(8806,'42','edbjgjg','V'),(8807,'42','edbjgjh','L'),(8808,'42','edbjgji','V'),(8809,'42','edbjgjj','E'),(8810,'42','edbjhaa','V'),(8811,'42','edbjhab','V'),(8812,'42','edbjhac','E'),(8813,'42','edbjhad','L'),(8814,'42','edbjhae','E'),(8815,'42','edbjhaf','L'),(8816,'42','edbjhag','V'),(8817,'42','edbjhah','E'),(8818,'42','edbjhai','V'),(8819,'42','edcacci','L'),(8820,'42','edcaccj','E'),(8821,'43','edbjigf','L'),(8822,'43','edbjigg','L'),(8823,'43','edbjigh','L'),(8824,'43','edbjigi','V'),(8825,'43','edbjigj','E'),(8826,'43','edbjiha','L'),(8827,'43','edbjihb','E'),(8828,'43','edbjihc','E'),(8829,'43','edbjihd','L'),(8830,'43','edbjihe','V'),(8831,'43','edbjihf','L'),(8832,'43','edbjihg','L'),(8833,'43','edbjihh','V'),(8834,'43','edcabjh','V'),(8835,'43','edcabji','V'),(8836,'43','edbjifc','V'),(8837,'43','edbjifd','L'),(8838,'43','edbjife','V'),(8839,'43','edbjiff','V'),(8840,'43','edbjifg','V'),(8841,'43','edbjifh','L'),(8842,'43','edbjifi','E'),(8843,'43','edbjifj','V'),(8844,'43','edbjiga','V'),(8845,'43','edbjigb','L'),(8846,'43','edbjigc','E'),(8847,'43','edbjigd','E'),(8848,'43','edbjige','E'),(8849,'43','edcabjg','L'),(8850,'43','edcabjj','E'),(8851,'43','edbjidi','E'),(8852,'43','edbjiea','V'),(8853,'43','edbjieb','V'),(8854,'43','edbjiec','L'),(8855,'43','edbjied','L'),(8856,'43','edbjiee','V'),(8857,'43','edbjief','E'),(8858,'43','edbjieg','L'),(8859,'43','edbjieh','L'),(8860,'43','edbjiei','E'),(8861,'43','edbjiej','E'),(8862,'43','edbjifa','V'),(8863,'43','edbjifb','L'),(8864,'43','edcacfa','E'),(8865,'43','edcacfb','L'),(8866,'43','edbjicg','E'),(8867,'43','edbjich','E'),(8868,'43','edbjici','E'),(8869,'43','edbjicj','E'),(8870,'43','edbjida','L'),(8871,'43','edbjidb','V'),(8872,'43','edbjidc','V'),(8873,'43','edbjidd','V'),(8874,'43','edbjide','E'),(8875,'43','edbjidf','V'),(8876,'43','edbjidg','L'),(8877,'43','edbjidh','L'),(8878,'43','edbjidj','V'),(8879,'43','edcacei','L'),(8880,'43','edcacej','V'),(8881,'43','edbjibd','L'),(8882,'43','edbjibe','V'),(8883,'43','edbjibf','E'),(8884,'43','edbjibg','E'),(8885,'43','edbjibh','E'),(8886,'43','edbjibi','E'),(8887,'43','edbjibj','E'),(8888,'43','edbjica','L'),(8889,'43','edbjicb','E'),(8890,'43','edbjicc','V'),(8891,'43','edbjicd','V'),(8892,'43','edbjice','V'),(8893,'43','edbjicf','L'),(8894,'43','edcaceg','V'),(8895,'43','edcaceh','E'),(8896,'43','edbjiaa','V'),(8897,'43','edbjiab','E'),(8898,'43','edbjiac','E'),(8899,'43','edbjiad','V'),(8900,'43','edbjiae','L'),(8901,'43','edbjiaf','L'),(8902,'43','edbjiag','V'),(8903,'43','edbjiah','L'),(8904,'43','edbjiai','V'),(8905,'43','edbjiaj','E'),(8906,'43','edbjiba','E'),(8907,'43','edbjibb','V'),(8908,'43','edbjibc','E'),(8909,'43','edcacee','V'),(8910,'43','edcacef','E'),(8911,'43','edbjhih','E'),(8912,'43','edbjhii','L'),(8913,'43','edbjhij','E'),(8914,'43','edbjhja','E'),(8915,'43','edbjhjb','E'),(8916,'43','edbjhjc','V'),(8917,'43','edbjhjd','E'),(8918,'43','edbjhje','V'),(8919,'43','edbjhjf','V'),(8920,'43','edbjhjg','L'),(8921,'43','edbjhjh','L'),(8922,'43','edbjhji','V'),(8923,'43','edbjhjj','V'),(8924,'43','edcacec','V'),(8925,'43','edcaced','E'),(8926,'43','edbjhhe','L'),(8927,'43','edbjhhf','E'),(8928,'43','edbjhhg','L'),(8929,'43','edbjhhh','V'),(8930,'43','edbjhhi','E'),(8931,'43','edbjhhj','L'),(8932,'43','edbjhia','E'),(8933,'43','edbjhib','V'),(8934,'43','edbjhic','L'),(8935,'43','edbjhid','E'),(8936,'43','edbjhie','L'),(8937,'43','edbjhif','L'),(8938,'43','edbjhig','V'),(8939,'43','edcacea','E'),(8940,'43','edcaceb','L'),(8941,'43','edbjhgb','E'),(8942,'43','edbjhgc','E'),(8943,'43','edbjhgd','E'),(8944,'43','edbjhge','V'),(8945,'43','edbjhgf','V'),(8946,'43','edbjhgg','E'),(8947,'43','edbjhgh','L'),(8948,'43','edbjhgi','L'),(8949,'43','edbjhgj','L'),(8950,'43','edbjhha','E'),(8951,'43','edbjhhb','L'),(8952,'43','edbjhhc','E'),(8953,'43','edbjhhd','V'),(8954,'43','edcacdi','V'),(8955,'43','edcacdj','E'),(8956,'43','edbjhei','V'),(8957,'43','edbjhej','E'),(8958,'43','edbjhfa','V'),(8959,'43','edbjhfb','L'),(8960,'43','edbjhfc','V'),(8961,'43','edbjhfd','L'),(8962,'43','edbjhfe','L'),(8963,'43','edbjhff','L'),(8964,'43','edbjhfg','V'),(8965,'43','edbjhfh','E'),(8966,'43','edbjhfi','E'),(8967,'43','edbjhfj','E'),(8968,'43','edbjhga','E'),(8969,'43','edcacdg','V'),(8970,'43','edcacdh','L'),(8971,'43','edbjhdf','L'),(8972,'43','edbjhdg','L'),(8973,'43','edbjhdh','V'),(8974,'43','edbjhdi','V'),(8975,'43','edbjhdj','V'),(8976,'43','edbjhea','E'),(8977,'43','edbjheb','E'),(8978,'43','edbjhec','E'),(8979,'43','edbjhed','V'),(8980,'43','edbjhee','L'),(8981,'43','edbjhef','L'),(8982,'43','edbjheg','V'),(8983,'43','edbjheh','V'),(8984,'43','edcacde','V'),(8985,'43','edcacdf','E'),(8986,'43','edbjhcc','E'),(8987,'43','edbjhcd','V'),(8988,'43','edbjhce','V'),(8989,'43','edbjhcf','V'),(8990,'43','edbjhcg','L'),(8991,'43','edbjhch','E'),(8992,'43','edbjhci','V'),(8993,'43','edbjhcj','E'),(8994,'43','edbjhda','L'),(8995,'43','edbjhdb','V'),(8996,'43','edbjhdc','L'),(8997,'43','edbjhdd','V'),(8998,'43','edbjhde','L'),(8999,'43','edcacdc','V'),(9000,'43','edcacdd','V'),(9001,'43','edbjhaj','V'),(9002,'43','edbjhba','E'),(9003,'43','edbjhbb','L'),(9004,'43','edbjhbc','E'),(9005,'43','edbjhbd','V'),(9006,'43','edbjhbe','E'),(9007,'43','edbjhbf','V'),(9008,'43','edbjhbg','L'),(9009,'43','edbjhbh','L'),(9010,'43','edbjhbi','L'),(9011,'43','edbjhbj','V'),(9012,'43','edbjhca','E'),(9013,'43','edbjhcb','V'),(9014,'43','edcacda','V'),(9015,'43','edcacdb','L'),(9016,'43','edbjgjg','L'),(9017,'43','edbjgjh','E'),(9018,'43','edbjgji','V'),(9019,'43','edbjgjj','L'),(9020,'43','edbjhaa','V'),(9021,'43','edbjhab','V'),(9022,'43','edbjhac','E'),(9023,'43','edbjhad','L'),(9024,'43','edbjhae','E'),(9025,'43','edbjhaf','V'),(9026,'43','edbjhag','E'),(9027,'43','edbjhah','L'),(9028,'43','edbjhai','L'),(9029,'43','edcacci','L'),(9030,'43','edcaccj','V'),(9031,'44','edbjigf','L'),(9032,'44','edbjigg','V'),(9033,'44','edbjigh','E'),(9034,'44','edbjigi','L'),(9035,'44','edbjigj','V'),(9036,'44','edbjiha','V'),(9037,'44','edbjihb','E'),(9038,'44','edbjihc','L'),(9039,'44','edbjihd','V'),(9040,'44','edbjihe','E'),(9041,'44','edbjihf','V'),(9042,'44','edbjihg','L'),(9043,'44','edbjihh','E'),(9044,'44','edcabjh','V'),(9045,'44','edcabji','V'),(9046,'44','edbjifc','V'),(9047,'44','edbjifd','L'),(9048,'44','edbjife','E'),(9049,'44','edbjiff','E'),(9050,'44','edbjifg','L'),(9051,'44','edbjifh','E'),(9052,'44','edbjifi','V'),(9053,'44','edbjifj','V'),(9054,'44','edbjiga','L'),(9055,'44','edbjigb','V'),(9056,'44','edbjigc','E'),(9057,'44','edbjigd','L'),(9058,'44','edbjige','V'),(9059,'44','edcabjg','E'),(9060,'44','edcabjj','L'),(9061,'44','edbjidi','E'),(9062,'44','edbjiea','L'),(9063,'44','edbjieb','L'),(9064,'44','edbjiec','L'),(9065,'44','edbjied','L'),(9066,'44','edbjiee','L'),(9067,'44','edbjief','L'),(9068,'44','edbjieg','V'),(9069,'44','edbjieh','V'),(9070,'44','edbjiei','V'),(9071,'44','edbjiej','L'),(9072,'44','edbjifa','V'),(9073,'44','edbjifb','V'),(9074,'44','edcacfa','L'),(9075,'44','edcacfb','E'),(9076,'44','edbjicg','V'),(9077,'44','edbjich','V'),(9078,'44','edbjici','L'),(9079,'44','edbjicj','E'),(9080,'44','edbjida','L'),(9081,'44','edbjidb','E'),(9082,'44','edbjidc','E'),(9083,'44','edbjidd','V'),(9084,'44','edbjide','L'),(9085,'44','edbjidf','E'),(9086,'44','edbjidg','E'),(9087,'44','edbjidh','L'),(9088,'44','edbjidj','V'),(9089,'44','edcacei','L'),(9090,'44','edcacej','E'),(9091,'44','edbjibd','E'),(9092,'44','edbjibe','L'),(9093,'44','edbjibf','L'),(9094,'44','edbjibg','V'),(9095,'44','edbjibh','E'),(9096,'44','edbjibi','V'),(9097,'44','edbjibj','E'),(9098,'44','edbjica','V'),(9099,'44','edbjicb','L'),(9100,'44','edbjicc','L'),(9101,'44','edbjicd','V'),(9102,'44','edbjice','V'),(9103,'44','edbjicf','E'),(9104,'44','edcaceg','V'),(9105,'44','edcaceh','L'),(9106,'44','edbjiaa','L'),(9107,'44','edbjiab','L'),(9108,'44','edbjiac','L'),(9109,'44','edbjiad','E'),(9110,'44','edbjiae','E'),(9111,'44','edbjiaf','V'),(9112,'44','edbjiag','L'),(9113,'44','edbjiah','V'),(9114,'44','edbjiai','L'),(9115,'44','edbjiaj','V'),(9116,'44','edbjiba','V'),(9117,'44','edbjibb','V'),(9118,'44','edbjibc','E'),(9119,'44','edcacee','E'),(9120,'44','edcacef','E'),(9121,'44','edbjhih','E'),(9122,'44','edbjhii','V'),(9123,'44','edbjhij','V'),(9124,'44','edbjhja','V'),(9125,'44','edbjhjb','V'),(9126,'44','edbjhjc','V'),(9127,'44','edbjhjd','V'),(9128,'44','edbjhje','L'),(9129,'44','edbjhjf','L'),(9130,'44','edbjhjg','V'),(9131,'44','edbjhjh','V'),(9132,'44','edbjhji','E'),(9133,'44','edbjhjj','E'),(9134,'44','edcacec','E'),(9135,'44','edcaced','L'),(9136,'44','edbjhhe','V'),(9137,'44','edbjhhf','V'),(9138,'44','edbjhhg','L'),(9139,'44','edbjhhh','E'),(9140,'44','edbjhhi','E'),(9141,'44','edbjhhj','V'),(9142,'44','edbjhia','V'),(9143,'44','edbjhib','L'),(9144,'44','edbjhic','V'),(9145,'44','edbjhid','L'),(9146,'44','edbjhie','L'),(9147,'44','edbjhif','E'),(9148,'44','edbjhig','L'),(9149,'44','edcacea','V'),(9150,'44','edcaceb','L'),(9151,'44','edbjhgb','L'),(9152,'44','edbjhgc','E'),(9153,'44','edbjhgd','E'),(9154,'44','edbjhge','V'),(9155,'44','edbjhgf','L'),(9156,'44','edbjhgg','E'),(9157,'44','edbjhgh','E'),(9158,'44','edbjhgi','L'),(9159,'44','edbjhgj','V'),(9160,'44','edbjhha','L'),(9161,'44','edbjhhb','E'),(9162,'44','edbjhhc','V'),(9163,'44','edbjhhd','V'),(9164,'44','edcacdi','V'),(9165,'44','edcacdj','V'),(9166,'44','edbjhei','E'),(9167,'44','edbjhej','E'),(9168,'44','edbjhfa','V'),(9169,'44','edbjhfb','L'),(9170,'44','edbjhfc','L'),(9171,'44','edbjhfd','L'),(9172,'44','edbjhfe','V'),(9173,'44','edbjhff','V'),(9174,'44','edbjhfg','V'),(9175,'44','edbjhfh','V'),(9176,'44','edbjhfi','L'),(9177,'44','edbjhfj','V'),(9178,'44','edbjhga','V'),(9179,'44','edcacdg','L'),(9180,'44','edcacdh','V'),(9181,'44','edbjhdf','L'),(9182,'44','edbjhdg','L'),(9183,'44','edbjhdh','V'),(9184,'44','edbjhdi','L'),(9185,'44','edbjhdj','E'),(9186,'44','edbjhea','L'),(9187,'44','edbjheb','V'),(9188,'44','edbjhec','V'),(9189,'44','edbjhed','E'),(9190,'44','edbjhee','L'),(9191,'44','edbjhef','E'),(9192,'44','edbjheg','V'),(9193,'44','edbjheh','E'),(9194,'44','edcacde','L'),(9195,'44','edcacdf','E'),(9196,'44','edbjhcc','L'),(9197,'44','edbjhcd','L'),(9198,'44','edbjhce','V'),(9199,'44','edbjhcf','E'),(9200,'44','edbjhcg','E'),(9201,'44','edbjhch','E'),(9202,'44','edbjhci','E'),(9203,'44','edbjhcj','V'),(9204,'44','edbjhda','E'),(9205,'44','edbjhdb','L'),(9206,'44','edbjhdc','L'),(9207,'44','edbjhdd','V'),(9208,'44','edbjhde','L'),(9209,'44','edcacdc','E'),(9210,'44','edcacdd','V'),(9211,'44','edbjhaj','L'),(9212,'44','edbjhba','V'),(9213,'44','edbjhbb','E'),(9214,'44','edbjhbc','V'),(9215,'44','edbjhbd','V'),(9216,'44','edbjhbe','L'),(9217,'44','edbjhbf','E'),(9218,'44','edbjhbg','L'),(9219,'44','edbjhbh','V'),(9220,'44','edbjhbi','V'),(9221,'44','edbjhbj','E'),(9222,'44','edbjhca','E'),(9223,'44','edbjhcb','L'),(9224,'44','edcacda','E'),(9225,'44','edcacdb','V'),(9226,'44','edbjgjg','L'),(9227,'44','edbjgjh','L'),(9228,'44','edbjgji','V'),(9229,'44','edbjgjj','L'),(9230,'44','edbjhaa','V'),(9231,'44','edbjhab','L'),(9232,'44','edbjhac','E'),(9233,'44','edbjhad','E'),(9234,'44','edbjhae','E'),(9235,'44','edbjhaf','V'),(9236,'44','edbjhag','V'),(9237,'44','edbjhah','L'),(9238,'44','edbjhai','V'),(9239,'44','edcacci','L'),(9240,'44','edcaccj','L'),(9241,'45','edbjigf','L'),(9242,'45','edbjigg','L'),(9243,'45','edbjigh','L'),(9244,'45','edbjigi','E'),(9245,'45','edbjigj','V'),(9246,'45','edbjiha','V'),(9247,'45','edbjihb','E'),(9248,'45','edbjihc','V'),(9249,'45','edbjihd','V'),(9250,'45','edbjihe','V'),(9251,'45','edbjihf','E'),(9252,'45','edbjihg','E'),(9253,'45','edbjihh','L'),(9254,'45','edcabjh','E'),(9255,'45','edcabji','L'),(9256,'45','edbjifc','E'),(9257,'45','edbjifd','L'),(9258,'45','edbjife','E'),(9259,'45','edbjiff','V'),(9260,'45','edbjifg','V'),(9261,'45','edbjifh','V'),(9262,'45','edbjifi','L'),(9263,'45','edbjifj','E'),(9264,'45','edbjiga','V'),(9265,'45','edbjigb','V'),(9266,'45','edbjigc','V'),(9267,'45','edbjigd','V'),(9268,'45','edbjige','L'),(9269,'45','edcabjg','E'),(9270,'45','edcabjj','E'),(9271,'45','edbjidi','L'),(9272,'45','edbjiea','V'),(9273,'45','edbjieb','V'),(9274,'45','edbjiec','L'),(9275,'45','edbjied','E'),(9276,'45','edbjiee','E'),(9277,'45','edbjief','L'),(9278,'45','edbjieg','L'),(9279,'45','edbjieh','E'),(9280,'45','edbjiei','V'),(9281,'45','edbjiej','L'),(9282,'45','edbjifa','E'),(9283,'45','edbjifb','V'),(9284,'45','edcacfa','E'),(9285,'45','edcacfb','L'),(9286,'45','edbjicg','V'),(9287,'45','edbjich','V'),(9288,'45','edbjici','E'),(9289,'45','edbjicj','L'),(9290,'45','edbjida','L'),(9291,'45','edbjidb','V'),(9292,'45','edbjidc','E'),(9293,'45','edbjidd','E'),(9294,'45','edbjide','E'),(9295,'45','edbjidf','E'),(9296,'45','edbjidg','E'),(9297,'45','edbjidh','V'),(9298,'45','edbjidj','V'),(9299,'45','edcacei','V'),(9300,'45','edcacej','V'),(9301,'45','edbjibd','L'),(9302,'45','edbjibe','L'),(9303,'45','edbjibf','E'),(9304,'45','edbjibg','V'),(9305,'45','edbjibh','L'),(9306,'45','edbjibi','E'),(9307,'45','edbjibj','V'),(9308,'45','edbjica','L'),(9309,'45','edbjicb','E'),(9310,'45','edbjicc','L'),(9311,'45','edbjicd','V'),(9312,'45','edbjice','E'),(9313,'45','edbjicf','L'),(9314,'45','edcaceg','L'),(9315,'45','edcaceh','E'),(9316,'45','edbjiaa','L'),(9317,'45','edbjiab','E'),(9318,'45','edbjiac','V'),(9319,'45','edbjiad','E'),(9320,'45','edbjiae','E'),(9321,'45','edbjiaf','L'),(9322,'45','edbjiag','E'),(9323,'45','edbjiah','L'),(9324,'45','edbjiai','V'),(9325,'45','edbjiaj','E'),(9326,'45','edbjiba','E'),(9327,'45','edbjibb','V'),(9328,'45','edbjibc','V'),(9329,'45','edcacee','L'),(9330,'45','edcacef','L'),(9331,'45','edbjhih','E'),(9332,'45','edbjhii','V'),(9333,'45','edbjhij','E'),(9334,'45','edbjhja','L'),(9335,'45','edbjhjb','V'),(9336,'45','edbjhjc','E'),(9337,'45','edbjhjd','V'),(9338,'45','edbjhje','E'),(9339,'45','edbjhjf','E'),(9340,'45','edbjhjg','V'),(9341,'45','edbjhjh','E'),(9342,'45','edbjhji','L'),(9343,'45','edbjhjj','L'),(9344,'45','edcacec','L'),(9345,'45','edcaced','L'),(9346,'45','edbjhhe','E'),(9347,'45','edbjhhf','L'),(9348,'45','edbjhhg','L'),(9349,'45','edbjhhh','L'),(9350,'45','edbjhhi','L'),(9351,'45','edbjhhj','E'),(9352,'45','edbjhia','E'),(9353,'45','edbjhib','L'),(9354,'45','edbjhic','V'),(9355,'45','edbjhid','V'),(9356,'45','edbjhie','E'),(9357,'45','edbjhif','L'),(9358,'45','edbjhig','V'),(9359,'45','edcacea','L'),(9360,'45','edcaceb','E'),(9361,'45','edbjhgb','E'),(9362,'45','edbjhgc','E'),(9363,'45','edbjhgd','V'),(9364,'45','edbjhge','L'),(9365,'45','edbjhgf','E'),(9366,'45','edbjhgg','L'),(9367,'45','edbjhgh','E'),(9368,'45','edbjhgi','L'),(9369,'45','edbjhgj','V'),(9370,'45','edbjhha','E'),(9371,'45','edbjhhb','V'),(9372,'45','edbjhhc','E'),(9373,'45','edbjhhd','L'),(9374,'45','edcacdi','E'),(9375,'45','edcacdj','E'),(9376,'45','edbjhei','V'),(9377,'45','edbjhej','E'),(9378,'45','edbjhfa','E'),(9379,'45','edbjhfb','E'),(9380,'45','edbjhfc','E'),(9381,'45','edbjhfd','L'),(9382,'45','edbjhfe','L'),(9383,'45','edbjhff','V'),(9384,'45','edbjhfg','E'),(9385,'45','edbjhfh','E'),(9386,'45','edbjhfi','V'),(9387,'45','edbjhfj','V'),(9388,'45','edbjhga','V'),(9389,'45','edcacdg','E'),(9390,'45','edcacdh','V'),(9391,'45','edbjhdf','V'),(9392,'45','edbjhdg','L'),(9393,'45','edbjhdh','E'),(9394,'45','edbjhdi','E'),(9395,'45','edbjhdj','E'),(9396,'45','edbjhea','V'),(9397,'45','edbjheb','V'),(9398,'45','edbjhec','E'),(9399,'45','edbjhed','V'),(9400,'45','edbjhee','L'),(9401,'45','edbjhef','V'),(9402,'45','edbjheg','L'),(9403,'45','edbjheh','V'),(9404,'45','edcacde','V'),(9405,'45','edcacdf','L'),(9406,'45','edbjhcc','V'),(9407,'45','edbjhcd','L'),(9408,'45','edbjhce','V'),(9409,'45','edbjhcf','V'),(9410,'45','edbjhcg','E'),(9411,'45','edbjhch','E'),(9412,'45','edbjhci','V'),(9413,'45','edbjhcj','V'),(9414,'45','edbjhda','V'),(9415,'45','edbjhdb','L'),(9416,'45','edbjhdc','V'),(9417,'45','edbjhdd','V'),(9418,'45','edbjhde','V'),(9419,'45','edcacdc','E'),(9420,'45','edcacdd','E'),(9421,'45','edbjhaj','L'),(9422,'45','edbjhba','E'),(9423,'45','edbjhbb','E'),(9424,'45','edbjhbc','L'),(9425,'45','edbjhbd','L'),(9426,'45','edbjhbe','L'),(9427,'45','edbjhbf','L'),(9428,'45','edbjhbg','E'),(9429,'45','edbjhbh','L'),(9430,'45','edbjhbi','E'),(9431,'45','edbjhbj','E'),(9432,'45','edbjhca','E'),(9433,'45','edbjhcb','L'),(9434,'45','edcacda','E'),(9435,'45','edcacdb','V'),(9436,'45','edbjgjg','L'),(9437,'45','edbjgjh','E'),(9438,'45','edbjgji','E'),(9439,'45','edbjgjj','E'),(9440,'45','edbjhaa','L'),(9441,'45','edbjhab','E'),(9442,'45','edbjhac','L'),(9443,'45','edbjhad','E'),(9444,'45','edbjhae','E'),(9445,'45','edbjhaf','L'),(9446,'45','edbjhag','E'),(9447,'45','edbjhah','E'),(9448,'45','edbjhai','L'),(9449,'45','edcacci','V'),(9450,'45','edcaccj','E'),(9451,'46','edbjigf','V'),(9452,'46','edbjigg','L'),(9453,'46','edbjigh','L'),(9454,'46','edbjigi','V'),(9455,'46','edbjigj','L'),(9456,'46','edbjiha','E'),(9457,'46','edbjihb','E'),(9458,'46','edbjihc','V'),(9459,'46','edbjihd','E'),(9460,'46','edbjihe','V'),(9461,'46','edbjihf','V'),(9462,'46','edbjihg','V'),(9463,'46','edbjihh','E'),(9464,'46','edcabjh','L'),(9465,'46','edcabji','L'),(9466,'46','edbjifc','L'),(9467,'46','edbjifd','E'),(9468,'46','edbjife','E'),(9469,'46','edbjiff','L'),(9470,'46','edbjifg','V'),(9471,'46','edbjifh','E'),(9472,'46','edbjifi','E'),(9473,'46','edbjifj','V'),(9474,'46','edbjiga','E'),(9475,'46','edbjigb','L'),(9476,'46','edbjigc','V'),(9477,'46','edbjigd','E'),(9478,'46','edbjige','L'),(9479,'46','edcabjg','E'),(9480,'46','edcabjj','E'),(9481,'46','edbjidi','L'),(9482,'46','edbjiea','L'),(9483,'46','edbjieb','V'),(9484,'46','edbjiec','V'),(9485,'46','edbjied','L'),(9486,'46','edbjiee','L'),(9487,'46','edbjief','E'),(9488,'46','edbjieg','E'),(9489,'46','edbjieh','E'),(9490,'46','edbjiei','E'),(9491,'46','edbjiej','E'),(9492,'46','edbjifa','L'),(9493,'46','edbjifb','E'),(9494,'46','edcacfa','V'),(9495,'46','edcacfb','V'),(9496,'46','edbjicg','E'),(9497,'46','edbjich','L'),(9498,'46','edbjici','E'),(9499,'46','edbjicj','E'),(9500,'46','edbjida','E'),(9501,'46','edbjidb','E'),(9502,'46','edbjidc','E'),(9503,'46','edbjidd','V'),(9504,'46','edbjide','L'),(9505,'46','edbjidf','V'),(9506,'46','edbjidg','V'),(9507,'46','edbjidh','E'),(9508,'46','edbjidj','L'),(9509,'46','edcacei','E'),(9510,'46','edcacej','V'),(9511,'46','edbjibd','L'),(9512,'46','edbjibe','V'),(9513,'46','edbjibf','L'),(9514,'46','edbjibg','E'),(9515,'46','edbjibh','E'),(9516,'46','edbjibi','E'),(9517,'46','edbjibj','E'),(9518,'46','edbjica','L'),(9519,'46','edbjicb','L'),(9520,'46','edbjicc','V'),(9521,'46','edbjicd','L'),(9522,'46','edbjice','V'),(9523,'46','edbjicf','E'),(9524,'46','edcaceg','V'),(9525,'46','edcaceh','E'),(9526,'46','edbjiaa','E'),(9527,'46','edbjiab','E'),(9528,'46','edbjiac','L'),(9529,'46','edbjiad','E'),(9530,'46','edbjiae','E'),(9531,'46','edbjiaf','L'),(9532,'46','edbjiag','E'),(9533,'46','edbjiah','V'),(9534,'46','edbjiai','E'),(9535,'46','edbjiaj','V'),(9536,'46','edbjiba','V'),(9537,'46','edbjibb','V'),(9538,'46','edbjibc','E'),(9539,'46','edcacee','E'),(9540,'46','edcacef','L'),(9541,'46','edbjhih','L'),(9542,'46','edbjhii','L'),(9543,'46','edbjhij','V'),(9544,'46','edbjhja','V'),(9545,'46','edbjhjb','V'),(9546,'46','edbjhjc','E'),(9547,'46','edbjhjd','L'),(9548,'46','edbjhje','E'),(9549,'46','edbjhjf','V'),(9550,'46','edbjhjg','L'),(9551,'46','edbjhjh','L'),(9552,'46','edbjhji','E'),(9553,'46','edbjhjj','V'),(9554,'46','edcacec','V'),(9555,'46','edcaced','E'),(9556,'46','edbjhhe','V'),(9557,'46','edbjhhf','V'),(9558,'46','edbjhhg','L'),(9559,'46','edbjhhh','L'),(9560,'46','edbjhhi','L'),(9561,'46','edbjhhj','L'),(9562,'46','edbjhia','E'),(9563,'46','edbjhib','L'),(9564,'46','edbjhic','E'),(9565,'46','edbjhid','V'),(9566,'46','edbjhie','E'),(9567,'46','edbjhif','L'),(9568,'46','edbjhig','V'),(9569,'46','edcacea','V'),(9570,'46','edcaceb','L'),(9571,'46','edbjhgb','L'),(9572,'46','edbjhgc','V'),(9573,'46','edbjhgd','L'),(9574,'46','edbjhge','L'),(9575,'46','edbjhgf','V'),(9576,'46','edbjhgg','V'),(9577,'46','edbjhgh','L'),(9578,'46','edbjhgi','V'),(9579,'46','edbjhgj','L'),(9580,'46','edbjhha','L'),(9581,'46','edbjhhb','L'),(9582,'46','edbjhhc','E'),(9583,'46','edbjhhd','E'),(9584,'46','edcacdi','V'),(9585,'46','edcacdj','V'),(9586,'46','edbjhei','E'),(9587,'46','edbjhej','E'),(9588,'46','edbjhfa','V'),(9589,'46','edbjhfb','E'),(9590,'46','edbjhfc','E'),(9591,'46','edbjhfd','V'),(9592,'46','edbjhfe','V'),(9593,'46','edbjhff','L'),(9594,'46','edbjhfg','L'),(9595,'46','edbjhfh','V'),(9596,'46','edbjhfi','L'),(9597,'46','edbjhfj','E'),(9598,'46','edbjhga','L'),(9599,'46','edcacdg','V'),(9600,'46','edcacdh','V'),(9601,'46','edbjhdf','V'),(9602,'46','edbjhdg','V'),(9603,'46','edbjhdh','V'),(9604,'46','edbjhdi','E'),(9605,'46','edbjhdj','V'),(9606,'46','edbjhea','E'),(9607,'46','edbjheb','E'),(9608,'46','edbjhec','L'),(9609,'46','edbjhed','V'),(9610,'46','edbjhee','L'),(9611,'46','edbjhef','L'),(9612,'46','edbjheg','L'),(9613,'46','edbjheh','L'),(9614,'46','edcacde','E'),(9615,'46','edcacdf','L'),(9616,'46','edbjhcc','L'),(9617,'46','edbjhcd','L'),(9618,'46','edbjhce','V'),(9619,'46','edbjhcf','E'),(9620,'46','edbjhcg','V'),(9621,'46','edbjhch','E'),(9622,'46','edbjhci','V'),(9623,'46','edbjhcj','L'),(9624,'46','edbjhda','V'),(9625,'46','edbjhdb','E'),(9626,'46','edbjhdc','V'),(9627,'46','edbjhdd','E'),(9628,'46','edbjhde','L'),(9629,'46','edcacdc','V'),(9630,'46','edcacdd','E'),(9631,'46','edbjhaj','V'),(9632,'46','edbjhba','L'),(9633,'46','edbjhbb','L'),(9634,'46','edbjhbc','V'),(9635,'46','edbjhbd','E'),(9636,'46','edbjhbe','V'),(9637,'46','edbjhbf','E'),(9638,'46','edbjhbg','L'),(9639,'46','edbjhbh','L'),(9640,'46','edbjhbi','E'),(9641,'46','edbjhbj','L'),(9642,'46','edbjhca','E'),(9643,'46','edbjhcb','E'),(9644,'46','edcacda','L'),(9645,'46','edcacdb','E'),(9646,'46','edbjgjg','L'),(9647,'46','edbjgjh','L'),(9648,'46','edbjgji','L'),(9649,'46','edbjgjj','E'),(9650,'46','edbjhaa','L'),(9651,'46','edbjhab','V'),(9652,'46','edbjhac','E'),(9653,'46','edbjhad','E'),(9654,'46','edbjhae','L'),(9655,'46','edbjhaf','V'),(9656,'46','edbjhag','V'),(9657,'46','edbjhah','V'),(9658,'46','edbjhai','V'),(9659,'46','edcacci','V'),(9660,'46','edcaccj','L'),(9661,'47','edbjigf','V'),(9662,'47','edbjigg','E'),(9663,'47','edbjigh','L'),(9664,'47','edbjigi','V'),(9665,'47','edbjigj','E'),(9666,'47','edbjiha','E'),(9667,'47','edbjihb','E'),(9668,'47','edbjihc','V'),(9669,'47','edbjihd','L'),(9670,'47','edbjihe','L'),(9671,'47','edbjihf','V'),(9672,'47','edbjihg','V'),(9673,'47','edbjihh','E'),(9674,'47','edcabjh','L'),(9675,'47','edcabji','V'),(9676,'47','edbjifc','V'),(9677,'47','edbjifd','L'),(9678,'47','edbjife','V'),(9679,'47','edbjiff','E'),(9680,'47','edbjifg','E'),(9681,'47','edbjifh','V'),(9682,'47','edbjifi','E'),(9683,'47','edbjifj','V'),(9684,'47','edbjiga','E'),(9685,'47','edbjigb','L'),(9686,'47','edbjigc','E'),(9687,'47','edbjigd','L'),(9688,'47','edbjige','V'),(9689,'47','edcabjg','L'),(9690,'47','edcabjj','V'),(9691,'47','edbjidi','E'),(9692,'47','edbjiea','V'),(9693,'47','edbjieb','E'),(9694,'47','edbjiec','E'),(9695,'47','edbjied','E'),(9696,'47','edbjiee','L'),(9697,'47','edbjief','V'),(9698,'47','edbjieg','V'),(9699,'47','edbjieh','V'),(9700,'47','edbjiei','L'),(9701,'47','edbjiej','V'),(9702,'47','edbjifa','E'),(9703,'47','edbjifb','L'),(9704,'47','edcacfa','E'),(9705,'47','edcacfb','V'),(9706,'47','edbjicg','V'),(9707,'47','edbjich','V'),(9708,'47','edbjici','V'),(9709,'47','edbjicj','E'),(9710,'47','edbjida','V'),(9711,'47','edbjidb','E'),(9712,'47','edbjidc','L'),(9713,'47','edbjidd','E'),(9714,'47','edbjide','V'),(9715,'47','edbjidf','V'),(9716,'47','edbjidg','V'),(9717,'47','edbjidh','E'),(9718,'47','edbjidj','L'),(9719,'47','edcacei','L'),(9720,'47','edcacej','V'),(9721,'47','edbjibd','E'),(9722,'47','edbjibe','V'),(9723,'47','edbjibf','E'),(9724,'47','edbjibg','V'),(9725,'47','edbjibh','V'),(9726,'47','edbjibi','V'),(9727,'47','edbjibj','V'),(9728,'47','edbjica','V'),(9729,'47','edbjicb','L'),(9730,'47','edbjicc','V'),(9731,'47','edbjicd','E'),(9732,'47','edbjice','L'),(9733,'47','edbjicf','V'),(9734,'47','edcaceg','V'),(9735,'47','edcaceh','L'),(9736,'47','edbjiaa','L'),(9737,'47','edbjiab','L'),(9738,'47','edbjiac','E'),(9739,'47','edbjiad','E'),(9740,'47','edbjiae','L'),(9741,'47','edbjiaf','L'),(9742,'47','edbjiag','L'),(9743,'47','edbjiah','V'),(9744,'47','edbjiai','E'),(9745,'47','edbjiaj','E'),(9746,'47','edbjiba','E'),(9747,'47','edbjibb','V'),(9748,'47','edbjibc','L'),(9749,'47','edcacee','L'),(9750,'47','edcacef','E'),(9751,'47','edbjhih','E'),(9752,'47','edbjhii','E'),(9753,'47','edbjhij','E'),(9754,'47','edbjhja','E'),(9755,'47','edbjhjb','L'),(9756,'47','edbjhjc','L'),(9757,'47','edbjhjd','E'),(9758,'47','edbjhje','L'),(9759,'47','edbjhjf','E'),(9760,'47','edbjhjg','V'),(9761,'47','edbjhjh','L'),(9762,'47','edbjhji','E'),(9763,'47','edbjhjj','V'),(9764,'47','edcacec','V'),(9765,'47','edcaced','L'),(9766,'47','edbjhhe','V'),(9767,'47','edbjhhf','E'),(9768,'47','edbjhhg','V'),(9769,'47','edbjhhh','L'),(9770,'47','edbjhhi','V'),(9771,'47','edbjhhj','V'),(9772,'47','edbjhia','E'),(9773,'47','edbjhib','L'),(9774,'47','edbjhic','L'),(9775,'47','edbjhid','E'),(9776,'47','edbjhie','L'),(9777,'47','edbjhif','V'),(9778,'47','edbjhig','E'),(9779,'47','edcacea','V'),(9780,'47','edcaceb','V'),(9781,'47','edbjhgb','E'),(9782,'47','edbjhgc','V'),(9783,'47','edbjhgd','L'),(9784,'47','edbjhge','E'),(9785,'47','edbjhgf','V'),(9786,'47','edbjhgg','V'),(9787,'47','edbjhgh','E'),(9788,'47','edbjhgi','E'),(9789,'47','edbjhgj','E'),(9790,'47','edbjhha','L'),(9791,'47','edbjhhb','L'),(9792,'47','edbjhhc','E'),(9793,'47','edbjhhd','L'),(9794,'47','edcacdi','V'),(9795,'47','edcacdj','V'),(9796,'47','edbjhei','E'),(9797,'47','edbjhej','V'),(9798,'47','edbjhfa','E'),(9799,'47','edbjhfb','V'),(9800,'47','edbjhfc','E'),(9801,'47','edbjhfd','E'),(9802,'47','edbjhfe','E'),(9803,'47','edbjhff','L'),(9804,'47','edbjhfg','L'),(9805,'47','edbjhfh','E'),(9806,'47','edbjhfi','E'),(9807,'47','edbjhfj','L'),(9808,'47','edbjhga','V'),(9809,'47','edcacdg','V'),(9810,'47','edcacdh','L'),(9811,'47','edbjhdf','E'),(9812,'47','edbjhdg','L'),(9813,'47','edbjhdh','L'),(9814,'47','edbjhdi','E'),(9815,'47','edbjhdj','V'),(9816,'47','edbjhea','L'),(9817,'47','edbjheb','E'),(9818,'47','edbjhec','E'),(9819,'47','edbjhed','V'),(9820,'47','edbjhee','L'),(9821,'47','edbjhef','V'),(9822,'47','edbjheg','L'),(9823,'47','edbjheh','E'),(9824,'47','edcacde','L'),(9825,'47','edcacdf','L'),(9826,'47','edbjhcc','E'),(9827,'47','edbjhcd','V'),(9828,'47','edbjhce','E'),(9829,'47','edbjhcf','E'),(9830,'47','edbjhcg','E'),(9831,'47','edbjhch','L'),(9832,'47','edbjhci','L'),(9833,'47','edbjhcj','E'),(9834,'47','edbjhda','E'),(9835,'47','edbjhdb','L'),(9836,'47','edbjhdc','L'),(9837,'47','edbjhdd','E'),(9838,'47','edbjhde','L'),(9839,'47','edcacdc','V'),(9840,'47','edcacdd','L'),(9841,'47','edbjhaj','E'),(9842,'47','edbjhba','L'),(9843,'47','edbjhbb','E'),(9844,'47','edbjhbc','E'),(9845,'47','edbjhbd','V'),(9846,'47','edbjhbe','L'),(9847,'47','edbjhbf','E'),(9848,'47','edbjhbg','L'),(9849,'47','edbjhbh','L'),(9850,'47','edbjhbi','V'),(9851,'47','edbjhbj','E'),(9852,'47','edbjhca','V'),(9853,'47','edbjhcb','L'),(9854,'47','edcacda','E'),(9855,'47','edcacdb','L'),(9856,'47','edbjgjg','E'),(9857,'47','edbjgjh','E'),(9858,'47','edbjgji','E'),(9859,'47','edbjgjj','V'),(9860,'47','edbjhaa','E'),(9861,'47','edbjhab','E'),(9862,'47','edbjhac','L'),(9863,'47','edbjhad','L'),(9864,'47','edbjhae','V'),(9865,'47','edbjhaf','L'),(9866,'47','edbjhag','V'),(9867,'47','edbjhah','E'),(9868,'47','edbjhai','E'),(9869,'47','edcacci','L'),(9870,'47','edcaccj','E'),(9871,'48','edbjigf','V'),(9872,'48','edbjigg','V'),(9873,'48','edbjigh','L'),(9874,'48','edbjigi','E'),(9875,'48','edbjigj','E'),(9876,'48','edbjiha','L'),(9877,'48','edbjihb','L'),(9878,'48','edbjihc','L'),(9879,'48','edbjihd','E'),(9880,'48','edbjihe','V'),(9881,'48','edbjihf','L'),(9882,'48','edbjihg','L'),(9883,'48','edbjihh','E'),(9884,'48','edcabjh','V'),(9885,'48','edcabji','V'),(9886,'48','edbjifc','E'),(9887,'48','edbjifd','L'),(9888,'48','edbjife','V'),(9889,'48','edbjiff','V'),(9890,'48','edbjifg','L'),(9891,'48','edbjifh','V'),(9892,'48','edbjifi','L'),(9893,'48','edbjifj','E'),(9894,'48','edbjiga','E'),(9895,'48','edbjigb','V'),(9896,'48','edbjigc','E'),(9897,'48','edbjigd','E'),(9898,'48','edbjige','V'),(9899,'48','edcabjg','E'),(9900,'48','edcabjj','L'),(9901,'48','edbjidi','E'),(9902,'48','edbjiea','L'),(9903,'48','edbjieb','L'),(9904,'48','edbjiec','E'),(9905,'48','edbjied','L'),(9906,'48','edbjiee','E'),(9907,'48','edbjief','L'),(9908,'48','edbjieg','E'),(9909,'48','edbjieh','V'),(9910,'48','edbjiei','V'),(9911,'48','edbjiej','V'),(9912,'48','edbjifa','L'),(9913,'48','edbjifb','L'),(9914,'48','edcacfa','E'),(9915,'48','edcacfb','V'),(9916,'48','edbjicg','V'),(9917,'48','edbjich','V'),(9918,'48','edbjici','L'),(9919,'48','edbjicj','V'),(9920,'48','edbjida','L'),(9921,'48','edbjidb','V'),(9922,'48','edbjidc','V'),(9923,'48','edbjidd','V'),(9924,'48','edbjide','L'),(9925,'48','edbjidf','V'),(9926,'48','edbjidg','V'),(9927,'48','edbjidh','V'),(9928,'48','edbjidj','V'),(9929,'48','edcacei','L'),(9930,'48','edcacej','L'),(9931,'48','edbjibd','V'),(9932,'48','edbjibe','L'),(9933,'48','edbjibf','V'),(9934,'48','edbjibg','E'),(9935,'48','edbjibh','V'),(9936,'48','edbjibi','V'),(9937,'48','edbjibj','L'),(9938,'48','edbjica','L'),(9939,'48','edbjicb','V'),(9940,'48','edbjicc','L'),(9941,'48','edbjicd','V'),(9942,'48','edbjice','L'),(9943,'48','edbjicf','V'),(9944,'48','edcaceg','E'),(9945,'48','edcaceh','V'),(9946,'48','edbjiaa','V'),(9947,'48','edbjiab','L'),(9948,'48','edbjiac','V'),(9949,'48','edbjiad','L'),(9950,'48','edbjiae','L'),(9951,'48','edbjiaf','V'),(9952,'48','edbjiag','V'),(9953,'48','edbjiah','L'),(9954,'48','edbjiai','L'),(9955,'48','edbjiaj','L'),(9956,'48','edbjiba','V'),(9957,'48','edbjibb','L'),(9958,'48','edbjibc','E'),(9959,'48','edcacee','L'),(9960,'48','edcacef','V'),(9961,'48','edbjhih','V'),(9962,'48','edbjhii','E'),(9963,'48','edbjhij','L'),(9964,'48','edbjhja','E'),(9965,'48','edbjhjb','L'),(9966,'48','edbjhjc','V'),(9967,'48','edbjhjd','E'),(9968,'48','edbjhje','V'),(9969,'48','edbjhjf','E'),(9970,'48','edbjhjg','L'),(9971,'48','edbjhjh','E'),(9972,'48','edbjhji','E'),(9973,'48','edbjhjj','V'),(9974,'48','edcacec','V'),(9975,'48','edcaced','L'),(9976,'48','edbjhhe','E'),(9977,'48','edbjhhf','V'),(9978,'48','edbjhhg','L'),(9979,'48','edbjhhh','L'),(9980,'48','edbjhhi','L'),(9981,'48','edbjhhj','E'),(9982,'48','edbjhia','L'),(9983,'48','edbjhib','V'),(9984,'48','edbjhic','L'),(9985,'48','edbjhid','L'),(9986,'48','edbjhie','E'),(9987,'48','edbjhif','L'),(9988,'48','edbjhig','V'),(9989,'48','edcacea','L'),(9990,'48','edcaceb','L'),(9991,'48','edbjhgb','V'),(9992,'48','edbjhgc','L'),(9993,'48','edbjhgd','L'),(9994,'48','edbjhge','E'),(9995,'48','edbjhgf','E'),(9996,'48','edbjhgg','V'),(9997,'48','edbjhgh','E'),(9998,'48','edbjhgi','E'),(9999,'48','edbjhgj','L'),(10000,'48','edbjhha','E'),(10001,'48','edbjhhb','L'),(10002,'48','edbjhhc','E'),(10003,'48','edbjhhd','E'),(10004,'48','edcacdi','L'),(10005,'48','edcacdj','E'),(10006,'48','edbjhei','E'),(10007,'48','edbjhej','V'),(10008,'48','edbjhfa','E'),(10009,'48','edbjhfb','L'),(10010,'48','edbjhfc','V'),(10011,'48','edbjhfd','E'),(10012,'48','edbjhfe','L'),(10013,'48','edbjhff','L'),(10014,'48','edbjhfg','E'),(10015,'48','edbjhfh','E'),(10016,'48','edbjhfi','V'),(10017,'48','edbjhfj','L'),(10018,'48','edbjhga','E'),(10019,'48','edcacdg','V'),(10020,'48','edcacdh','L'),(10021,'48','edbjhdf','E'),(10022,'48','edbjhdg','E'),(10023,'48','edbjhdh','V'),(10024,'48','edbjhdi','L'),(10025,'48','edbjhdj','E'),(10026,'48','edbjhea','E'),(10027,'48','edbjheb','L'),(10028,'48','edbjhec','E'),(10029,'48','edbjhed','V'),(10030,'48','edbjhee','V'),(10031,'48','edbjhef','V'),(10032,'48','edbjheg','V'),(10033,'48','edbjheh','L'),(10034,'48','edcacde','V'),(10035,'48','edcacdf','V'),(10036,'48','edbjhcc','L'),(10037,'48','edbjhcd','E'),(10038,'48','edbjhce','E'),(10039,'48','edbjhcf','L'),(10040,'48','edbjhcg','L'),(10041,'48','edbjhch','L'),(10042,'48','edbjhci','V'),(10043,'48','edbjhcj','L'),(10044,'48','edbjhda','L'),(10045,'48','edbjhdb','L'),(10046,'48','edbjhdc','L'),(10047,'48','edbjhdd','V'),(10048,'48','edbjhde','V'),(10049,'48','edcacdc','E'),(10050,'48','edcacdd','L'),(10051,'48','edbjhaj','V'),(10052,'48','edbjhba','V'),(10053,'48','edbjhbb','V'),(10054,'48','edbjhbc','V'),(10055,'48','edbjhbd','L'),(10056,'48','edbjhbe','E'),(10057,'48','edbjhbf','V'),(10058,'48','edbjhbg','L'),(10059,'48','edbjhbh','L'),(10060,'48','edbjhbi','L'),(10061,'48','edbjhbj','L'),(10062,'48','edbjhca','L'),(10063,'48','edbjhcb','L'),(10064,'48','edcacda','V'),(10065,'48','edcacdb','E'),(10066,'48','edbjgjg','V'),(10067,'48','edbjgjh','V'),(10068,'48','edbjgji','E'),(10069,'48','edbjgjj','E'),(10070,'48','edbjhaa','V'),(10071,'48','edbjhab','E'),(10072,'48','edbjhac','L'),(10073,'48','edbjhad','L'),(10074,'48','edbjhae','E'),(10075,'48','edbjhaf','V'),(10076,'48','edbjhag','V'),(10077,'48','edbjhah','E'),(10078,'48','edbjhai','E'),(10079,'48','edcacci','L'),(10080,'48','edcaccj','L'),(10081,'49','edbjigf','L'),(10082,'49','edbjigg','V'),(10083,'49','edbjigh','V'),(10084,'49','edbjigi','V'),(10085,'49','edbjigj','E'),(10086,'49','edbjiha','V'),(10087,'49','edbjihb','V'),(10088,'49','edbjihc','L'),(10089,'49','edbjihd','L'),(10090,'49','edbjihe','L'),(10091,'49','edbjihf','L'),(10092,'49','edbjihg','V'),(10093,'49','edbjihh','E'),(10094,'49','edcabjh','L'),(10095,'49','edcabji','V'),(10096,'49','edbjifc','V'),(10097,'49','edbjifd','L'),(10098,'49','edbjife','E'),(10099,'49','edbjiff','L'),(10100,'49','edbjifg','E'),(10101,'49','edbjifh','E'),(10102,'49','edbjifi','E'),(10103,'49','edbjifj','L'),(10104,'49','edbjiga','L'),(10105,'49','edbjigb','V'),(10106,'49','edbjigc','V'),(10107,'49','edbjigd','V'),(10108,'49','edbjige','E'),(10109,'49','edcabjg','V'),(10110,'49','edcabjj','L'),(10111,'49','edbjidi','L'),(10112,'49','edbjiea','V'),(10113,'49','edbjieb','V'),(10114,'49','edbjiec','E'),(10115,'49','edbjied','E'),(10116,'49','edbjiee','L'),(10117,'49','edbjief','V'),(10118,'49','edbjieg','V'),(10119,'49','edbjieh','L'),(10120,'49','edbjiei','V'),(10121,'49','edbjiej','E'),(10122,'49','edbjifa','V'),(10123,'49','edbjifb','V'),(10124,'49','edcacfa','V'),(10125,'49','edcacfb','V'),(10126,'49','edbjicg','E'),(10127,'49','edbjich','V'),(10128,'49','edbjici','E'),(10129,'49','edbjicj','L'),(10130,'49','edbjida','V'),(10131,'49','edbjidb','V'),(10132,'49','edbjidc','V'),(10133,'49','edbjidd','L'),(10134,'49','edbjide','E'),(10135,'49','edbjidf','E'),(10136,'49','edbjidg','V'),(10137,'49','edbjidh','V'),(10138,'49','edbjidj','E'),(10139,'49','edcacei','L'),(10140,'49','edcacej','L'),(10141,'49','edbjibd','E'),(10142,'49','edbjibe','L'),(10143,'49','edbjibf','E'),(10144,'49','edbjibg','E'),(10145,'49','edbjibh','L'),(10146,'49','edbjibi','L'),(10147,'49','edbjibj','L'),(10148,'49','edbjica','L'),(10149,'49','edbjicb','L'),(10150,'49','edbjicc','L'),(10151,'49','edbjicd','E'),(10152,'49','edbjice','L'),(10153,'49','edbjicf','V'),(10154,'49','edcaceg','V'),(10155,'49','edcaceh','L'),(10156,'49','edbjiaa','L'),(10157,'49','edbjiab','E'),(10158,'49','edbjiac','E'),(10159,'49','edbjiad','E'),(10160,'49','edbjiae','V'),(10161,'49','edbjiaf','E'),(10162,'49','edbjiag','L'),(10163,'49','edbjiah','E'),(10164,'49','edbjiai','L'),(10165,'49','edbjiaj','E'),(10166,'49','edbjiba','E'),(10167,'49','edbjibb','E'),(10168,'49','edbjibc','L'),(10169,'49','edcacee','L'),(10170,'49','edcacef','V'),(10171,'49','edbjhih','L'),(10172,'49','edbjhii','L'),(10173,'49','edbjhij','V'),(10174,'49','edbjhja','V'),(10175,'49','edbjhjb','L'),(10176,'49','edbjhjc','E'),(10177,'49','edbjhjd','E'),(10178,'49','edbjhje','L'),(10179,'49','edbjhjf','E'),(10180,'49','edbjhjg','L'),(10181,'49','edbjhjh','V'),(10182,'49','edbjhji','V'),(10183,'49','edbjhjj','L'),(10184,'49','edcacec','V'),(10185,'49','edcaced','L'),(10186,'49','edbjhhe','V'),(10187,'49','edbjhhf','E'),(10188,'49','edbjhhg','L'),(10189,'49','edbjhhh','E'),(10190,'49','edbjhhi','V'),(10191,'49','edbjhhj','V'),(10192,'49','edbjhia','E'),(10193,'49','edbjhib','L'),(10194,'49','edbjhic','E'),(10195,'49','edbjhid','V'),(10196,'49','edbjhie','V'),(10197,'49','edbjhif','E'),(10198,'49','edbjhig','L'),(10199,'49','edcacea','E'),(10200,'49','edcaceb','L'),(10201,'49','edbjhgb','L'),(10202,'49','edbjhgc','V'),(10203,'49','edbjhgd','V'),(10204,'49','edbjhge','V'),(10205,'49','edbjhgf','E'),(10206,'49','edbjhgg','V'),(10207,'49','edbjhgh','V'),(10208,'49','edbjhgi','E'),(10209,'49','edbjhgj','E'),(10210,'49','edbjhha','L'),(10211,'49','edbjhhb','V'),(10212,'49','edbjhhc','E'),(10213,'49','edbjhhd','E'),(10214,'49','edcacdi','V'),(10215,'49','edcacdj','V'),(10216,'49','edbjhei','L'),(10217,'49','edbjhej','V'),(10218,'49','edbjhfa','E'),(10219,'49','edbjhfb','L'),(10220,'49','edbjhfc','E'),(10221,'49','edbjhfd','E'),(10222,'49','edbjhfe','L'),(10223,'49','edbjhff','L'),(10224,'49','edbjhfg','V'),(10225,'49','edbjhfh','E'),(10226,'49','edbjhfi','L'),(10227,'49','edbjhfj','E'),(10228,'49','edbjhga','E'),(10229,'49','edcacdg','V'),(10230,'49','edcacdh','E'),(10231,'49','edbjhdf','L'),(10232,'49','edbjhdg','V'),(10233,'49','edbjhdh','E'),(10234,'49','edbjhdi','L'),(10235,'49','edbjhdj','E'),(10236,'49','edbjhea','V'),(10237,'49','edbjheb','E'),(10238,'49','edbjhec','V'),(10239,'49','edbjhed','E'),(10240,'49','edbjhee','V'),(10241,'49','edbjhef','L'),(10242,'49','edbjheg','L'),(10243,'49','edbjheh','V'),(10244,'49','edcacde','E'),(10245,'49','edcacdf','E'),(10246,'49','edbjhcc','E'),(10247,'49','edbjhcd','L'),(10248,'49','edbjhce','L'),(10249,'49','edbjhcf','E'),(10250,'49','edbjhcg','V'),(10251,'49','edbjhch','L'),(10252,'49','edbjhci','V'),(10253,'49','edbjhcj','V'),(10254,'49','edbjhda','E'),(10255,'49','edbjhdb','L'),(10256,'49','edbjhdc','V'),(10257,'49','edbjhdd','L'),(10258,'49','edbjhde','L'),(10259,'49','edcacdc','E'),(10260,'49','edcacdd','L'),(10261,'49','edbjhaj','V'),(10262,'49','edbjhba','E'),(10263,'49','edbjhbb','L'),(10264,'49','edbjhbc','L'),(10265,'49','edbjhbd','E'),(10266,'49','edbjhbe','L'),(10267,'49','edbjhbf','E'),(10268,'49','edbjhbg','V'),(10269,'49','edbjhbh','E'),(10270,'49','edbjhbi','V'),(10271,'49','edbjhbj','L'),(10272,'49','edbjhca','E'),(10273,'49','edbjhcb','V'),(10274,'49','edcacda','L'),(10275,'49','edcacdb','L'),(10276,'49','edbjgjg','V'),(10277,'49','edbjgjh','E'),(10278,'49','edbjgji','V'),(10279,'49','edbjgjj','L'),(10280,'49','edbjhaa','E'),(10281,'49','edbjhab','E'),(10282,'49','edbjhac','L'),(10283,'49','edbjhad','L'),(10284,'49','edbjhae','V'),(10285,'49','edbjhaf','E'),(10286,'49','edbjhag','L'),(10287,'49','edbjhah','E'),(10288,'49','edbjhai','V'),(10289,'49','edcacci','V'),(10290,'49','edcaccj','E'),(10291,'50','edbjigf','L'),(10292,'50','edbjigg','L'),(10293,'50','edbjigh','L'),(10294,'50','edbjigi','L'),(10295,'50','edbjigj','V'),(10296,'50','edbjiha','E'),(10297,'50','edbjihb','E'),(10298,'50','edbjihc','L'),(10299,'50','edbjihd','L'),(10300,'50','edbjihe','V'),(10301,'50','edbjihf','V'),(10302,'50','edbjihg','V'),(10303,'50','edbjihh','V'),(10304,'50','edcabjh','L'),(10305,'50','edcabji','V'),(10306,'50','edbjifc','E'),(10307,'50','edbjifd','E'),(10308,'50','edbjife','V'),(10309,'50','edbjiff','L'),(10310,'50','edbjifg','V'),(10311,'50','edbjifh','E'),(10312,'50','edbjifi','L'),(10313,'50','edbjifj','L'),(10314,'50','edbjiga','V'),(10315,'50','edbjigb','L'),(10316,'50','edbjigc','E'),(10317,'50','edbjigd','L'),(10318,'50','edbjige','V'),(10319,'50','edcabjg','V'),(10320,'50','edcabjj','E'),(10321,'50','edbjidi','L'),(10322,'50','edbjiea','V'),(10323,'50','edbjieb','V'),(10324,'50','edbjiec','E'),(10325,'50','edbjied','V'),(10326,'50','edbjiee','V'),(10327,'50','edbjief','L'),(10328,'50','edbjieg','L'),(10329,'50','edbjieh','E'),(10330,'50','edbjiei','V'),(10331,'50','edbjiej','L'),(10332,'50','edbjifa','E'),(10333,'50','edbjifb','L'),(10334,'50','edcacfa','E'),(10335,'50','edcacfb','V'),(10336,'50','edbjicg','E'),(10337,'50','edbjich','E'),(10338,'50','edbjici','V'),(10339,'50','edbjicj','V'),(10340,'50','edbjida','E'),(10341,'50','edbjidb','V'),(10342,'50','edbjidc','V'),(10343,'50','edbjidd','V'),(10344,'50','edbjide','L'),(10345,'50','edbjidf','E'),(10346,'50','edbjidg','V'),(10347,'50','edbjidh','V'),(10348,'50','edbjidj','V'),(10349,'50','edcacei','L'),(10350,'50','edcacej','E'),(10351,'50','edbjibd','E'),(10352,'50','edbjibe','V'),(10353,'50','edbjibf','L'),(10354,'50','edbjibg','L'),(10355,'50','edbjibh','V'),(10356,'50','edbjibi','L'),(10357,'50','edbjibj','L'),(10358,'50','edbjica','E'),(10359,'50','edbjicb','V'),(10360,'50','edbjicc','V'),(10361,'50','edbjicd','E'),(10362,'50','edbjice','V'),(10363,'50','edbjicf','L'),(10364,'50','edcaceg','E'),(10365,'50','edcaceh','L'),(10366,'50','edbjiaa','L'),(10367,'50','edbjiab','E'),(10368,'50','edbjiac','V'),(10369,'50','edbjiad','E'),(10370,'50','edbjiae','E'),(10371,'50','edbjiaf','L'),(10372,'50','edbjiag','L'),(10373,'50','edbjiah','L'),(10374,'50','edbjiai','E'),(10375,'50','edbjiaj','E'),(10376,'50','edbjiba','V'),(10377,'50','edbjibb','V'),(10378,'50','edbjibc','V'),(10379,'50','edcacee','L'),(10380,'50','edcacef','L'),(10381,'50','edbjhih','L'),(10382,'50','edbjhii','V'),(10383,'50','edbjhij','E'),(10384,'50','edbjhja','E'),(10385,'50','edbjhjb','L'),(10386,'50','edbjhjc','E'),(10387,'50','edbjhjd','E'),(10388,'50','edbjhje','L'),(10389,'50','edbjhjf','V'),(10390,'50','edbjhjg','L'),(10391,'50','edbjhjh','E'),(10392,'50','edbjhji','E'),(10393,'50','edbjhjj','E'),(10394,'50','edcacec','V'),(10395,'50','edcaced','E'),(10396,'50','edbjhhe','V'),(10397,'50','edbjhhf','E'),(10398,'50','edbjhhg','L'),(10399,'50','edbjhhh','L'),(10400,'50','edbjhhi','V'),(10401,'50','edbjhhj','V'),(10402,'50','edbjhia','L'),(10403,'50','edbjhib','V'),(10404,'50','edbjhic','E'),(10405,'50','edbjhid','L'),(10406,'50','edbjhie','E'),(10407,'50','edbjhif','V'),(10408,'50','edbjhig','L'),(10409,'50','edcacea','V'),(10410,'50','edcaceb','V'),(10411,'50','edbjhgb','V'),(10412,'50','edbjhgc','E'),(10413,'50','edbjhgd','E'),(10414,'50','edbjhge','V'),(10415,'50','edbjhgf','E'),(10416,'50','edbjhgg','E'),(10417,'50','edbjhgh','E'),(10418,'50','edbjhgi','E'),(10419,'50','edbjhgj','E'),(10420,'50','edbjhha','E'),(10421,'50','edbjhhb','E'),(10422,'50','edbjhhc','E'),(10423,'50','edbjhhd','L'),(10424,'50','edcacdi','E'),(10425,'50','edcacdj','E'),(10426,'50','edbjhei','V'),(10427,'50','edbjhej','L'),(10428,'50','edbjhfa','E'),(10429,'50','edbjhfb','L'),(10430,'50','edbjhfc','E'),(10431,'50','edbjhfd','E'),(10432,'50','edbjhfe','V'),(10433,'50','edbjhff','V'),(10434,'50','edbjhfg','E'),(10435,'50','edbjhfh','V'),(10436,'50','edbjhfi','E'),(10437,'50','edbjhfj','L'),(10438,'50','edbjhga','E'),(10439,'50','edcacdg','V'),(10440,'50','edcacdh','E'),(10441,'50','edbjhdf','L'),(10442,'50','edbjhdg','E'),(10443,'50','edbjhdh','E'),(10444,'50','edbjhdi','E'),(10445,'50','edbjhdj','E'),(10446,'50','edbjhea','V'),(10447,'50','edbjheb','E'),(10448,'50','edbjhec','E'),(10449,'50','edbjhed','E'),(10450,'50','edbjhee','E'),(10451,'50','edbjhef','E'),(10452,'50','edbjheg','E'),(10453,'50','edbjheh','V'),(10454,'50','edcacde','E'),(10455,'50','edcacdf','V'),(10456,'50','edbjhcc','E'),(10457,'50','edbjhcd','L'),(10458,'50','edbjhce','E'),(10459,'50','edbjhcf','V'),(10460,'50','edbjhcg','E'),(10461,'50','edbjhch','V'),(10462,'50','edbjhci','E'),(10463,'50','edbjhcj','V'),(10464,'50','edbjhda','V'),(10465,'50','edbjhdb','L'),(10466,'50','edbjhdc','E'),(10467,'50','edbjhdd','V'),(10468,'50','edbjhde','L'),(10469,'50','edcacdc','E'),(10470,'50','edcacdd','L'),(10471,'50','edbjhaj','L'),(10472,'50','edbjhba','L'),(10473,'50','edbjhbb','L'),(10474,'50','edbjhbc','E'),(10475,'50','edbjhbd','E'),(10476,'50','edbjhbe','L'),(10477,'50','edbjhbf','E'),(10478,'50','edbjhbg','V'),(10479,'50','edbjhbh','E'),(10480,'50','edbjhbi','V'),(10481,'50','edbjhbj','V'),(10482,'50','edbjhca','V'),(10483,'50','edbjhcb','L'),(10484,'50','edcacda','V'),(10485,'50','edcacdb','E'),(10486,'50','edbjgjg','L'),(10487,'50','edbjgjh','E'),(10488,'50','edbjgji','V'),(10489,'50','edbjgjj','E'),(10490,'50','edbjhaa','E'),(10491,'50','edbjhab','V'),(10492,'50','edbjhac','V'),(10493,'50','edbjhad','V'),(10494,'50','edbjhae','V'),(10495,'50','edbjhaf','L'),(10496,'50','edbjhag','L'),(10497,'50','edbjhah','E'),(10498,'50','edbjhai','V'),(10499,'50','edcacci','V'),(10500,'50','edcaccj','V'),(10501,'51','edbjigf','L'),(10502,'51','edbjigg','L'),(10503,'51','edbjigh','E'),(10504,'51','edbjigi','E'),(10505,'51','edbjigj','V'),(10506,'51','edbjiha','E'),(10507,'51','edbjihb','L'),(10508,'51','edbjihc','E'),(10509,'51','edbjihd','L'),(10510,'51','edbjihe','V'),(10511,'51','edbjihf','V'),(10512,'51','edbjihg','L'),(10513,'51','edbjihh','V'),(10514,'51','edcabjh','L'),(10515,'51','edcabji','E'),(10516,'51','edbjifc','E'),(10517,'51','edbjifd','V'),(10518,'51','edbjife','E'),(10519,'51','edbjiff','L'),(10520,'51','edbjifg','L'),(10521,'51','edbjifh','L'),(10522,'51','edbjifi','L'),(10523,'51','edbjifj','L'),(10524,'51','edbjiga','V'),(10525,'51','edbjigb','E'),(10526,'51','edbjigc','E'),(10527,'51','edbjigd','E'),(10528,'51','edbjige','L'),(10529,'51','edcabjg','E'),(10530,'51','edcabjj','V'),(10531,'51','edbjidi','V'),(10532,'51','edbjiea','V'),(10533,'51','edbjieb','L'),(10534,'51','edbjiec','E'),(10535,'51','edbjied','E'),(10536,'51','edbjiee','V'),(10537,'51','edbjief','V'),(10538,'51','edbjieg','V'),(10539,'51','edbjieh','E'),(10540,'51','edbjiei','E'),(10541,'51','edbjiej','L'),(10542,'51','edbjifa','L'),(10543,'51','edbjifb','L'),(10544,'51','edcacfa','L'),(10545,'51','edcacfb','L'),(10546,'51','edbjicg','E'),(10547,'51','edbjich','L'),(10548,'51','edbjici','V'),(10549,'51','edbjicj','V'),(10550,'51','edbjida','L'),(10551,'51','edbjidb','E'),(10552,'51','edbjidc','V'),(10553,'51','edbjidd','E'),(10554,'51','edbjide','V'),(10555,'51','edbjidf','L'),(10556,'51','edbjidg','L'),(10557,'51','edbjidh','L'),(10558,'51','edbjidj','L'),(10559,'51','edcacei','L'),(10560,'51','edcacej','V'),(10561,'51','edbjibd','L'),(10562,'51','edbjibe','L'),(10563,'51','edbjibf','V'),(10564,'51','edbjibg','L'),(10565,'51','edbjibh','L'),(10566,'51','edbjibi','V'),(10567,'51','edbjibj','L'),(10568,'51','edbjica','L'),(10569,'51','edbjicb','L'),(10570,'51','edbjicc','V'),(10571,'51','edbjicd','L'),(10572,'51','edbjice','L'),(10573,'51','edbjicf','E'),(10574,'51','edcaceg','L'),(10575,'51','edcaceh','V'),(10576,'51','edbjiaa','E'),(10577,'51','edbjiab','E'),(10578,'51','edbjiac','E'),(10579,'51','edbjiad','V'),(10580,'51','edbjiae','L'),(10581,'51','edbjiaf','V'),(10582,'51','edbjiag','E'),(10583,'51','edbjiah','V'),(10584,'51','edbjiai','L'),(10585,'51','edbjiaj','E'),(10586,'51','edbjiba','L'),(10587,'51','edbjibb','E'),(10588,'51','edbjibc','E'),(10589,'51','edcacee','E'),(10590,'51','edcacef','E'),(10591,'51','edbjhih','V'),(10592,'51','edbjhii','V'),(10593,'51','edbjhij','V'),(10594,'51','edbjhja','V'),(10595,'51','edbjhjb','V'),(10596,'51','edbjhjc','L'),(10597,'51','edbjhjd','V'),(10598,'51','edbjhje','E'),(10599,'51','edbjhjf','E'),(10600,'51','edbjhjg','L'),(10601,'51','edbjhjh','V'),(10602,'51','edbjhji','L'),(10603,'51','edbjhjj','E'),(10604,'51','edcacec','E'),(10605,'51','edcaced','L'),(10606,'51','edbjhhe','V'),(10607,'51','edbjhhf','L'),(10608,'51','edbjhhg','E'),(10609,'51','edbjhhh','L'),(10610,'51','edbjhhi','E'),(10611,'51','edbjhhj','E'),(10612,'51','edbjhia','L'),(10613,'51','edbjhib','V'),(10614,'51','edbjhic','V'),(10615,'51','edbjhid','V'),(10616,'51','edbjhie','V'),(10617,'51','edbjhif','L'),(10618,'51','edbjhig','L'),(10619,'51','edcacea','L'),(10620,'51','edcaceb','E'),(10621,'51','edbjhgb','E'),(10622,'51','edbjhgc','E'),(10623,'51','edbjhgd','E'),(10624,'51','edbjhge','E'),(10625,'51','edbjhgf','E'),(10626,'51','edbjhgg','V'),(10627,'51','edbjhgh','L'),(10628,'51','edbjhgi','E'),(10629,'51','edbjhgj','L'),(10630,'51','edbjhha','L'),(10631,'51','edbjhhb','V'),(10632,'51','edbjhhc','L'),(10633,'51','edbjhhd','L'),(10634,'51','edcacdi','L'),(10635,'51','edcacdj','E'),(10636,'51','edbjhei','E'),(10637,'51','edbjhej','L'),(10638,'51','edbjhfa','E'),(10639,'51','edbjhfb','L'),(10640,'51','edbjhfc','L'),(10641,'51','edbjhfd','E'),(10642,'51','edbjhfe','V'),(10643,'51','edbjhff','V'),(10644,'51','edbjhfg','L'),(10645,'51','edbjhfh','L'),(10646,'51','edbjhfi','L'),(10647,'51','edbjhfj','V'),(10648,'51','edbjhga','E'),(10649,'51','edcacdg','E'),(10650,'51','edcacdh','V'),(10651,'51','edbjhdf','L'),(10652,'51','edbjhdg','V'),(10653,'51','edbjhdh','E'),(10654,'51','edbjhdi','E'),(10655,'51','edbjhdj','L'),(10656,'51','edbjhea','E'),(10657,'51','edbjheb','L'),(10658,'51','edbjhec','V'),(10659,'51','edbjhed','E'),(10660,'51','edbjhee','L'),(10661,'51','edbjhef','E'),(10662,'51','edbjheg','V'),(10663,'51','edbjheh','E'),(10664,'51','edcacde','L'),(10665,'51','edcacdf','L'),(10666,'51','edbjhcc','E'),(10667,'51','edbjhcd','V'),(10668,'51','edbjhce','E'),(10669,'51','edbjhcf','E'),(10670,'51','edbjhcg','L'),(10671,'51','edbjhch','V'),(10672,'51','edbjhci','V'),(10673,'51','edbjhcj','E'),(10674,'51','edbjhda','L'),(10675,'51','edbjhdb','L'),(10676,'51','edbjhdc','E'),(10677,'51','edbjhdd','V'),(10678,'51','edbjhde','E'),(10679,'51','edcacdc','L'),(10680,'51','edcacdd','L'),(10681,'51','edbjhaj','V'),(10682,'51','edbjhba','E'),(10683,'51','edbjhbb','E'),(10684,'51','edbjhbc','L'),(10685,'51','edbjhbd','L'),(10686,'51','edbjhbe','V'),(10687,'51','edbjhbf','V'),(10688,'51','edbjhbg','E'),(10689,'51','edbjhbh','L'),(10690,'51','edbjhbi','L'),(10691,'51','edbjhbj','V'),(10692,'51','edbjhca','V'),(10693,'51','edbjhcb','L'),(10694,'51','edcacda','E'),(10695,'51','edcacdb','V'),(10696,'51','edbjgjg','E'),(10697,'51','edbjgjh','V'),(10698,'51','edbjgji','L'),(10699,'51','edbjgjj','L'),(10700,'51','edbjhaa','L'),(10701,'51','edbjhab','V'),(10702,'51','edbjhac','L'),(10703,'51','edbjhad','V'),(10704,'51','edbjhae','E'),(10705,'51','edbjhaf','L'),(10706,'51','edbjhag','E'),(10707,'51','edbjhah','E'),(10708,'51','edbjhai','L'),(10709,'51','edcacci','V'),(10710,'51','edcaccj','V'),(10711,'52','edbjigf','V'),(10712,'52','edbjigg','V'),(10713,'52','edbjigh','L'),(10714,'52','edbjigi','V'),(10715,'52','edbjigj','V'),(10716,'52','edbjiha','V'),(10717,'52','edbjihb','E'),(10718,'52','edbjihc','V'),(10719,'52','edbjihd','L'),(10720,'52','edbjihe','L'),(10721,'52','edbjihf','E'),(10722,'52','edbjihg','V'),(10723,'52','edbjihh','E'),(10724,'52','edcabjh','L'),(10725,'52','edcabji','V'),(10726,'52','edbjifc','L'),(10727,'52','edbjifd','E'),(10728,'52','edbjife','E'),(10729,'52','edbjiff','L'),(10730,'52','edbjifg','V'),(10731,'52','edbjifh','V'),(10732,'52','edbjifi','E'),(10733,'52','edbjifj','V'),(10734,'52','edbjiga','L'),(10735,'52','edbjigb','V'),(10736,'52','edbjigc','V'),(10737,'52','edbjigd','L'),(10738,'52','edbjige','E'),(10739,'52','edcabjg','E'),(10740,'52','edcabjj','V'),(10741,'52','edbjidi','E'),(10742,'52','edbjiea','V'),(10743,'52','edbjieb','V'),(10744,'52','edbjiec','E'),(10745,'52','edbjied','L'),(10746,'52','edbjiee','L'),(10747,'52','edbjief','V'),(10748,'52','edbjieg','V'),(10749,'52','edbjieh','V'),(10750,'52','edbjiei','L'),(10751,'52','edbjiej','E'),(10752,'52','edbjifa','L'),(10753,'52','edbjifb','E'),(10754,'52','edcacfa','V'),(10755,'52','edcacfb','V'),(10756,'52','edbjicg','E'),(10757,'52','edbjich','V'),(10758,'52','edbjici','L'),(10759,'52','edbjicj','V'),(10760,'52','edbjida','L'),(10761,'52','edbjidb','L'),(10762,'52','edbjidc','E'),(10763,'52','edbjidd','E'),(10764,'52','edbjide','V'),(10765,'52','edbjidf','V'),(10766,'52','edbjidg','L'),(10767,'52','edbjidh','L'),(10768,'52','edbjidj','V'),(10769,'52','edcacei','E'),(10770,'52','edcacej','V'),(10771,'52','edbjibd','E'),(10772,'52','edbjibe','L'),(10773,'52','edbjibf','V'),(10774,'52','edbjibg','E'),(10775,'52','edbjibh','V'),(10776,'52','edbjibi','E'),(10777,'52','edbjibj','V'),(10778,'52','edbjica','L'),(10779,'52','edbjicb','V'),(10780,'52','edbjicc','L'),(10781,'52','edbjicd','E'),(10782,'52','edbjice','L'),(10783,'52','edbjicf','L'),(10784,'52','edcaceg','V'),(10785,'52','edcaceh','L'),(10786,'52','edbjiaa','E'),(10787,'52','edbjiab','L'),(10788,'52','edbjiac','E'),(10789,'52','edbjiad','E'),(10790,'52','edbjiae','L'),(10791,'52','edbjiaf','V'),(10792,'52','edbjiag','E'),(10793,'52','edbjiah','V'),(10794,'52','edbjiai','E'),(10795,'52','edbjiaj','L'),(10796,'52','edbjiba','V'),(10797,'52','edbjibb','V'),(10798,'52','edbjibc','L'),(10799,'52','edcacee','E'),(10800,'52','edcacef','L'),(10801,'52','edbjhih','V'),(10802,'52','edbjhii','L'),(10803,'52','edbjhij','V'),(10804,'52','edbjhja','V'),(10805,'52','edbjhjb','V'),(10806,'52','edbjhjc','L'),(10807,'52','edbjhjd','V'),(10808,'52','edbjhje','E'),(10809,'52','edbjhjf','V'),(10810,'52','edbjhjg','V'),(10811,'52','edbjhjh','L'),(10812,'52','edbjhji','L'),(10813,'52','edbjhjj','V'),(10814,'52','edcacec','V'),(10815,'52','edcaced','E'),(10816,'52','edbjhhe','E'),(10817,'52','edbjhhf','L'),(10818,'52','edbjhhg','L'),(10819,'52','edbjhhh','E'),(10820,'52','edbjhhi','E'),(10821,'52','edbjhhj','V'),(10822,'52','edbjhia','E'),(10823,'52','edbjhib','L'),(10824,'52','edbjhic','L'),(10825,'52','edbjhid','V'),(10826,'52','edbjhie','L'),(10827,'52','edbjhif','E'),(10828,'52','edbjhig','L'),(10829,'52','edcacea','V'),(10830,'52','edcaceb','E'),(10831,'52','edbjhgb','V'),(10832,'52','edbjhgc','L'),(10833,'52','edbjhgd','L'),(10834,'52','edbjhge','V'),(10835,'52','edbjhgf','E'),(10836,'52','edbjhgg','V'),(10837,'52','edbjhgh','L'),(10838,'52','edbjhgi','E'),(10839,'52','edbjhgj','E'),(10840,'52','edbjhha','L'),(10841,'52','edbjhhb','L'),(10842,'52','edbjhhc','V'),(10843,'52','edbjhhd','E'),(10844,'52','edcacdi','L'),(10845,'52','edcacdj','E'),(10846,'52','edbjhei','V'),(10847,'52','edbjhej','L'),(10848,'52','edbjhfa','V'),(10849,'52','edbjhfb','L'),(10850,'52','edbjhfc','L'),(10851,'52','edbjhfd','L'),(10852,'52','edbjhfe','V'),(10853,'52','edbjhff','L'),(10854,'52','edbjhfg','V'),(10855,'52','edbjhfh','V'),(10856,'52','edbjhfi','L'),(10857,'52','edbjhfj','V'),(10858,'52','edbjhga','L'),(10859,'52','edcacdg','E'),(10860,'52','edcacdh','E'),(10861,'52','edbjhdf','E'),(10862,'52','edbjhdg','L'),(10863,'52','edbjhdh','L'),(10864,'52','edbjhdi','E'),(10865,'52','edbjhdj','V'),(10866,'52','edbjhea','V'),(10867,'52','edbjheb','L'),(10868,'52','edbjhec','V'),(10869,'52','edbjhed','L'),(10870,'52','edbjhee','L'),(10871,'52','edbjhef','E'),(10872,'52','edbjheg','L'),(10873,'52','edbjheh','L'),(10874,'52','edcacde','L'),(10875,'52','edcacdf','E'),(10876,'52','edbjhcc','L'),(10877,'52','edbjhcd','E'),(10878,'52','edbjhce','L'),(10879,'52','edbjhcf','L'),(10880,'52','edbjhcg','L'),(10881,'52','edbjhch','E'),(10882,'52','edbjhci','L'),(10883,'52','edbjhcj','E'),(10884,'52','edbjhda','V'),(10885,'52','edbjhdb','V'),(10886,'52','edbjhdc','V'),(10887,'52','edbjhdd','L'),(10888,'52','edbjhde','V'),(10889,'52','edcacdc','L'),(10890,'52','edcacdd','V'),(10891,'52','edbjhaj','E'),(10892,'52','edbjhba','L'),(10893,'52','edbjhbb','L'),(10894,'52','edbjhbc','L'),(10895,'52','edbjhbd','V'),(10896,'52','edbjhbe','E'),(10897,'52','edbjhbf','E'),(10898,'52','edbjhbg','V'),(10899,'52','edbjhbh','E'),(10900,'52','edbjhbi','E'),(10901,'52','edbjhbj','E'),(10902,'52','edbjhca','V'),(10903,'52','edbjhcb','L'),(10904,'52','edcacda','L'),(10905,'52','edcacdb','E'),(10906,'52','edbjgjg','E'),(10907,'52','edbjgjh','L'),(10908,'52','edbjgji','L'),(10909,'52','edbjgjj','V'),(10910,'52','edbjhaa','E'),(10911,'52','edbjhab','L'),(10912,'52','edbjhac','L'),(10913,'52','edbjhad','E'),(10914,'52','edbjhae','V'),(10915,'52','edbjhaf','V'),(10916,'52','edbjhag','V'),(10917,'52','edbjhah','E'),(10918,'52','edbjhai','E'),(10919,'52','edcacci','V'),(10920,'52','edcaccj','E'),(10921,'1','edcacch','E'),(10922,'1','edbjgig','E'),(10923,'1','edbjgje','E'),(10924,'1','edbjgid','E'),(10925,'1','edbjgih','E'),(10926,'1','edcaccg','V'),(10927,'1','edbjgie','L'),(10928,'1','edbjgjd','E'),(10929,'1','edbjgif','V'),(10930,'1','edbjgjb','L'),(10931,'1','edbjgjf','E'),(10932,'1','edbjgij','V'),(10933,'1','edbjgja','L'),(10934,'1','edbjgii','E'),(10935,'1','edbjgjc','V'),(10936,'2','edcacch','E'),(10937,'2','edbjgig','E'),(10938,'2','edbjgje','E'),(10939,'2','edbjgid','E'),(10940,'2','edbjgih','E'),(10941,'2','edcaccg','E'),(10942,'2','edbjgie','E'),(10943,'2','edbjgjd','E'),(10944,'2','edbjgif','E'),(10945,'2','edbjgjb','E'),(10946,'2','edbjgjf','E'),(10947,'2','edbjgij','E'),(10948,'2','edbjgja','E'),(10949,'2','edbjgii','E'),(10950,'2','edbjgjc','E');
/*!40000 ALTER TABLE `predictions` ENABLE KEYS */;
UNLOCK TABLES;

--
-- Table structure for table `users`
--

DROP TABLE IF EXISTS `users`;
/*!40101 SET @saved_cs_client     = @@character_set_client */;
/*!50503 SET character_set_client = utf8mb4 */;
CREATE TABLE `users` (
  `id` varchar(100) NOT NULL,
  `username` varchar(50) NOT NULL,
  `credits` int NOT NULL DEFAULT '5',
  PRIMARY KEY (`id`),
  UNIQUE KEY `username` (`username`)
) ENGINE=InnoDB DEFAULT CHARSET=utf8mb4 COLLATE=utf8mb4_0900_ai_ci;
/*!40101 SET character_set_client = @saved_cs_client */;

--
-- Dumping data for table `users`
--

LOCK TABLES `users` WRITE;
/*!40000 ALTER TABLE `users` DISABLE KEYS */;
INSERT INTO `users` VALUES ('1','testUser',80),('10','bichi.borgui',16),('11','Bocha10',16),('12','jony_leproso',16),('13','luquita.delFortin',16),('14','elPela_deSarmiento',16),('15','clauRojo1975',16),('16','andres.tomba',16),('17','santi_LoboJujeño',16),('18','magoAcademico',16),('19','pepe_ciruja',16),('2','usern2',85),('20','mateoCanalla',16),('21','facu.albo',16),('22','paton_Blanco',16),('23','zurdazo_cervecero',16),('24','el_gaucho_mate',16),('25','fiera.delSur',16),('26','dieguito_ciclon',16),('27','leandro_pincha',16),('28','lautiBichoArg',16),('29','fakuTricolor',16),('3','juan_xeneize',16),('30','rodri.BandaNorte',16),('31','lucas_pirata',16),('32','maty.deTemperley',16),('33','agustin-cerro',16),('34','ferCAI1905',16),('35','elChino_Central',16),('36','marianitoTatengue',16),('37','diego_verdeamarillo',16),('38','kilyRojoFuego',16),('39','pipaMoron',16),('4','laPulga.Messi',16),('40','gaby_gauchito',16),('41','mati_giganteDelSur',16),('42','facu_elFunebrero',16),('43','nazaAlmirante',16),('44','julitoHuracan',16),('45','nico.Lila',16),('46','gonza_Pasion',16),('47','maxi.delViaducto',16),('48','tomyEstudiantesBA',16),('49','luchoAurinegro',16),('5','el_diablito11',16),('50','enano.SanCarlos',16),('51','pedrito.cat',16),('52','franco_deSanMartin',16),('6','romanticoDeBoedo',16),('7','tano-Carp',16),('8','nachoGasperini',16),('9','chaca_firme',16);
/*!40000 ALTER TABLE `users` ENABLE KEYS */;
UNLOCK TABLES;
/*!40103 SET TIME_ZONE=@OLD_TIME_ZONE */;

/*!40101 SET SQL_MODE=@OLD_SQL_MODE */;
/*!40014 SET FOREIGN_KEY_CHECKS=@OLD_FOREIGN_KEY_CHECKS */;
/*!40014 SET UNIQUE_CHECKS=@OLD_UNIQUE_CHECKS */;
/*!40101 SET CHARACTER_SET_CLIENT=@OLD_CHARACTER_SET_CLIENT */;
/*!40101 SET CHARACTER_SET_RESULTS=@OLD_CHARACTER_SET_RESULTS */;
/*!40101 SET COLLATION_CONNECTION=@OLD_COLLATION_CONNECTION */;
/*!40111 SET SQL_NOTES=@OLD_SQL_NOTES */;

-- Dump completed on 2025-08-12 16:15:53
